-- ===========================================================================
-- elearning JTM — Supabase Setup SQL
-- ===========================================================================
-- Run this entire script in: Supabase Dashboard → SQL Editor → New query → Run
-- It creates all 22 tables + indexes and seeds them with dummy data.
-- Idempotent: DROP IF EXISTS at the top makes it safe to re-run.
-- ===========================================================================

BEGIN;

-- ===========================================================================
-- 1. DROP EXISTING (idempotent)
-- ===========================================================================
DROP TABLE IF EXISTS "AIConversation" CASCADE;
DROP TABLE IF EXISTS "AuditLog" CASCADE;
DROP TABLE IF EXISTS "Notification" CASCADE;
DROP TABLE IF EXISTS "UserCompetency" CASCADE;
DROP TABLE IF EXISTS "CourseCompetency" CASCADE;
DROP TABLE IF EXISTS "Competency" CASCADE;
DROP TABLE IF EXISTS "UserBadge" CASCADE;
DROP TABLE IF EXISTS "Badge" CASCADE;
DROP TABLE IF EXISTS "Certificate" CASCADE;
DROP TABLE IF EXISTS "QuizAttempt" CASCADE;
DROP TABLE IF EXISTS "Question" CASCADE;
DROP TABLE IF EXISTS "Quiz" CASCADE;
DROP TABLE IF EXISTS "Progress" CASCADE;
DROP TABLE IF EXISTS "Enrollment" CASCADE;
DROP TABLE IF EXISTS "Content" CASCADE;
DROP TABLE IF EXISTS "Module" CASCADE;
DROP TABLE IF EXISTS "ForumPost" CASCADE;
DROP TABLE IF EXISTS "ForumThread" CASCADE;
DROP TABLE IF EXISTS "Course" CASCADE;
DROP TABLE IF EXISTS "CourseCategory" CASCADE;
DROP TABLE IF EXISTS "User" CASCADE;
DROP TABLE IF EXISTS "Campus" CASCADE;

-- ===========================================================================
-- 2. CREATE TABLES
-- ===========================================================================
CREATE TABLE "Campus" (
  id            TEXT PRIMARY KEY,
  code          TEXT UNIQUE NOT NULL,
  name          TEXT NOT NULL,
  "nameEn"      TEXT,
  state         TEXT NOT NULL,
  region        TEXT NOT NULL,
  address       TEXT,
  phone         TEXT,
  email         TEXT,
  status        TEXT NOT NULL DEFAULT 'active',
  "establishedAt" TEXT,
  metadata      JSONB DEFAULT '{}',
  "createdAt"   TIMESTAMPTZ NOT NULL DEFAULT now(),
  "updatedAt"   TIMESTAMPTZ NOT NULL DEFAULT now()
);
CREATE TABLE "User" (
  id              TEXT PRIMARY KEY,
  email           TEXT UNIQUE NOT NULL,
  name            TEXT NOT NULL,
  "avatarUrl"     TEXT,
  role            TEXT NOT NULL DEFAULT 'pelajar',
  "campusId"      TEXT REFERENCES "Campus"(id) ON DELETE SET NULL,
  "ssoProvider"   TEXT NOT NULL DEFAULT 'mydigital_id',
  "ssoSubject"    TEXT,
  status          TEXT NOT NULL DEFAULT 'active',
  "lastSignInAt"  TIMESTAMPTZ,
  phone           TEXT,
  "icNumber"      TEXT,
  "employeeId"    TEXT,
  "preferredLang" TEXT NOT NULL DEFAULT 'ms',
  metadata        JSONB DEFAULT '{}',
  points          INT NOT NULL DEFAULT 0,
  streak          INT NOT NULL DEFAULT 0,
  "createdAt"     TIMESTAMPTZ NOT NULL DEFAULT now(),
  "updatedAt"     TIMESTAMPTZ NOT NULL DEFAULT now()
);
CREATE TABLE "CourseCategory" (
  id          TEXT PRIMARY KEY,
  name        TEXT NOT NULL,
  "nameEn"    TEXT,
  slug        TEXT UNIQUE NOT NULL,
  icon        TEXT,
  color       TEXT,
  description TEXT,
  "createdAt" TIMESTAMPTZ NOT NULL DEFAULT now()
);
CREATE TABLE "Course" (
  id             TEXT PRIMARY KEY,
  code           TEXT UNIQUE NOT NULL,
  title          TEXT NOT NULL,
  "titleEn"      TEXT,
  description    TEXT NOT NULL,
  "categoryId"   TEXT REFERENCES "CourseCategory"(id) ON DELETE SET NULL,
  "campusId"     TEXT NOT NULL REFERENCES "Campus"(id) ON DELETE RESTRICT,
  "instructorId" TEXT REFERENCES "User"(id) ON DELETE SET NULL,
  level          TEXT NOT NULL DEFAULT 'beginner',
  format         TEXT NOT NULL DEFAULT 'blended',
  "durationHours" INT NOT NULL DEFAULT 0,
  "durationDays"  INT NOT NULL DEFAULT 0,
  credits        INT NOT NULL DEFAULT 0,
  price          DOUBLE PRECISION NOT NULL DEFAULT 0,
  currency       TEXT NOT NULL DEFAULT 'MYR',
  quota          INT NOT NULL DEFAULT 30,
  "enrolledCount" INT NOT NULL DEFAULT 0,
  rating         DOUBLE PRECISION NOT NULL DEFAULT 0,
  "ratingCount"  INT NOT NULL DEFAULT 0,
  "coverColor"   TEXT NOT NULL DEFAULT 'emerald',
  "coverIcon"    TEXT NOT NULL DEFAULT 'book-open',
  tags           JSONB DEFAULT '[]',
  status         TEXT NOT NULL DEFAULT 'published',
  "startDate"    TEXT,
  "endDate"      TEXT,
  "createdAt"    TIMESTAMPTZ NOT NULL DEFAULT now(),
  "updatedAt"    TIMESTAMPTZ NOT NULL DEFAULT now()
);
CREATE TABLE "Module" (
  id          TEXT PRIMARY KEY,
  "courseId"  TEXT NOT NULL REFERENCES "Course"(id) ON DELETE CASCADE,
  title       TEXT NOT NULL,
  description TEXT,
  "order"     INT NOT NULL DEFAULT 0,
  "durationMin" INT NOT NULL DEFAULT 0,
  "isLocked"  BOOLEAN NOT NULL DEFAULT false,
  "createdAt" TIMESTAMPTZ NOT NULL DEFAULT now(),
  "updatedAt" TIMESTAMPTZ NOT NULL DEFAULT now()
);
CREATE TABLE "Content" (
  id              TEXT PRIMARY KEY,
  "moduleId"      TEXT NOT NULL REFERENCES "Module"(id) ON DELETE CASCADE,
  title           TEXT NOT NULL,
  type            TEXT NOT NULL DEFAULT 'video',
  url             TEXT,
  "durationSec"   INT NOT NULL DEFAULT 0,
  "sizeKb"        INT NOT NULL DEFAULT 0,
  description     TEXT,
  "isDownloadable" BOOLEAN NOT NULL DEFAULT true,
  "createdAt"     TIMESTAMPTZ NOT NULL DEFAULT now()
);
CREATE TABLE "Enrollment" (
  id            TEXT PRIMARY KEY,
  "userId"      TEXT NOT NULL REFERENCES "User"(id) ON DELETE CASCADE,
  "courseId"    TEXT NOT NULL REFERENCES "Course"(id) ON DELETE RESTRICT,
  "campusId"    TEXT NOT NULL REFERENCES "Campus"(id) ON DELETE RESTRICT,
  status        TEXT NOT NULL DEFAULT 'active',
  "progressPct" INT NOT NULL DEFAULT 0,
  "enrolledAt"  TIMESTAMPTZ NOT NULL DEFAULT now(),
  "completedAt" TIMESTAMPTZ,
  "finalScore"  DOUBLE PRECISION,
  "createdAt"   TIMESTAMPTZ NOT NULL DEFAULT now(),
  "updatedAt"   TIMESTAMPTZ NOT NULL DEFAULT now()
);
CREATE TABLE "Progress" (
  id              TEXT PRIMARY KEY,
  "enrollmentId"  TEXT NOT NULL REFERENCES "Enrollment"(id) ON DELETE CASCADE,
  "userId"        TEXT NOT NULL REFERENCES "User"(id) ON DELETE CASCADE,
  "contentId"     TEXT NOT NULL REFERENCES "Content"(id) ON DELETE CASCADE,
  status          TEXT NOT NULL DEFAULT 'not_started',
  "timeSpentSec"  INT NOT NULL DEFAULT 0,
  score           DOUBLE PRECISION,
  "completedAt"   TIMESTAMPTZ,
  "updatedAt"     TIMESTAMPTZ NOT NULL DEFAULT now(),
  UNIQUE ("enrollmentId", "contentId")
);
CREATE TABLE "Quiz" (
  id              TEXT PRIMARY KEY,
  "courseId"      TEXT NOT NULL REFERENCES "Course"(id) ON DELETE CASCADE,
  "moduleId"      TEXT,
  title           TEXT NOT NULL,
  description     TEXT,
  "questionCount" INT NOT NULL DEFAULT 0,
  "passMark"      DOUBLE PRECISION NOT NULL DEFAULT 60,
  "timeLimitMin"  INT NOT NULL DEFAULT 30,
  "maxAttempts"   INT NOT NULL DEFAULT 3,
  weight          DOUBLE PRECISION NOT NULL DEFAULT 1,
  "createdAt"     TIMESTAMPTZ NOT NULL DEFAULT now()
);
CREATE TABLE "Question" (
  id              TEXT PRIMARY KEY,
  "quizId"        TEXT NOT NULL REFERENCES "Quiz"(id) ON DELETE CASCADE,
  type            TEXT NOT NULL DEFAULT 'mcq',
  text            TEXT NOT NULL,
  options         JSONB NOT NULL DEFAULT '[]',
  "correctAnswer" JSONB,
  explanation     TEXT,
  marks           DOUBLE PRECISION NOT NULL DEFAULT 1,
  "order"         INT NOT NULL DEFAULT 0
);
CREATE TABLE "QuizAttempt" (
  id              TEXT PRIMARY KEY,
  "quizId"        TEXT NOT NULL REFERENCES "Quiz"(id) ON DELETE RESTRICT,
  "enrollmentId"  TEXT NOT NULL REFERENCES "Enrollment"(id) ON DELETE CASCADE,
  "userId"        TEXT NOT NULL REFERENCES "User"(id) ON DELETE CASCADE,
  answers         JSONB NOT NULL DEFAULT '{}',
  score           DOUBLE PRECISION NOT NULL DEFAULT 0,
  "maxScore"      DOUBLE PRECISION NOT NULL DEFAULT 0,
  percentage      DOUBLE PRECISION NOT NULL DEFAULT 0,
  passed          BOOLEAN NOT NULL DEFAULT false,
  "startedAt"     TIMESTAMPTZ NOT NULL DEFAULT now(),
  "submittedAt"   TIMESTAMPTZ
);
CREATE TABLE "ForumThread" (
  id          TEXT PRIMARY KEY,
  "courseId"  TEXT REFERENCES "Course"(id) ON DELETE SET NULL,
  "userId"    TEXT NOT NULL REFERENCES "User"(id) ON DELETE CASCADE,
  title       TEXT NOT NULL,
  body        TEXT NOT NULL,
  tags        JSONB DEFAULT '[]',
  views       INT NOT NULL DEFAULT 0,
  "isPinned"  BOOLEAN NOT NULL DEFAULT false,
  "isResolved" BOOLEAN NOT NULL DEFAULT false,
  "createdAt" TIMESTAMPTZ NOT NULL DEFAULT now(),
  "updatedAt" TIMESTAMPTZ NOT NULL DEFAULT now()
);
CREATE TABLE "ForumPost" (
  id          TEXT PRIMARY KEY,
  "threadId"  TEXT NOT NULL REFERENCES "ForumThread"(id) ON DELETE CASCADE,
  "userId"    TEXT NOT NULL REFERENCES "User"(id) ON DELETE CASCADE,
  body        TEXT NOT NULL,
  likes       INT NOT NULL DEFAULT 0,
  "isAnswer"  BOOLEAN NOT NULL DEFAULT false,
  "createdAt" TIMESTAMPTZ NOT NULL DEFAULT now(),
  "updatedAt" TIMESTAMPTZ NOT NULL DEFAULT now()
);
CREATE TABLE "Certificate" (
  id              TEXT PRIMARY KEY,
  "certNumber"    TEXT UNIQUE NOT NULL,
  "userId"        TEXT NOT NULL REFERENCES "User"(id) ON DELETE RESTRICT,
  "courseId"      TEXT NOT NULL REFERENCES "Course"(id) ON DELETE RESTRICT,
  "campusId"      TEXT NOT NULL REFERENCES "Campus"(id) ON DELETE RESTRICT,
  "enrollmentId"  TEXT UNIQUE NOT NULL REFERENCES "Enrollment"(id) ON DELETE RESTRICT,
  "verifyCode"    TEXT UNIQUE NOT NULL,
  title           TEXT NOT NULL,
  "recipientName" TEXT NOT NULL,
  "recipientIc"   TEXT,
  score           DOUBLE PRECISION NOT NULL,
  grade           TEXT NOT NULL,
  "issuedAt"      TIMESTAMPTZ NOT NULL DEFAULT now(),
  "expiryAt"      TIMESTAMPTZ,
  status          TEXT NOT NULL DEFAULT 'valid',
  signature       TEXT NOT NULL DEFAULT 'Jabatan Tenaga Manusia (JTM)',
  "createdAt"     TIMESTAMPTZ NOT NULL DEFAULT now()
);
CREATE TABLE "Badge" (
  id          TEXT PRIMARY KEY,
  code        TEXT UNIQUE NOT NULL,
  name        TEXT NOT NULL,
  "nameEn"    TEXT,
  description TEXT NOT NULL,
  icon        TEXT NOT NULL DEFAULT 'award',
  color       TEXT NOT NULL DEFAULT 'amber',
  criteria    JSONB NOT NULL,
  issuer      TEXT NOT NULL DEFAULT 'Jabatan Tenaga Manusia',
  "createdAt" TIMESTAMPTZ NOT NULL DEFAULT now()
);
CREATE TABLE "UserBadge" (
  id         TEXT PRIMARY KEY,
  "userId"   TEXT NOT NULL REFERENCES "User"(id) ON DELETE CASCADE,
  "badgeId"  TEXT NOT NULL REFERENCES "Badge"(id) ON DELETE RESTRICT,
  "awardedAt" TIMESTAMPTZ NOT NULL DEFAULT now(),
  evidence   JSONB,
  UNIQUE ("userId", "badgeId")
);
CREATE TABLE "Competency" (
  id          TEXT PRIMARY KEY,
  code        TEXT UNIQUE NOT NULL,
  name        TEXT NOT NULL,
  "nameEn"    TEXT,
  framework   TEXT NOT NULL DEFAULT 'SKM',
  level       INT NOT NULL DEFAULT 1,
  sector      TEXT,
  description TEXT,
  "createdAt" TIMESTAMPTZ NOT NULL DEFAULT now()
);
CREATE TABLE "CourseCompetency" (
  id              TEXT PRIMARY KEY,
  "courseId"      TEXT NOT NULL REFERENCES "Course"(id) ON DELETE CASCADE,
  "competencyId"  TEXT NOT NULL REFERENCES "Competency"(id) ON DELETE CASCADE,
  weight          DOUBLE PRECISION NOT NULL DEFAULT 1,
  UNIQUE ("courseId", "competencyId")
);
CREATE TABLE "UserCompetency" (
  id              TEXT PRIMARY KEY,
  "userId"        TEXT NOT NULL REFERENCES "User"(id) ON DELETE CASCADE,
  "competencyId"  TEXT NOT NULL REFERENCES "Competency"(id) ON DELETE CASCADE,
  status          TEXT NOT NULL DEFAULT 'in_progress',
  "achievedAt"    TIMESTAMPTZ,
  evidence        JSONB,
  "createdAt"     TIMESTAMPTZ NOT NULL DEFAULT now(),
  "updatedAt"     TIMESTAMPTZ NOT NULL DEFAULT now(),
  UNIQUE ("userId", "competencyId")
);
CREATE TABLE "Notification" (
  id        TEXT PRIMARY KEY,
  "userId"  TEXT NOT NULL REFERENCES "User"(id) ON DELETE CASCADE,
  type      TEXT NOT NULL DEFAULT 'info',
  title     TEXT NOT NULL,
  message   TEXT NOT NULL,
  link      TEXT,
  read      BOOLEAN NOT NULL DEFAULT false,
  "createdAt" TIMESTAMPTZ NOT NULL DEFAULT now()
);
CREATE TABLE "AuditLog" (
  id        TEXT PRIMARY KEY,
  "userId"  TEXT REFERENCES "User"(id) ON DELETE SET NULL,
  "campusId" TEXT REFERENCES "Campus"(id) ON DELETE SET NULL,
  action    TEXT NOT NULL,
  entity    TEXT,
  "entityId" TEXT,
  details   JSONB DEFAULT '{}',
  ip        TEXT,
  "createdAt" TIMESTAMPTZ NOT NULL DEFAULT now()
);
CREATE TABLE "AIConversation" (
  id        TEXT PRIMARY KEY,
  "userId"  TEXT NOT NULL REFERENCES "User"(id) ON DELETE CASCADE,
  "courseId" TEXT,
  title     TEXT,
  messages  JSONB NOT NULL DEFAULT '[]',
  "createdAt" TIMESTAMPTZ NOT NULL DEFAULT now(),
  "updatedAt" TIMESTAMPTZ NOT NULL DEFAULT now()
);

-- Indexes for common queries
CREATE INDEX "idx_User_campusId" ON "User" ("campusId");
CREATE INDEX "idx_User_role" ON "User" (role);
CREATE INDEX "idx_Course_campusId" ON "Course" ("campusId");
CREATE INDEX "idx_Course_categoryId" ON "Course" ("categoryId");
CREATE INDEX "idx_Course_status" ON "Course" (status);
CREATE INDEX "idx_Enrollment_userId" ON "Enrollment" ("userId");
CREATE INDEX "idx_Enrollment_courseId" ON "Enrollment" ("courseId");
CREATE INDEX "idx_Enrollment_campusId" ON "Enrollment" ("campusId");
CREATE INDEX "idx_Progress_enrollmentId" ON "Progress" ("enrollmentId");
CREATE INDEX "idx_Progress_userId" ON "Progress" ("userId");
CREATE INDEX "idx_Certificate_userId" ON "Certificate" ("userId");
CREATE INDEX "idx_ForumThread_courseId" ON "ForumThread" ("courseId");
CREATE INDEX "idx_ForumPost_threadId" ON "ForumPost" ("threadId");
CREATE INDEX "idx_Notification_userId" ON "Notification" ("userId");
CREATE INDEX "idx_AuditLog_campusId" ON "AuditLog" ("campusId");
CREATE INDEX "idx_AIConversation_userId" ON "AIConversation" ("userId");

-- ===========================================================================
-- 3. SEED DATA
-- ===========================================================================
-- Campuses (34)
INSERT INTO "Campus" (id, code, name, "nameEn", state, region, address, phone, email, status, "establishedAt", metadata, "createdAt", "updatedAt") VALUES ('seed_39uy0676oy', 'JTM-HQ', 'Ibu Pejabat JTM', 'Headquarters JTM', 'Wilayah Persekutuan Putrajaya', 'Tengah', 'Ibu Pejabat JTM, Wilayah Persekutuan Putrajaya, Malaysia', '+608-5945508', 'info@jtm-hq.jtm.gov.my', 'active', '1992', '{"capacity":310,"workshops":10,"rating":4.3}', now(), now());
INSERT INTO "Campus" (id, code, name, "nameEn", state, region, address, phone, email, status, "establishedAt", metadata, "createdAt", "updatedAt") VALUES ('seed_d2wugb6gke', 'ADTEC-SA', 'ADTEC Shah Alam', 'ADTEC Shah Alam', 'Selangor', 'Tengah', 'ADTEC Shah Alam, Selangor, Malaysia', '+605-6762142', 'info@adtec-sa.jtm.gov.my', 'active', '1998', '{"capacity":415,"workshops":16,"rating":4.3}', now(), now());
INSERT INTO "Campus" (id, code, name, "nameEn", state, region, address, phone, email, status, "establishedAt", metadata, "createdAt", "updatedAt") VALUES ('seed_easf1g4whj', 'ADTEC-PG', 'ADTEC Pasir Gudang', 'ADTEC Pasir Gudang', 'Johor', 'Selatan', 'ADTEC Pasir Gudang, Johor, Malaysia', '+605-3982929', 'info@adtec-pg.jtm.gov.my', 'active', '1999', '{"capacity":471,"workshops":14,"rating":4.1}', now(), now());
INSERT INTO "Campus" (id, code, name, "nameEn", state, region, address, phone, email, status, "establishedAt", metadata, "createdAt", "updatedAt") VALUES ('seed_flpdjl3iho', 'ADTEC-KT', 'ADTEC Taiping', 'ADTEC Taiping', 'Perak', 'Utara', 'ADTEC Taiping, Perak, Malaysia', '+607-5274232', 'info@adtec-kt.jtm.gov.my', 'active', '2000', '{"capacity":454,"workshops":15,"rating":4.1}', now(), now());
INSERT INTO "Campus" (id, code, name, "nameEn", state, region, address, phone, email, status, "establishedAt", metadata, "createdAt", "updatedAt") VALUES ('seed_dr1axm7kra', 'ADTEC-KB', 'ADTEC Kemaman', 'ADTEC Kemaman', 'Terengganu', 'Timur', 'ADTEC Kemaman, Terengganu, Malaysia', '+606-1394746', 'info@adtec-kb.jtm.gov.my', 'active', '2001', '{"capacity":401,"workshops":9,"rating":5}', now(), now());
INSERT INTO "Campus" (id, code, name, "nameEn", state, region, address, phone, email, status, "establishedAt", metadata, "createdAt", "updatedAt") VALUES ('seed_9wh01n51lv', 'ADTEC-KCH', 'ADTEC Kuching', 'ADTEC Kuching', 'Sarawak', 'Sabah', 'ADTEC Kuching, Sarawak, Malaysia', '+609-3553776', 'info@adtec-kch.jtm.gov.my', 'active', '2002', '{"capacity":276,"workshops":10,"rating":4.4}', now(), now());
INSERT INTO "Campus" (id, code, name, "nameEn", state, region, address, phone, email, status, "establishedAt", metadata, "createdAt", "updatedAt") VALUES ('seed_ryi24ou8o8', 'ADTEC-KK', 'ADTEC Kota Kinabalu', 'ADTEC Kota Kinabalu', 'Sabah', 'Sabah', 'ADTEC Kota Kinabalu, Sabah, Malaysia', '+609-4786123', 'info@adtec-kk.jtm.gov.my', 'active', '2002', '{"capacity":328,"workshops":9,"rating":4.1}', now(), now());
INSERT INTO "Campus" (id, code, name, "nameEn", state, region, address, phone, email, status, "establishedAt", metadata, "createdAt", "updatedAt") VALUES ('seed_n45y5hgap9', 'ADTEC-BDR', 'ADTEC Bandar Penawar', 'ADTEC Bandar Penawar', 'Johor', 'Selatan', 'ADTEC Bandar Penawar, Johor, Malaysia', '+605-8640774', 'info@adtec-bdr.jtm.gov.my', 'active', '2003', '{"capacity":275,"workshops":10,"rating":4.4}', now(), now());
INSERT INTO "Campus" (id, code, name, "nameEn", state, region, address, phone, email, status, "establishedAt", metadata, "createdAt", "updatedAt") VALUES ('seed_cgl9mzv2oj', 'ADTEC-MLK', 'ADTEC Melaka', 'ADTEC Melaka', 'Melaka', 'Selatan', 'ADTEC Melaka, Melaka, Malaysia', '+607-5665706', 'info@adtec-mlk.jtm.gov.my', 'active', '2004', '{"capacity":504,"workshops":20,"rating":4.4}', now(), now());
INSERT INTO "Campus" (id, code, name, "nameEn", state, region, address, phone, email, status, "establishedAt", metadata, "createdAt", "updatedAt") VALUES ('seed_nsto8ktrxu', 'ADTEC-BTU', 'ADTEC Batu Pahat', 'ADTEC Batu Pahat', 'Johor', 'Selatan', 'ADTEC Batu Pahat, Johor, Malaysia', '+609-8830067', 'info@adtec-btu.jtm.gov.my', 'active', '2004', '{"capacity":366,"workshops":15,"rating":4.9}', now(), now());
INSERT INTO "Campus" (id, code, name, "nameEn", state, region, address, phone, email, status, "establishedAt", metadata, "createdAt", "updatedAt") VALUES ('seed_wyl14s03uv', 'ADTEC-SPR', 'ADTEC Sepang', 'ADTEC Sepang', 'Selangor', 'Tengah', 'ADTEC Sepang, Selangor, Malaysia', '+604-7721810', 'info@adtec-spr.jtm.gov.my', 'active', '2005', '{"capacity":335,"workshops":14,"rating":4.9}', now(), now());
INSERT INTO "Campus" (id, code, name, "nameEn", state, region, address, phone, email, status, "establishedAt", metadata, "createdAt", "updatedAt") VALUES ('seed_5jq8o5bo96', 'ADTEC-IPOH', 'ADTEC Ipoh', 'ADTEC Ipoh', 'Perak', 'Utara', 'ADTEC Ipoh, Perak, Malaysia', '+605-8673048', 'info@adtec-ipoh.jtm.gov.my', 'active', '2005', '{"capacity":306,"workshops":14,"rating":3.9}', now(), now());
INSERT INTO "Campus" (id, code, name, "nameEn", state, region, address, phone, email, status, "establishedAt", metadata, "createdAt", "updatedAt") VALUES ('seed_2u2ynx3qot', 'ADTEC-PN', 'ADTEC Pulau Pinang', 'ADTEC Pulau Pinang', 'Pulau Pinang', 'Utara', 'ADTEC Pulau Pinang, Pulau Pinang, Malaysia', '+604-8406601', 'info@adtec-pn.jtm.gov.my', 'active', '2006', '{"capacity":425,"workshops":9,"rating":4.4}', now(), now());
INSERT INTO "Campus" (id, code, name, "nameEn", state, region, address, phone, email, status, "establishedAt", metadata, "createdAt", "updatedAt") VALUES ('seed_9z57ehhkaf', 'ADTEC-KLT', 'ADTEC Kulim', 'ADTEC Kulim', 'Kedah', 'Utara', 'ADTEC Kulim, Kedah, Malaysia', '+605-8904488', 'info@adtec-klt.jtm.gov.my', 'active', '2006', '{"capacity":362,"workshops":12,"rating":5}', now(), now());
INSERT INTO "Campus" (id, code, name, "nameEn", state, region, address, phone, email, status, "establishedAt", metadata, "createdAt", "updatedAt") VALUES ('seed_g93z7sap1w', 'ADTEC-KTN', 'ADTEC Kota Bharu', 'ADTEC Kota Bharu', 'Kelantan', 'Timur', 'ADTEC Kota Bharu, Kelantan, Malaysia', '+609-5713172', 'info@adtec-ktn.jtm.gov.my', 'active', '2007', '{"capacity":356,"workshops":18,"rating":4.9}', now(), now());
INSERT INTO "Campus" (id, code, name, "nameEn", state, region, address, phone, email, status, "establishedAt", metadata, "createdAt", "updatedAt") VALUES ('seed_3555iwre23', 'ADTEC-KUA', 'ADTEC Kuala Terengganu', 'ADTEC Kuala Terengganu', 'Terengganu', 'Timur', 'ADTEC Kuala Terengganu, Terengganu, Malaysia', '+608-9839043', 'info@adtec-kua.jtm.gov.my', 'active', '2007', '{"capacity":483,"workshops":14,"rating":4.9}', now(), now());
INSERT INTO "Campus" (id, code, name, "nameEn", state, region, address, phone, email, status, "establishedAt", metadata, "createdAt", "updatedAt") VALUES ('seed_co4j39sfdc', 'ADTEC-SBN', 'ADTEC Seremban', 'ADTEC Seremban', 'Negeri Sembilan', 'Tengah', 'ADTEC Seremban, Negeri Sembilan, Malaysia', '+608-2039174', 'info@adtec-sbn.jtm.gov.my', 'active', '2008', '{"capacity":448,"workshops":12,"rating":4}', now(), now());
INSERT INTO "Campus" (id, code, name, "nameEn", state, region, address, phone, email, status, "establishedAt", metadata, "createdAt", "updatedAt") VALUES ('seed_fu7lsny7qi', 'ADTEC-PKN', 'ADTEC Pekan', 'ADTEC Pekan', 'Pahang', 'Timur', 'ADTEC Pekan, Pahang, Malaysia', '+603-9599384', 'info@adtec-pkn.jtm.gov.my', 'active', '2008', '{"capacity":411,"workshops":12,"rating":4.2}', now(), now());
INSERT INTO "Campus" (id, code, name, "nameEn", state, region, address, phone, email, status, "establishedAt", metadata, "createdAt", "updatedAt") VALUES ('seed_6oiuvmxxh7', 'ADTEC-KTN2', 'ADTEC Kuantan', 'ADTEC Kuantan', 'Pahang', 'Timur', 'ADTEC Kuantan, Pahang, Malaysia', '+604-8047290', 'info@adtec-ktn2.jtm.gov.my', 'active', '2009', '{"capacity":252,"workshops":10,"rating":4.8}', now(), now());
INSERT INTO "Campus" (id, code, name, "nameEn", state, region, address, phone, email, status, "establishedAt", metadata, "createdAt", "updatedAt") VALUES ('seed_8vspea7ok8', 'ADTEC-MR', 'ADTEC Maran', 'ADTEC Maran', 'Pahang', 'Timur', 'ADTEC Maran, Pahang, Malaysia', '+606-9081831', 'info@adtec-mr.jtm.gov.my', 'active', '2009', '{"capacity":380,"workshops":8,"rating":4.1}', now(), now());
INSERT INTO "Campus" (id, code, name, "nameEn", state, region, address, phone, email, status, "establishedAt", metadata, "createdAt", "updatedAt") VALUES ('seed_kxfrvvjp2y', 'ADTEC-SRG', 'ADTEC Sungai Petani', 'ADTEC Sungai Petani', 'Kedah', 'Utara', 'ADTEC Sungai Petani, Kedah, Malaysia', '+603-4019750', 'info@adtec-srg.jtm.gov.my', 'active', '2010', '{"capacity":488,"workshops":20,"rating":4.6}', now(), now());
INSERT INTO "Campus" (id, code, name, "nameEn", state, region, address, phone, email, status, "establishedAt", metadata, "createdAt", "updatedAt") VALUES ('seed_ezt3m665br', 'ADTEC-AOR', 'ADTEC Alor Setar', 'ADTEC Alor Setar', 'Kedah', 'Utara', 'ADTEC Alor Setar, Kedah, Malaysia', '+605-6148373', 'info@adtec-aor.jtm.gov.my', 'active', '2010', '{"capacity":468,"workshops":17,"rating":4.6}', now(), now());
INSERT INTO "Campus" (id, code, name, "nameEn", state, region, address, phone, email, status, "establishedAt", metadata, "createdAt", "updatedAt") VALUES ('seed_4uwv7xrk1m', 'ADTEC-KGR', 'ADTEC Kangar', 'ADTEC Kangar', 'Perlis', 'Utara', 'ADTEC Kangar, Perlis, Malaysia', '+604-5423786', 'info@adtec-kgr.jtm.gov.my', 'active', '2011', '{"capacity":281,"workshops":10,"rating":4.3}', now(), now());
INSERT INTO "Campus" (id, code, name, "nameEn", state, region, address, phone, email, status, "establishedAt", metadata, "createdAt", "updatedAt") VALUES ('seed_exqbmhs8ho', 'ADTEC-TM', 'ADTEC Temerloh', 'ADTEC Temerloh', 'Pahang', 'Timur', 'ADTEC Temerloh, Pahang, Malaysia', '+609-8968559', 'info@adtec-tm.jtm.gov.my', 'active', '2011', '{"capacity":246,"workshops":9,"rating":4}', now(), now());
INSERT INTO "Campus" (id, code, name, "nameEn", state, region, address, phone, email, status, "establishedAt", metadata, "createdAt", "updatedAt") VALUES ('seed_i9xdre8ohx', 'ADTEC-SEG', 'ADTEC Segamat', 'ADTEC Segamat', 'Johor', 'Selatan', 'ADTEC Segamat, Johor, Malaysia', '+606-2820009', 'info@adtec-seg.jtm.gov.my', 'active', '2012', '{"capacity":563,"workshops":15,"rating":4.8}', now(), now());
INSERT INTO "Campus" (id, code, name, "nameEn", state, region, address, phone, email, status, "establishedAt", metadata, "createdAt", "updatedAt") VALUES ('seed_2lmmagdlgf', 'ADTEC-MUR', 'ADTEC Muar', 'ADTEC Muar', 'Johor', 'Selatan', 'ADTEC Muar, Johor, Malaysia', '+607-5033323', 'info@adtec-mur.jtm.gov.my', 'active', '2012', '{"capacity":258,"workshops":13,"rating":4.6}', now(), now());
INSERT INTO "Campus" (id, code, name, "nameEn", state, region, address, phone, email, status, "establishedAt", metadata, "createdAt", "updatedAt") VALUES ('seed_b9zrpprk66', 'ADTEC-KLP', 'ADTEC Kuala Lipis', 'ADTEC Kuala Lipis', 'Pahang', 'Timur', 'ADTEC Kuala Lipis, Pahang, Malaysia', '+609-3918503', 'info@adtec-klp.jtm.gov.my', 'active', '2013', '{"capacity":306,"workshops":9,"rating":4.1}', now(), now());
INSERT INTO "Campus" (id, code, name, "nameEn", state, region, address, phone, email, status, "establishedAt", metadata, "createdAt", "updatedAt") VALUES ('seed_ldb7uabux9', 'ADTEC-SBN2', 'ADTEC Sabak Bernam', 'ADTEC Sabak Bernam', 'Selangor', 'Tengah', 'ADTEC Sabak Bernam, Selangor, Malaysia', '+608-4938066', 'info@adtec-sbn2.jtm.gov.my', 'active', '2013', '{"capacity":474,"workshops":19,"rating":4.5}', now(), now());
INSERT INTO "Campus" (id, code, name, "nameEn", state, region, address, phone, email, status, "establishedAt", metadata, "createdAt", "updatedAt") VALUES ('seed_qfjr7h05i2', 'ADTEC-KLA', 'ADTEC Kuala Langat', 'ADTEC Kuala Langat', 'Selangor', 'Tengah', 'ADTEC Kuala Langat, Selangor, Malaysia', '+604-6080609', 'info@adtec-kla.jtm.gov.my', 'active', '2014', '{"capacity":508,"workshops":17,"rating":4.9}', now(), now());
INSERT INTO "Campus" (id, code, name, "nameEn", state, region, address, phone, email, status, "establishedAt", metadata, "createdAt", "updatedAt") VALUES ('seed_ydmfp9hceb', 'ADTEC-HPT', 'ADTEC Hulu Perak', 'ADTEC Hulu Perak', 'Perak', 'Utara', 'ADTEC Hulu Perak, Perak, Malaysia', '+603-7896519', 'info@adtec-hpt.jtm.gov.my', 'active', '2014', '{"capacity":314,"workshops":19,"rating":4.4}', now(), now());
INSERT INTO "Campus" (id, code, name, "nameEn", state, region, address, phone, email, status, "establishedAt", metadata, "createdAt", "updatedAt") VALUES ('seed_nfd28x1qrz', 'ADTEC-BNT', 'ADTEC Bintulu', 'ADTEC Bintulu', 'Sarawak', 'Sabah', 'ADTEC Bintulu, Sarawak, Malaysia', '+605-5940359', 'info@adtec-bnt.jtm.gov.my', 'active', '2015', '{"capacity":580,"workshops":13,"rating":4}', now(), now());
INSERT INTO "Campus" (id, code, name, "nameEn", state, region, address, phone, email, status, "establishedAt", metadata, "createdAt", "updatedAt") VALUES ('seed_n7cfvq4mxg', 'ADTEC-TWN', 'ADTEC Tawau', 'ADTEC Tawau', 'Sabah', 'Sabah', 'ADTEC Tawau, Sabah, Malaysia', '+607-1912762', 'info@adtec-twn.jtm.gov.my', 'active', '2015', '{"capacity":232,"workshops":9,"rating":4}', now(), now());
INSERT INTO "Campus" (id, code, name, "nameEn", state, region, address, phone, email, status, "establishedAt", metadata, "createdAt", "updatedAt") VALUES ('seed_c4ijpe4nz6', 'ADTEC-SB', 'ADTEC Sandakan', 'ADTEC Sandakan', 'Sabah', 'Sabah', 'ADTEC Sandakan, Sabah, Malaysia', '+609-2640790', 'info@adtec-sb.jtm.gov.my', 'active', '2016', '{"capacity":524,"workshops":19,"rating":4.7}', now(), now());
INSERT INTO "Campus" (id, code, name, "nameEn", state, region, address, phone, email, status, "establishedAt", metadata, "createdAt", "updatedAt") VALUES ('seed_jvrtalg0hx', 'ADTEC-LB', 'ADTEC Labuan', 'ADTEC Labuan', 'Wilayah Persekutuan Labuan', 'Sabah', 'ADTEC Labuan, Wilayah Persekutuan Labuan, Malaysia', '+605-4918658', 'info@adtec-lb.jtm.gov.my', 'active', '2016', '{"capacity":292,"workshops":14,"rating":4.8}', now(), now());

-- Course Categories (10)
INSERT INTO "CourseCategory" (id, name, "nameEn", slug, icon, color, description, "createdAt") VALUES ('seed_62627rdw2s', 'Mekatronik', 'Mechatronics', 'mekatronik', 'cog', 'emerald', 'Kategori kursus Mekatronik di bawah JTM.', now());
INSERT INTO "CourseCategory" (id, name, "nameEn", slug, icon, color, description, "createdAt") VALUES ('seed_sa068lroax', 'Elektrik', 'Electrical', 'elektrik', 'zap', 'amber', 'Kategori kursus Elektrik di bawah JTM.', now());
INSERT INTO "CourseCategory" (id, name, "nameEn", slug, icon, color, description, "createdAt") VALUES ('seed_67qzl9luge', 'IT & Multimedia', 'IT & Multimedia', 'it-multimedia', 'code', 'teal', 'Kategori kursus IT & Multimedia di bawah JTM.', now());
INSERT INTO "CourseCategory" (id, name, "nameEn", slug, icon, color, description, "createdAt") VALUES ('seed_c1vyny48ji', 'Automotif', 'Automotive', 'automotif', 'car', 'rose', 'Kategori kursus Automotif di bawah JTM.', now());
INSERT INTO "CourseCategory" (id, name, "nameEn", slug, icon, color, description, "createdAt") VALUES ('seed_0rbkgucy3t', 'Pembuatan', 'Manufacturing', 'pembuatan', 'factory', 'violet', 'Kategori kursus Pembuatan di bawah JTM.', now());
INSERT INTO "CourseCategory" (id, name, "nameEn", slug, icon, color, description, "createdAt") VALUES ('seed_hmu590jphh', 'Elektronik', 'Electronics', 'elektronik', 'cpu', 'emerald', 'Kategori kursus Elektronik di bawah JTM.', now());
INSERT INTO "CourseCategory" (id, name, "nameEn", slug, icon, color, description, "createdAt") VALUES ('seed_t2lv5id9di', 'Pemprosesan Makanan', 'Food Processing', 'makanan', 'utensils', 'amber', 'Kategori kursus Pemprosesan Makanan di bawah JTM.', now());
INSERT INTO "CourseCategory" (id, name, "nameEn", slug, icon, color, description, "createdAt") VALUES ('seed_q3g1o3e0fs', 'Fesyen & Pakaian', 'Fashion & Apparel', 'fesyen', 'shirt', 'rose', 'Kategori kursus Fesyen & Pakaian di bawah JTM.', now());
INSERT INTO "CourseCategory" (id, name, "nameEn", slug, icon, color, description, "createdAt") VALUES ('seed_gnzoa9hm3w', 'Awam & Binaan', 'Civil & Construction', 'binaan', 'building', 'teal', 'Kategori kursus Awam & Binaan di bawah JTM.', now());
INSERT INTO "CourseCategory" (id, name, "nameEn", slug, icon, color, description, "createdAt") VALUES ('seed_gx5fykvi87', 'Pengurusan', 'Management', 'pengurusan', 'briefcase', 'violet', 'Kategori kursus Pengurusan di bawah JTM.', now());

-- Competencies (10)
INSERT INTO "Competency" (id, code, name, framework, level, sector, description, "createdAt") VALUES ('seed_n54tcf2vxo', 'SKM-MEK-301', 'Memasang Dan Mencuba Sistem Mekatronik', 'SKM', 3, 'Mekatronik', 'Standard kompetensi SKM-MEK-301 (SKM Tahap 3).', now());
INSERT INTO "Competency" (id, code, name, framework, level, sector, description, "createdAt") VALUES ('seed_wyv1m3hcih', 'SKM-MEK-302', 'Menyelenggara Sistem Automasi', 'SKM', 3, 'Mekatronik', 'Standard kompetensi SKM-MEK-302 (SKM Tahap 3).', now());
INSERT INTO "Competency" (id, code, name, framework, level, sector, description, "createdAt") VALUES ('seed_f9uu3yjyib', 'SKM-ELE-301', 'Memasang Kabel Dan Wayar Elektrik', 'SKM', 3, 'Elektrik', 'Standard kompetensi SKM-ELE-301 (SKM Tahap 3).', now());
INSERT INTO "Competency" (id, code, name, framework, level, sector, description, "createdAt") VALUES ('seed_qgzhpqvmn8', 'SKM-ELE-302', 'Menyelenggara Pemasangan Elektrik', 'SKM', 3, 'Elektrik', 'Standard kompetensi SKM-ELE-302 (SKM Tahap 3).', now());
INSERT INTO "Competency" (id, code, name, framework, level, sector, description, "createdAt") VALUES ('seed_womek4hmuj', 'SKM-IT-301', 'Membangunkan Aplikasi Web', 'SKM', 3, 'IT & Multimedia', 'Standard kompetensi SKM-IT-301 (SKM Tahap 3).', now());
INSERT INTO "Competency" (id, code, name, framework, level, sector, description, "createdAt") VALUES ('seed_r1vfai1p09', 'SKM-IT-302', 'Mengurus Pangkalan Data', 'SKM', 3, 'IT & Multimedia', 'Standard kompetensi SKM-IT-302 (SKM Tahap 3).', now());
INSERT INTO "Competency" (id, code, name, framework, level, sector, description, "createdAt") VALUES ('seed_2kwh5wefo7', 'SKM-AUTO-301', 'Menyelenggara Enjin Kenderaan', 'SKM', 3, 'Automotif', 'Standard kompetensi SKM-AUTO-301 (SKM Tahap 3).', now());
INSERT INTO "Competency" (id, code, name, framework, level, sector, description, "createdAt") VALUES ('seed_jyj9t1x594', 'NOSS-PBU-001', 'Operator Mesin CNC', 'NOSS', 2, 'Pembuatan', 'Standard kompetensi NOSS-PBU-001 (NOSS Tahap 2).', now());
INSERT INTO "Competency" (id, code, name, framework, level, sector, description, "createdAt") VALUES ('seed_tbkb8s13lk', 'NOSS-ELEK-002', 'Teknikan Elektronik', 'NOSS', 2, 'Elektronik', 'Standard kompetensi NOSS-ELEK-002 (NOSS Tahap 2).', now());
INSERT INTO "Competency" (id, code, name, framework, level, sector, description, "createdAt") VALUES ('seed_r5a1u66cpt', 'SKM-PENG-401', 'Pengurusan Projek Latihan TVET', 'SKM', 4, 'Pengurusan', 'Standard kompetensi SKM-PENG-401 (SKM Tahap 4).', now());

-- Users (77)
INSERT INTO "User" (id, email, name, "avatarUrl", role, "campusId", "ssoProvider", "ssoSubject", status, "lastSignInAt", phone, "icNumber", "employeeId", "preferredLang", metadata, points, streak, "createdAt", "updatedAt") VALUES ('seed_g9sm0gujoz', 'super.admin@jtm.gov.my', 'Dato'' Dr. Haji Ramli bin Yusoff', NULL, 'super_admin', 'seed_39uy0676oy', 'mydigital_id', 'mydid-sm0gujoz', 'active', '2026-07-13T01:34:52.134Z', '+6015-9083154', '0294312-49-7244', 'JTM-JTM-HQ-3880', 'ms', '{"bio":"","skills":[]}', 0, 13, now(), now());
INSERT INTO "User" (id, email, name, "avatarUrl", role, "campusId", "ssoProvider", "ssoSubject", status, "lastSignInAt", phone, "icNumber", "employeeId", "preferredLang", metadata, points, streak, "createdAt", "updatedAt") VALUES ('seed_b72p0v5wh7', 'auditor.noraini@jtm.gov.my', 'Puan Noraini binti Hassan', NULL, 'auditor', 'seed_39uy0676oy', 'mydigital_id', 'mydid-2p0v5wh7', 'active', '2026-07-11T01:34:52.134Z', '+6017-6044584', '0178586-42-8057', 'JTM-JTM-HQ-9996', 'ms', '{"bio":"","skills":[]}', 120, 24, now(), now());
INSERT INTO "User" (id, email, name, "avatarUrl", role, "campusId", "ssoProvider", "ssoSubject", status, "lastSignInAt", phone, "icNumber", "employeeId", "preferredLang", metadata, points, streak, "createdAt", "updatedAt") VALUES ('seed_abnrclycxu', 'admin.adtec-sa@jtm.gov.my', 'Pentadbir ADTEC-SA', NULL, 'admin_kampus', 'seed_d2wugb6gke', 'mydigital_id', 'mydid-nrclycxu', 'active', '2026-07-14T01:34:52.134Z', '+6013-5034239', '0664356-49-2434', 'JTM-ADTEC-SA-6905', 'en', '{"bio":"","skills":[]}', 367, 20, now(), now());
INSERT INTO "User" (id, email, name, "avatarUrl", role, "campusId", "ssoProvider", "ssoSubject", status, "lastSignInAt", phone, "icNumber", "employeeId", "preferredLang", metadata, points, streak, "createdAt", "updatedAt") VALUES ('seed_vzg8aq9bfk', 'admin.adtec-pg@jtm.gov.my', 'Pentadbir ADTEC-PG', NULL, 'admin_kampus', 'seed_easf1g4whj', 'mydigital_id', 'mydid-g8aq9bfk', 'active', '2026-07-06T01:34:52.134Z', '+6018-1929747', '0521263-33-8598', 'JTM-ADTEC-PG-7333', 'en', '{"bio":"","skills":[]}', 312, 0, now(), now());
INSERT INTO "User" (id, email, name, "avatarUrl", role, "campusId", "ssoProvider", "ssoSubject", status, "lastSignInAt", phone, "icNumber", "employeeId", "preferredLang", metadata, points, streak, "createdAt", "updatedAt") VALUES ('seed_jb892bn8p3', 'admin.adtec-kt@jtm.gov.my', 'Pentadbir ADTEC-KT', NULL, 'admin_kampus', 'seed_flpdjl3iho', 'mydigital_id', 'mydid-892bn8p3', 'active', '2026-07-04T01:34:52.134Z', '+6013-2715391', '0182539-45-3701', 'JTM-ADTEC-KT-8124', 'ms', '{"bio":"","skills":[]}', 366, 25, now(), now());
INSERT INTO "User" (id, email, name, "avatarUrl", role, "campusId", "ssoProvider", "ssoSubject", status, "lastSignInAt", phone, "icNumber", "employeeId", "preferredLang", metadata, points, streak, "createdAt", "updatedAt") VALUES ('seed_u6trylcqxq', 'admin.adtec-kb@jtm.gov.my', 'Pentadbir ADTEC-KB', NULL, 'admin_kampus', 'seed_dr1axm7kra', 'mydigital_id', 'mydid-trylcqxq', 'active', '2026-07-12T01:34:52.134Z', '+6012-5634655', '0865694-75-4314', 'JTM-ADTEC-KB-4906', 'en', '{"bio":"","skills":[]}', 385, 6, now(), now());
INSERT INTO "User" (id, email, name, "avatarUrl", role, "campusId", "ssoProvider", "ssoSubject", status, "lastSignInAt", phone, "icNumber", "employeeId", "preferredLang", metadata, points, streak, "createdAt", "updatedAt") VALUES ('seed_4gbqzh0aig', 'admin.adtec-kch@jtm.gov.my', 'Pentadbir ADTEC-KCH', NULL, 'admin_kampus', 'seed_9wh01n51lv', 'mydigital_id', 'mydid-bqzh0aig', 'active', '2026-07-04T01:34:52.135Z', '+6015-8966745', '0680825-52-7597', 'JTM-ADTEC-KCH-5573', 'en', '{"bio":"","skills":[]}', 158, 12, now(), now());
INSERT INTO "User" (id, email, name, "avatarUrl", role, "campusId", "ssoProvider", "ssoSubject", status, "lastSignInAt", phone, "icNumber", "employeeId", "preferredLang", metadata, points, streak, "createdAt", "updatedAt") VALUES ('seed_yr481eldxn', 'admin.adtec-kk@jtm.gov.my', 'Pentadbir ADTEC-KK', NULL, 'admin_kampus', 'seed_ryi24ou8o8', 'mydigital_id', 'mydid-481eldxn', 'active', '2026-07-01T01:34:52.135Z', '+6013-6982576', '0201659-96-1405', 'JTM-ADTEC-KK-9358', 'en', '{"bio":"","skills":[]}', 306, 2, now(), now());
INSERT INTO "User" (id, email, name, "avatarUrl", role, "campusId", "ssoProvider", "ssoSubject", status, "lastSignInAt", phone, "icNumber", "employeeId", "preferredLang", metadata, points, streak, "createdAt", "updatedAt") VALUES ('seed_r8xg1dspx6', 'admin.adtec-bdr@jtm.gov.my', 'Pentadbir ADTEC-BDR', NULL, 'admin_kampus', 'seed_n45y5hgap9', 'mydigital_id', 'mydid-xg1dspx6', 'active', '2026-07-04T01:34:52.135Z', '+6014-6558106', '0623367-86-7606', 'JTM-ADTEC-BDR-3234', 'ms', '{"bio":"","skills":[]}', 393, 11, now(), now());
INSERT INTO "User" (id, email, name, "avatarUrl", role, "campusId", "ssoProvider", "ssoSubject", status, "lastSignInAt", phone, "icNumber", "employeeId", "preferredLang", metadata, points, streak, "createdAt", "updatedAt") VALUES ('seed_k70r1dgj3v', 'admin.adtec-mlk@jtm.gov.my', 'Pentadbir ADTEC-MLK', NULL, 'admin_kampus', 'seed_cgl9mzv2oj', 'mydigital_id', 'mydid-0r1dgj3v', 'active', '2026-07-12T01:34:52.135Z', '+6012-7310471', '0401224-36-5050', 'JTM-ADTEC-MLK-1601', 'ms', '{"bio":"","skills":[]}', 324, 25, now(), now());
INSERT INTO "User" (id, email, name, "avatarUrl", role, "campusId", "ssoProvider", "ssoSubject", status, "lastSignInAt", phone, "icNumber", "employeeId", "preferredLang", metadata, points, streak, "createdAt", "updatedAt") VALUES ('seed_r6sk8cluri', 'admin.adtec-btu@jtm.gov.my', 'Pentadbir ADTEC-BTU', NULL, 'admin_kampus', 'seed_nsto8ktrxu', 'mydigital_id', 'mydid-sk8cluri', 'active', '2026-07-10T01:34:52.135Z', '+6014-6492540', '0349910-60-7689', 'JTM-ADTEC-BTU-4329', 'en', '{"bio":"","skills":[]}', 333, 18, now(), now());
INSERT INTO "User" (id, email, name, "avatarUrl", role, "campusId", "ssoProvider", "ssoSubject", status, "lastSignInAt", phone, "icNumber", "employeeId", "preferredLang", metadata, points, streak, "createdAt", "updatedAt") VALUES ('seed_jercp3zylw', 'admin.adtec-spr@jtm.gov.my', 'Pentadbir ADTEC-SPR', NULL, 'admin_kampus', 'seed_wyl14s03uv', 'mydigital_id', 'mydid-rcp3zylw', 'active', '2026-07-03T01:34:52.135Z', '+6012-9415487', '0404563-54-6092', 'JTM-ADTEC-SPR-3726', 'ms', '{"bio":"","skills":[]}', 225, 21, now(), now());
INSERT INTO "User" (id, email, name, "avatarUrl", role, "campusId", "ssoProvider", "ssoSubject", status, "lastSignInAt", phone, "icNumber", "employeeId", "preferredLang", metadata, points, streak, "createdAt", "updatedAt") VALUES ('seed_aiudyim99n', 'admin.adtec-ipoh@jtm.gov.my', 'Pentadbir ADTEC-IPOH', NULL, 'admin_kampus', 'seed_5jq8o5bo96', 'mydigital_id', 'mydid-udyim99n', 'active', '2026-07-11T01:34:52.135Z', '+6016-2451030', '0358042-79-3993', 'JTM-ADTEC-IPOH-4227', 'en', '{"bio":"","skills":[]}', 302, 3, now(), now());
INSERT INTO "User" (id, email, name, "avatarUrl", role, "campusId", "ssoProvider", "ssoSubject", status, "lastSignInAt", phone, "icNumber", "employeeId", "preferredLang", metadata, points, streak, "createdAt", "updatedAt") VALUES ('seed_8yckcy8rg7', 'admin.adtec-pn@jtm.gov.my', 'Pentadbir ADTEC-PN', NULL, 'admin_kampus', 'seed_2u2ynx3qot', 'mydigital_id', 'mydid-ckcy8rg7', 'active', '2026-07-12T01:34:52.135Z', '+6015-5324107', '0871308-38-9278', 'JTM-ADTEC-PN-4256', 'en', '{"bio":"","skills":[]}', 165, 2, now(), now());
INSERT INTO "User" (id, email, name, "avatarUrl", role, "campusId", "ssoProvider", "ssoSubject", status, "lastSignInAt", phone, "icNumber", "employeeId", "preferredLang", metadata, points, streak, "createdAt", "updatedAt") VALUES ('seed_zurn0sc23t', 'admin.adtec-klt@jtm.gov.my', 'Pentadbir ADTEC-KLT', NULL, 'admin_kampus', 'seed_9z57ehhkaf', 'mydigital_id', 'mydid-rn0sc23t', 'active', '2026-07-08T01:34:52.135Z', '+6018-3863679', '0824174-49-7855', 'JTM-ADTEC-KLT-6347', 'en', '{"bio":"","skills":[]}', 133, 2, now(), now());
INSERT INTO "User" (id, email, name, "avatarUrl", role, "campusId", "ssoProvider", "ssoSubject", status, "lastSignInAt", phone, "icNumber", "employeeId", "preferredLang", metadata, points, streak, "createdAt", "updatedAt") VALUES ('seed_vu33qxq8yd', 'admin.adtec-ktn@jtm.gov.my', 'Pentadbir ADTEC-KTN', NULL, 'admin_kampus', 'seed_g93z7sap1w', 'mydigital_id', 'mydid-33qxq8yd', 'active', '2026-07-06T01:34:52.135Z', '+6019-3839621', '0433577-53-1001', 'JTM-ADTEC-KTN-9914', 'ms', '{"bio":"","skills":[]}', 357, 15, now(), now());
INSERT INTO "User" (id, email, name, "avatarUrl", role, "campusId", "ssoProvider", "ssoSubject", status, "lastSignInAt", phone, "icNumber", "employeeId", "preferredLang", metadata, points, streak, "createdAt", "updatedAt") VALUES ('seed_1ay2uuqkwl', 'admin.adtec-kua@jtm.gov.my', 'Pentadbir ADTEC-KUA', NULL, 'admin_kampus', 'seed_3555iwre23', 'mydigital_id', 'mydid-y2uuqkwl', 'active', '2026-07-14T01:34:52.135Z', '+6018-6535304', '0488200-27-4666', 'JTM-ADTEC-KUA-8296', 'ms', '{"bio":"","skills":[]}', 83, 17, now(), now());
INSERT INTO "User" (id, email, name, "avatarUrl", role, "campusId", "ssoProvider", "ssoSubject", status, "lastSignInAt", phone, "icNumber", "employeeId", "preferredLang", metadata, points, streak, "createdAt", "updatedAt") VALUES ('seed_27y4u4wj6i', 'admin.adtec-sbn@jtm.gov.my', 'Pentadbir ADTEC-SBN', NULL, 'admin_kampus', 'seed_co4j39sfdc', 'mydigital_id', 'mydid-y4u4wj6i', 'active', '2026-07-08T01:34:52.135Z', '+6013-1105865', '0803734-51-6077', 'JTM-ADTEC-SBN-4738', 'ms', '{"bio":"","skills":[]}', 106, 0, now(), now());
INSERT INTO "User" (id, email, name, "avatarUrl", role, "campusId", "ssoProvider", "ssoSubject", status, "lastSignInAt", phone, "icNumber", "employeeId", "preferredLang", metadata, points, streak, "createdAt", "updatedAt") VALUES ('seed_q6dmd8pvei', 'admin.adtec-pkn@jtm.gov.my', 'Pentadbir ADTEC-PKN', NULL, 'admin_kampus', 'seed_fu7lsny7qi', 'mydigital_id', 'mydid-dmd8pvei', 'active', '2026-07-15T01:34:52.135Z', '+6014-5328484', '0424566-65-5374', 'JTM-ADTEC-PKN-6663', 'ms', '{"bio":"","skills":[]}', 376, 25, now(), now());
INSERT INTO "User" (id, email, name, "avatarUrl", role, "campusId", "ssoProvider", "ssoSubject", status, "lastSignInAt", phone, "icNumber", "employeeId", "preferredLang", metadata, points, streak, "createdAt", "updatedAt") VALUES ('seed_s41xcdb4da', 'admin.adtec-ktn2@jtm.gov.my', 'Pentadbir ADTEC-KTN2', NULL, 'admin_kampus', 'seed_6oiuvmxxh7', 'mydigital_id', 'mydid-1xcdb4da', 'active', '2026-07-01T01:34:52.135Z', '+6015-6683900', '0876318-97-4101', 'JTM-ADTEC-KTN2-3667', 'ms', '{"bio":"","skills":[]}', 261, 14, now(), now());
INSERT INTO "User" (id, email, name, "avatarUrl", role, "campusId", "ssoProvider", "ssoSubject", status, "lastSignInAt", phone, "icNumber", "employeeId", "preferredLang", metadata, points, streak, "createdAt", "updatedAt") VALUES ('seed_83daea6mxf', 'admin.adtec-mr@jtm.gov.my', 'Pentadbir ADTEC-MR', NULL, 'admin_kampus', 'seed_8vspea7ok8', 'mydigital_id', 'mydid-daea6mxf', 'active', '2026-07-12T01:34:52.135Z', '+6013-1927613', '0849113-73-2429', 'JTM-ADTEC-MR-8107', 'en', '{"bio":"","skills":[]}', 192, 6, now(), now());
INSERT INTO "User" (id, email, name, "avatarUrl", role, "campusId", "ssoProvider", "ssoSubject", status, "lastSignInAt", phone, "icNumber", "employeeId", "preferredLang", metadata, points, streak, "createdAt", "updatedAt") VALUES ('seed_hc2aaynwqc', 'admin.adtec-srg@jtm.gov.my', 'Pentadbir ADTEC-SRG', NULL, 'admin_kampus', 'seed_kxfrvvjp2y', 'mydigital_id', 'mydid-2aaynwqc', 'active', '2026-07-06T01:34:52.135Z', '+6017-3436210', '0650840-10-8364', 'JTM-ADTEC-SRG-5149', 'ms', '{"bio":"","skills":[]}', 140, 2, now(), now());
INSERT INTO "User" (id, email, name, "avatarUrl", role, "campusId", "ssoProvider", "ssoSubject", status, "lastSignInAt", phone, "icNumber", "employeeId", "preferredLang", metadata, points, streak, "createdAt", "updatedAt") VALUES ('seed_s52r89chsc', 'admin.adtec-aor@jtm.gov.my', 'Pentadbir ADTEC-AOR', NULL, 'admin_kampus', 'seed_ezt3m665br', 'mydigital_id', 'mydid-2r89chsc', 'active', '2026-07-13T01:34:52.135Z', '+6017-4485849', '0472899-37-4483', 'JTM-ADTEC-AOR-7967', 'ms', '{"bio":"","skills":[]}', 224, 4, now(), now());
INSERT INTO "User" (id, email, name, "avatarUrl", role, "campusId", "ssoProvider", "ssoSubject", status, "lastSignInAt", phone, "icNumber", "employeeId", "preferredLang", metadata, points, streak, "createdAt", "updatedAt") VALUES ('seed_rh2ou4rb5p', 'admin.adtec-kgr@jtm.gov.my', 'Pentadbir ADTEC-KGR', NULL, 'admin_kampus', 'seed_4uwv7xrk1m', 'mydigital_id', 'mydid-2ou4rb5p', 'active', '2026-07-10T01:34:52.135Z', '+6014-9912377', '0671344-77-9273', 'JTM-ADTEC-KGR-1992', 'ms', '{"bio":"","skills":[]}', 131, 15, now(), now());
INSERT INTO "User" (id, email, name, "avatarUrl", role, "campusId", "ssoProvider", "ssoSubject", status, "lastSignInAt", phone, "icNumber", "employeeId", "preferredLang", metadata, points, streak, "createdAt", "updatedAt") VALUES ('seed_1gzq4opwxi', 'admin.adtec-tm@jtm.gov.my', 'Pentadbir ADTEC-TM', NULL, 'admin_kampus', 'seed_exqbmhs8ho', 'mydigital_id', 'mydid-zq4opwxi', 'active', '2026-07-08T01:34:52.135Z', '+6015-5805453', '0567411-85-4069', 'JTM-ADTEC-TM-7458', 'ms', '{"bio":"","skills":[]}', 163, 1, now(), now());
INSERT INTO "User" (id, email, name, "avatarUrl", role, "campusId", "ssoProvider", "ssoSubject", status, "lastSignInAt", phone, "icNumber", "employeeId", "preferredLang", metadata, points, streak, "createdAt", "updatedAt") VALUES ('seed_x5iu9uzat1', 'admin.adtec-seg@jtm.gov.my', 'Pentadbir ADTEC-SEG', NULL, 'admin_kampus', 'seed_i9xdre8ohx', 'mydigital_id', 'mydid-iu9uzat1', 'active', '2026-07-06T01:34:52.135Z', '+6013-5493681', '0261168-72-2696', 'JTM-ADTEC-SEG-6129', 'ms', '{"bio":"","skills":[]}', 182, 3, now(), now());
INSERT INTO "User" (id, email, name, "avatarUrl", role, "campusId", "ssoProvider", "ssoSubject", status, "lastSignInAt", phone, "icNumber", "employeeId", "preferredLang", metadata, points, streak, "createdAt", "updatedAt") VALUES ('seed_q8ezpv47et', 'admin.adtec-mur@jtm.gov.my', 'Pentadbir ADTEC-MUR', NULL, 'admin_kampus', 'seed_2lmmagdlgf', 'mydigital_id', 'mydid-ezpv47et', 'active', '2026-07-14T01:34:52.135Z', '+6017-4933499', '0156458-35-8493', 'JTM-ADTEC-MUR-6776', 'ms', '{"bio":"","skills":[]}', 200, 18, now(), now());
INSERT INTO "User" (id, email, name, "avatarUrl", role, "campusId", "ssoProvider", "ssoSubject", status, "lastSignInAt", phone, "icNumber", "employeeId", "preferredLang", metadata, points, streak, "createdAt", "updatedAt") VALUES ('seed_wcylw1iipd', 'admin.adtec-klp@jtm.gov.my', 'Pentadbir ADTEC-KLP', NULL, 'admin_kampus', 'seed_b9zrpprk66', 'mydigital_id', 'mydid-ylw1iipd', 'active', '2026-07-01T01:34:52.135Z', '+6012-5344118', '0908381-54-6888', 'JTM-ADTEC-KLP-6280', 'ms', '{"bio":"","skills":[]}', 270, 25, now(), now());
INSERT INTO "User" (id, email, name, "avatarUrl", role, "campusId", "ssoProvider", "ssoSubject", status, "lastSignInAt", phone, "icNumber", "employeeId", "preferredLang", metadata, points, streak, "createdAt", "updatedAt") VALUES ('seed_4m7u11x12k', 'admin.adtec-sbn2@jtm.gov.my', 'Pentadbir ADTEC-SBN2', NULL, 'admin_kampus', 'seed_ldb7uabux9', 'mydigital_id', 'mydid-7u11x12k', 'active', '2026-07-12T01:34:52.135Z', '+6018-9481652', '0454838-51-7244', 'JTM-ADTEC-SBN2-5133', 'en', '{"bio":"","skills":[]}', 243, 3, now(), now());
INSERT INTO "User" (id, email, name, "avatarUrl", role, "campusId", "ssoProvider", "ssoSubject", status, "lastSignInAt", phone, "icNumber", "employeeId", "preferredLang", metadata, points, streak, "createdAt", "updatedAt") VALUES ('seed_bdcp587u5q', 'admin.adtec-kla@jtm.gov.my', 'Pentadbir ADTEC-KLA', NULL, 'admin_kampus', 'seed_qfjr7h05i2', 'mydigital_id', 'mydid-cp587u5q', 'active', '2026-07-09T01:34:52.135Z', '+6014-9794407', '0560215-20-1404', 'JTM-ADTEC-KLA-7201', 'ms', '{"bio":"","skills":[]}', 275, 24, now(), now());
INSERT INTO "User" (id, email, name, "avatarUrl", role, "campusId", "ssoProvider", "ssoSubject", status, "lastSignInAt", phone, "icNumber", "employeeId", "preferredLang", metadata, points, streak, "createdAt", "updatedAt") VALUES ('seed_8nfkzotwgf', 'admin.adtec-hpt@jtm.gov.my', 'Pentadbir ADTEC-HPT', NULL, 'admin_kampus', 'seed_ydmfp9hceb', 'mydigital_id', 'mydid-fkzotwgf', 'active', '2026-07-04T01:34:52.135Z', '+6015-7913312', '0238791-18-3981', 'JTM-ADTEC-HPT-6926', 'ms', '{"bio":"","skills":[]}', 302, 5, now(), now());
INSERT INTO "User" (id, email, name, "avatarUrl", role, "campusId", "ssoProvider", "ssoSubject", status, "lastSignInAt", phone, "icNumber", "employeeId", "preferredLang", metadata, points, streak, "createdAt", "updatedAt") VALUES ('seed_196cj5vf6t', 'admin.adtec-bnt@jtm.gov.my', 'Pentadbir ADTEC-BNT', NULL, 'admin_kampus', 'seed_nfd28x1qrz', 'mydigital_id', 'mydid-6cj5vf6t', 'active', '2026-07-12T01:34:52.135Z', '+6012-3216256', '0694663-76-6100', 'JTM-ADTEC-BNT-8431', 'ms', '{"bio":"","skills":[]}', 392, 12, now(), now());
INSERT INTO "User" (id, email, name, "avatarUrl", role, "campusId", "ssoProvider", "ssoSubject", status, "lastSignInAt", phone, "icNumber", "employeeId", "preferredLang", metadata, points, streak, "createdAt", "updatedAt") VALUES ('seed_zizily9c2h', 'admin.adtec-twn@jtm.gov.my', 'Pentadbir ADTEC-TWN', NULL, 'admin_kampus', 'seed_n7cfvq4mxg', 'mydigital_id', 'mydid-zily9c2h', 'active', '2026-07-01T01:34:52.135Z', '+6016-9296282', '0614606-65-4656', 'JTM-ADTEC-TWN-5026', 'ms', '{"bio":"","skills":[]}', 114, 9, now(), now());
INSERT INTO "User" (id, email, name, "avatarUrl", role, "campusId", "ssoProvider", "ssoSubject", status, "lastSignInAt", phone, "icNumber", "employeeId", "preferredLang", metadata, points, streak, "createdAt", "updatedAt") VALUES ('seed_fhu4978vkv', 'admin.adtec-sb@jtm.gov.my', 'Pentadbir ADTEC-SB', NULL, 'admin_kampus', 'seed_c4ijpe4nz6', 'mydigital_id', 'mydid-u4978vkv', 'active', '2026-07-02T01:34:52.135Z', '+6016-3288847', '0285567-88-7673', 'JTM-ADTEC-SB-4650', 'ms', '{"bio":"","skills":[]}', 193, 1, now(), now());
INSERT INTO "User" (id, email, name, "avatarUrl", role, "campusId", "ssoProvider", "ssoSubject", status, "lastSignInAt", phone, "icNumber", "employeeId", "preferredLang", metadata, points, streak, "createdAt", "updatedAt") VALUES ('seed_xo21kenadr', 'admin.adtec-lb@jtm.gov.my', 'Pentadbir ADTEC-LB', NULL, 'admin_kampus', 'seed_jvrtalg0hx', 'mydigital_id', 'mydid-21kenadr', 'active', '2026-07-01T01:34:52.135Z', '+6015-5906839', '0555767-99-8047', 'JTM-ADTEC-LB-2592', 'en', '{"bio":"","skills":[]}', 162, 6, now(), now());
INSERT INTO "User" (id, email, name, "avatarUrl", role, "campusId", "ssoProvider", "ssoSubject", status, "lastSignInAt", phone, "icNumber", "employeeId", "preferredLang", metadata, points, streak, "createdAt", "updatedAt") VALUES ('seed_qwfjz74cab', 'pengajar.1@adtec-sa.jtm.gov.my', 'Puan Zarina binti Mohamed', NULL, 'pengajar', 'seed_d2wugb6gke', 'mydigital_id', 'mydid-fjz74cab', 'active', '2026-07-06T01:34:52.135Z', '+6017-6880823', '0345194-28-5583', 'JTM-ADTEC-SA-6129', 'ms', '{"bio":"","skills":[]}', 398, 6, now(), now());
INSERT INTO "User" (id, email, name, "avatarUrl", role, "campusId", "ssoProvider", "ssoSubject", status, "lastSignInAt", phone, "icNumber", "employeeId", "preferredLang", metadata, points, streak, "createdAt", "updatedAt") VALUES ('seed_gfzm5ii0tj', 'pengajar.2@adtec-pg.jtm.gov.my', 'Encik Hafiz bin Rahman', NULL, 'pengajar', 'seed_easf1g4whj', 'mydigital_id', 'mydid-zm5ii0tj', 'active', '2026-07-01T01:34:52.135Z', '+6019-6404066', '0361908-23-2160', 'JTM-ADTEC-PG-4862', 'en', '{"bio":"","skills":[]}', 830, 11, now(), now());
INSERT INTO "User" (id, email, name, "avatarUrl", role, "campusId", "ssoProvider", "ssoSubject", status, "lastSignInAt", phone, "icNumber", "employeeId", "preferredLang", metadata, points, streak, "createdAt", "updatedAt") VALUES ('seed_sx3mmbakez', 'pengajar.3@adtec-kt.jtm.gov.my', 'Dr. Siti Aishah binti Abdullah', NULL, 'pengajar', 'seed_flpdjl3iho', 'mydigital_id', 'mydid-3mmbakez', 'active', '2026-07-09T01:34:52.135Z', '+6013-3131381', '0446746-17-3361', 'JTM-ADTEC-KT-1730', 'ms', '{"bio":"","skills":[]}', 269, 2, now(), now());
INSERT INTO "User" (id, email, name, "avatarUrl", role, "campusId", "ssoProvider", "ssoSubject", status, "lastSignInAt", phone, "icNumber", "employeeId", "preferredLang", metadata, points, streak, "createdAt", "updatedAt") VALUES ('seed_7ogdhw64hl', 'pengajar.4@adtec-kb.jtm.gov.my', 'Encik Tan Wei Ming', NULL, 'pengajar', 'seed_dr1axm7kra', 'mydigital_id', 'mydid-gdhw64hl', 'active', '2026-07-05T01:34:52.135Z', '+6019-5384145', '0760938-35-8926', 'JTM-ADTEC-KB-1299', 'en', '{"bio":"","skills":[]}', 492, 20, now(), now());
INSERT INTO "User" (id, email, name, "avatarUrl", role, "campusId", "ssoProvider", "ssoSubject", status, "lastSignInAt", phone, "icNumber", "employeeId", "preferredLang", metadata, points, streak, "createdAt", "updatedAt") VALUES ('seed_gvv4fmaobo', 'pengajar.5@adtec-kch.jtm.gov.my', 'Puan Kavitha a/p Raju', NULL, 'pengajar', 'seed_9wh01n51lv', 'mydigital_id', 'mydid-v4fmaobo', 'active', '2026-07-01T01:34:52.135Z', '+6018-6776010', '0379755-11-5658', 'JTM-ADTEC-KCH-2660', 'en', '{"bio":"","skills":[]}', 779, 6, now(), now());
INSERT INTO "User" (id, email, name, "avatarUrl", role, "campusId", "ssoProvider", "ssoSubject", status, "lastSignInAt", phone, "icNumber", "employeeId", "preferredLang", metadata, points, streak, "createdAt", "updatedAt") VALUES ('seed_7cm60wpveo', 'pengajar.6@adtec-kk.jtm.gov.my', 'Encik Ahmad Faizal bin Omar', NULL, 'pengajar', 'seed_ryi24ou8o8', 'mydigital_id', 'mydid-m60wpveo', 'active', '2026-07-08T01:34:52.135Z', '+6019-8785433', '0585155-25-3687', 'JTM-ADTEC-KK-8093', 'ms', '{"bio":"","skills":[]}', 708, 26, now(), now());
INSERT INTO "User" (id, email, name, "avatarUrl", role, "campusId", "ssoProvider", "ssoSubject", status, "lastSignInAt", phone, "icNumber", "employeeId", "preferredLang", metadata, points, streak, "createdAt", "updatedAt") VALUES ('seed_8vzbkoks2y', 'pengajar.7@adtec-bdr.jtm.gov.my', 'Puan Lim Su Yin', NULL, 'pengajar', 'seed_n45y5hgap9', 'mydigital_id', 'mydid-zbkoks2y', 'active', '2026-07-10T01:34:52.135Z', '+6018-7888383', '0605071-16-8661', 'JTM-ADTEC-BDR-3188', 'ms', '{"bio":"","skills":[]}', 443, 2, now(), now());
INSERT INTO "User" (id, email, name, "avatarUrl", role, "campusId", "ssoProvider", "ssoSubject", status, "lastSignInAt", phone, "icNumber", "employeeId", "preferredLang", metadata, points, streak, "createdAt", "updatedAt") VALUES ('seed_e4kgesyjyv', 'pengajar.8@adtec-mlk.jtm.gov.my', 'Encik Mohd Khairul bin Anuar', NULL, 'pengajar', 'seed_cgl9mzv2oj', 'mydigital_id', 'mydid-kgesyjyv', 'active', '2026-07-14T01:34:52.135Z', '+6017-5159095', '0509291-18-1457', 'JTM-ADTEC-MLK-6602', 'ms', '{"bio":"","skills":[]}', 853, 16, now(), now());
INSERT INTO "User" (id, email, name, "avatarUrl", role, "campusId", "ssoProvider", "ssoSubject", status, "lastSignInAt", phone, "icNumber", "employeeId", "preferredLang", metadata, points, streak, "createdAt", "updatedAt") VALUES ('seed_e5xn6fb6zs', 'pengajar.9@adtec-btu.jtm.gov.my', 'Puan Nurul Huda binti Kasim', NULL, 'pengajar', 'seed_nsto8ktrxu', 'mydigital_id', 'mydid-xn6fb6zs', 'active', '2026-07-12T01:34:52.135Z', '+6017-5062450', '0334453-79-4001', 'JTM-ADTEC-BTU-4906', 'ms', '{"bio":"","skills":[]}', 450, 7, now(), now());
INSERT INTO "User" (id, email, name, "avatarUrl", role, "campusId", "ssoProvider", "ssoSubject", status, "lastSignInAt", phone, "icNumber", "employeeId", "preferredLang", metadata, points, streak, "createdAt", "updatedAt") VALUES ('seed_x39uzdxbus', 'pengajar.10@adtec-spr.jtm.gov.my', 'Encik Rajesh a/l Kumaran', NULL, 'pengajar', 'seed_wyl14s03uv', 'mydigital_id', 'mydid-9uzdxbus', 'active', '2026-07-01T01:34:52.135Z', '+6018-8059319', '0799498-42-8140', 'JTM-ADTEC-SPR-6809', 'en', '{"bio":"","skills":[]}', 429, 0, now(), now());
INSERT INTO "User" (id, email, name, "avatarUrl", role, "campusId", "ssoProvider", "ssoSubject", status, "lastSignInAt", phone, "icNumber", "employeeId", "preferredLang", metadata, points, streak, "createdAt", "updatedAt") VALUES ('seed_qea23anbc8', 'pengajar.11@adtec-ipoh.jtm.gov.my', 'Puan Faridah binti Yusof', NULL, 'pengajar', 'seed_5jq8o5bo96', 'mydigital_id', 'mydid-a23anbc8', 'active', '2026-07-02T01:34:52.135Z', '+6014-6200384', '0993859-92-3920', 'JTM-ADTEC-IPOH-4394', 'ms', '{"bio":"","skills":[]}', 641, 16, now(), now());
INSERT INTO "User" (id, email, name, "avatarUrl", role, "campusId", "ssoProvider", "ssoSubject", status, "lastSignInAt", phone, "icNumber", "employeeId", "preferredLang", metadata, points, streak, "createdAt", "updatedAt") VALUES ('seed_zyzprbs8mr', 'pengajar.12@adtec-pn.jtm.gov.my', 'Encik Wong Chee Keong', NULL, 'pengajar', 'seed_2u2ynx3qot', 'mydigital_id', 'mydid-zprbs8mr', 'active', '2026-07-11T01:34:52.135Z', '+6012-3054211', '0893428-71-6175', 'JTM-ADTEC-PN-8417', 'ms', '{"bio":"","skills":[]}', 502, 26, now(), now());
INSERT INTO "User" (id, email, name, "avatarUrl", role, "campusId", "ssoProvider", "ssoSubject", status, "lastSignInAt", phone, "icNumber", "employeeId", "preferredLang", metadata, points, streak, "createdAt", "updatedAt") VALUES ('seed_2byimvb9le', 'pelajar.1@adtec-sa.jtm.gov.my', 'Amir binti Abu', NULL, 'pelajar', 'seed_d2wugb6gke', 'mydigital_id', 'mydid-yimvb9le', 'active', '2026-07-15T01:34:52.135Z', '+6018-3565182', '0720644-56-9403', NULL, 'ms', '{"bio":"","skills":[]}', 587, 6, now(), now());
INSERT INTO "User" (id, email, name, "avatarUrl", role, "campusId", "ssoProvider", "ssoSubject", status, "lastSignInAt", phone, "icNumber", "employeeId", "preferredLang", metadata, points, streak, "createdAt", "updatedAt") VALUES ('seed_5ugcje1zcb', 'pelajar.2@adtec-sa.jtm.gov.my', 'Aisyah binti Siva', NULL, 'pelajar', 'seed_d2wugb6gke', 'mydigital_id', 'mydid-gcje1zcb', 'active', '2026-07-15T01:34:52.135Z', '+6014-1314539', '0492585-46-4804', NULL, 'en', '{"bio":"","skills":[]}', 101, 5, now(), now());
INSERT INTO "User" (id, email, name, "avatarUrl", role, "campusId", "ssoProvider", "ssoSubject", status, "lastSignInAt", phone, "icNumber", "employeeId", "preferredLang", metadata, points, streak, "createdAt", "updatedAt") VALUES ('seed_m8g7gpoysz', 'pelajar.3@adtec-sa.jtm.gov.my', 'Daniel bin Goh', NULL, 'pelajar', 'seed_d2wugb6gke', 'mydigital_id', 'mydid-g7gpoysz', 'active', '2026-07-05T01:34:52.135Z', '+6012-2727021', '0174231-81-4242', NULL, 'ms', '{"bio":"","skills":[]}', 1153, 0, now(), now());
INSERT INTO "User" (id, email, name, "avatarUrl", role, "campusId", "ssoProvider", "ssoSubject", status, "lastSignInAt", phone, "icNumber", "employeeId", "preferredLang", metadata, points, streak, "createdAt", "updatedAt") VALUES ('seed_w756k3hoeq', 'pelajar.4@adtec-pg.jtm.gov.my', 'Farah binti Lee', NULL, 'pelajar', 'seed_easf1g4whj', 'mydigital_id', 'mydid-56k3hoeq', 'active', '2026-07-08T01:34:52.135Z', '+6019-8901553', '0718694-16-6828', NULL, 'en', '{"bio":"","skills":[]}', 62, 24, now(), now());
INSERT INTO "User" (id, email, name, "avatarUrl", role, "campusId", "ssoProvider", "ssoSubject", status, "lastSignInAt", phone, "icNumber", "employeeId", "preferredLang", metadata, points, streak, "createdAt", "updatedAt") VALUES ('seed_ehq80jv59h', 'pelajar.5@adtec-pg.jtm.gov.my', 'Hakim bin Goh', NULL, 'pelajar', 'seed_easf1g4whj', 'mydigital_id', 'mydid-q80jv59h', 'active', '2026-07-04T01:34:52.135Z', '+6014-3227649', '0841230-59-6877', NULL, 'ms', '{"bio":"","skills":[]}', 692, 25, now(), now());
INSERT INTO "User" (id, email, name, "avatarUrl", role, "campusId", "ssoProvider", "ssoSubject", status, "lastSignInAt", phone, "icNumber", "employeeId", "preferredLang", metadata, points, streak, "createdAt", "updatedAt") VALUES ('seed_judmi6i79u', 'pelajar.6@adtec-pn.jtm.gov.my', 'Nadia binti Lee', NULL, 'pelajar', 'seed_2u2ynx3qot', 'mydigital_id', 'mydid-dmi6i79u', 'active', '2026-07-13T01:34:52.135Z', '+6013-5684237', '0107706-10-2435', NULL, 'en', '{"bio":"","skills":[]}', 50, 17, now(), now());
INSERT INTO "User" (id, email, name, "avatarUrl", role, "campusId", "ssoProvider", "ssoSubject", status, "lastSignInAt", phone, "icNumber", "employeeId", "preferredLang", metadata, points, streak, "createdAt", "updatedAt") VALUES ('seed_88ai0ke5wr', 'pelajar.7@adtec-twn.jtm.gov.my', 'Ariff bin Raju', NULL, 'pelajar', 'seed_n7cfvq4mxg', 'mydigital_id', 'mydid-ai0ke5wr', 'active', '2026-07-02T01:34:52.135Z', '+6013-1700993', '0954338-93-6614', NULL, 'ms', '{"bio":"","skills":[]}', 1080, 15, now(), now());
INSERT INTO "User" (id, email, name, "avatarUrl", role, "campusId", "ssoProvider", "ssoSubject", status, "lastSignInAt", phone, "icNumber", "employeeId", "preferredLang", metadata, points, streak, "createdAt", "updatedAt") VALUES ('seed_cqck03d9qi', 'pelajar.8@adtec-hpt.jtm.gov.my', 'Zara binti Abu', NULL, 'pelajar', 'seed_ydmfp9hceb', 'mydigital_id', 'mydid-ck03d9qi', 'active', '2026-07-11T01:34:52.135Z', '+6018-6582162', '0638657-28-7744', NULL, 'en', '{"bio":"","skills":[]}', 494, 4, now(), now());
INSERT INTO "User" (id, email, name, "avatarUrl", role, "campusId", "ssoProvider", "ssoSubject", status, "lastSignInAt", phone, "icNumber", "employeeId", "preferredLang", metadata, points, streak, "createdAt", "updatedAt") VALUES ('seed_q3qfsutpsr', 'pelajar.9@adtec-pn.jtm.gov.my', 'Iman bin Wong', NULL, 'pelajar', 'seed_2u2ynx3qot', 'mydigital_id', 'mydid-qfsutpsr', 'active', '2026-07-09T01:34:52.135Z', '+6019-4492892', '0121743-51-4335', NULL, 'en', '{"bio":"","skills":[]}', 334, 4, now(), now());
INSERT INTO "User" (id, email, name, "avatarUrl", role, "campusId", "ssoProvider", "ssoSubject", status, "lastSignInAt", phone, "icNumber", "employeeId", "preferredLang", metadata, points, streak, "createdAt", "updatedAt") VALUES ('seed_p5qw2imedc', 'pelajar.10@adtec-pg.jtm.gov.my', 'Luqman bin Ali', NULL, 'pelajar', 'seed_easf1g4whj', 'mydigital_id', 'mydid-qw2imedc', 'active', '2026-07-10T01:34:52.135Z', '+6013-5008061', '0181697-87-6854', NULL, 'en', '{"bio":"","skills":[]}', 1102, 28, now(), now());
INSERT INTO "User" (id, email, name, "avatarUrl", role, "campusId", "ssoProvider", "ssoSubject", status, "lastSignInAt", phone, "icNumber", "employeeId", "preferredLang", metadata, points, streak, "createdAt", "updatedAt") VALUES ('seed_25gvdm0y7z', 'pelajar.11@adtec-kua.jtm.gov.my', 'Sofia bin Goh', NULL, 'pelajar', 'seed_3555iwre23', 'mydigital_id', 'mydid-gvdm0y7z', 'active', '2026-07-13T01:34:52.135Z', '+6017-1223602', '0958369-63-6310', NULL, 'en', '{"bio":"","skills":[]}', 993, 27, now(), now());
INSERT INTO "User" (id, email, name, "avatarUrl", role, "campusId", "ssoProvider", "ssoSubject", status, "lastSignInAt", phone, "icNumber", "employeeId", "preferredLang", metadata, points, streak, "createdAt", "updatedAt") VALUES ('seed_ez2dovp6rn', 'pelajar.12@adtec-pkn.jtm.gov.my', 'Aiman bin Ali', NULL, 'pelajar', 'seed_fu7lsny7qi', 'mydigital_id', 'mydid-2dovp6rn', 'active', '2026-07-09T01:34:52.135Z', '+6018-9430335', '0429336-84-8657', NULL, 'en', '{"bio":"","skills":[]}', 241, 3, now(), now());
INSERT INTO "User" (id, email, name, "avatarUrl", role, "campusId", "ssoProvider", "ssoSubject", status, "lastSignInAt", phone, "icNumber", "employeeId", "preferredLang", metadata, points, streak, "createdAt", "updatedAt") VALUES ('seed_jihnvq5htz', 'pelajar.13@adtec-pkn.jtm.gov.my', 'Husna binti Omar', NULL, 'pelajar', 'seed_fu7lsny7qi', 'mydigital_id', 'mydid-hnvq5htz', 'active', '2026-07-01T01:34:52.135Z', '+6017-1350292', '0817128-33-9008', NULL, 'ms', '{"bio":"","skills":[]}', 878, 5, now(), now());
INSERT INTO "User" (id, email, name, "avatarUrl", role, "campusId", "ssoProvider", "ssoSubject", status, "lastSignInAt", phone, "icNumber", "employeeId", "preferredLang", metadata, points, streak, "createdAt", "updatedAt") VALUES ('seed_qcbln0mdrr', 'pelajar.14@adtec-pkn.jtm.gov.my', 'Riyadh binti Yap', NULL, 'pelajar', 'seed_fu7lsny7qi', 'mydigital_id', 'mydid-bln0mdrr', 'active', '2026-07-03T01:34:52.135Z', '+6015-7935546', '0427703-33-4654', NULL, 'ms', '{"bio":"","skills":[]}', 336, 28, now(), now());
INSERT INTO "User" (id, email, name, "avatarUrl", role, "campusId", "ssoProvider", "ssoSubject", status, "lastSignInAt", phone, "icNumber", "employeeId", "preferredLang", metadata, points, streak, "createdAt", "updatedAt") VALUES ('seed_yow5ylndes', 'pelajar.15@adtec-kb.jtm.gov.my', 'Maryam binti Siva', NULL, 'pelajar', 'seed_dr1axm7kra', 'mydigital_id', 'mydid-w5ylndes', 'active', '2026-07-14T01:34:52.135Z', '+6012-7729543', '0620173-53-1911', NULL, 'en', '{"bio":"","skills":[]}', 428, 26, now(), now());
INSERT INTO "User" (id, email, name, "avatarUrl", role, "campusId", "ssoProvider", "ssoSubject", status, "lastSignInAt", phone, "icNumber", "employeeId", "preferredLang", metadata, points, streak, "createdAt", "updatedAt") VALUES ('seed_z72hxz2jxq', 'pelajar.16@adtec-srg.jtm.gov.my', 'Zikri bin Goh', NULL, 'pelajar', 'seed_kxfrvvjp2y', 'mydigital_id', 'mydid-2hxz2jxq', 'active', '2026-07-03T01:34:52.135Z', '+6017-4790922', '0907785-24-7763', NULL, 'ms', '{"bio":"","skills":[]}', 644, 5, now(), now());
INSERT INTO "User" (id, email, name, "avatarUrl", role, "campusId", "ssoProvider", "ssoSubject", status, "lastSignInAt", phone, "icNumber", "employeeId", "preferredLang", metadata, points, streak, "createdAt", "updatedAt") VALUES ('seed_x2crvh2y1o', 'pelajar.17@adtec-seg.jtm.gov.my', 'Diana binti Abu', NULL, 'pelajar', 'seed_i9xdre8ohx', 'mydigital_id', 'mydid-crvh2y1o', 'active', '2026-07-14T01:34:52.135Z', '+6013-8179852', '0190142-87-6327', NULL, 'en', '{"bio":"","skills":[]}', 843, 23, now(), now());
INSERT INTO "User" (id, email, name, "avatarUrl", role, "campusId", "ssoProvider", "ssoSubject", status, "lastSignInAt", phone, "icNumber", "employeeId", "preferredLang", metadata, points, streak, "createdAt", "updatedAt") VALUES ('seed_412opammci', 'pelajar.18@adtec-hpt.jtm.gov.my', 'Faiz binti Lee', NULL, 'pelajar', 'seed_ydmfp9hceb', 'mydigital_id', 'mydid-2opammci', 'active', '2026-07-15T01:34:52.135Z', '+6018-3006854', '0516684-90-1133', NULL, 'en', '{"bio":"","skills":[]}', 712, 12, now(), now());
INSERT INTO "User" (id, email, name, "avatarUrl", role, "campusId", "ssoProvider", "ssoSubject", status, "lastSignInAt", phone, "icNumber", "employeeId", "preferredLang", metadata, points, streak, "createdAt", "updatedAt") VALUES ('seed_olgr6dd14l', 'pelajar.19@adtec-sb.jtm.gov.my', 'Hana binti Omar', NULL, 'pelajar', 'seed_c4ijpe4nz6', 'mydigital_id', 'mydid-gr6dd14l', 'active', '2026-07-01T01:34:52.135Z', '+6013-3044131', '0781413-28-6202', NULL, 'en', '{"bio":"","skills":[]}', 373, 27, now(), now());
INSERT INTO "User" (id, email, name, "avatarUrl", role, "campusId", "ssoProvider", "ssoSubject", status, "lastSignInAt", phone, "icNumber", "employeeId", "preferredLang", metadata, points, streak, "createdAt", "updatedAt") VALUES ('seed_zfi6lbj0nf', 'pelajar.20@adtec-pkn.jtm.gov.my', 'Iqbal binti Siva', NULL, 'pelajar', 'seed_fu7lsny7qi', 'mydigital_id', 'mydid-i6lbj0nf', 'active', '2026-07-03T01:34:52.135Z', '+6019-4899397', '0148867-85-3958', NULL, 'en', '{"bio":"","skills":[]}', 768, 3, now(), now());
INSERT INTO "User" (id, email, name, "avatarUrl", role, "campusId", "ssoProvider", "ssoSubject", status, "lastSignInAt", phone, "icNumber", "employeeId", "preferredLang", metadata, points, streak, "createdAt", "updatedAt") VALUES ('seed_0xtic6n2rl', 'pelajar.21@adtec-sa.jtm.gov.my', 'Jannah binti Abu', NULL, 'pelajar', 'seed_d2wugb6gke', 'mydigital_id', 'mydid-tic6n2rl', 'active', '2026-07-13T01:34:52.135Z', '+6014-5752204', '0411352-13-4931', NULL, 'en', '{"bio":"","skills":[]}', 654, 18, now(), now());
INSERT INTO "User" (id, email, name, "avatarUrl", role, "campusId", "ssoProvider", "ssoSubject", status, "lastSignInAt", phone, "icNumber", "employeeId", "preferredLang", metadata, points, streak, "createdAt", "updatedAt") VALUES ('seed_a8dxxqzg2j', 'pelajar.22@adtec-btu.jtm.gov.my', 'Khairi bin Tan', NULL, 'pelajar', 'seed_nsto8ktrxu', 'mydigital_id', 'mydid-dxxqzg2j', 'active', '2026-07-09T01:34:52.135Z', '+6013-3652771', '0977413-86-2289', NULL, 'en', '{"bio":"","skills":[]}', 101, 10, now(), now());
INSERT INTO "User" (id, email, name, "avatarUrl", role, "campusId", "ssoProvider", "ssoSubject", status, "lastSignInAt", phone, "icNumber", "employeeId", "preferredLang", metadata, points, streak, "createdAt", "updatedAt") VALUES ('seed_6duurl5o01', 'pelajar.23@adtec-kua.jtm.gov.my', 'Laila bin Wong', NULL, 'pelajar', 'seed_3555iwre23', 'mydigital_id', 'mydid-uurl5o01', 'active', '2026-07-05T01:34:52.135Z', '+6016-7383311', '0891564-31-1172', NULL, 'en', '{"bio":"","skills":[]}', 241, 5, now(), now());
INSERT INTO "User" (id, email, name, "avatarUrl", role, "campusId", "ssoProvider", "ssoSubject", status, "lastSignInAt", phone, "icNumber", "employeeId", "preferredLang", metadata, points, streak, "createdAt", "updatedAt") VALUES ('seed_8nkfeqyckf', 'pelajar.24@adtec-mur.jtm.gov.my', 'Mukhriz binti Siva', NULL, 'pelajar', 'seed_2lmmagdlgf', 'mydigital_id', 'mydid-kfeqyckf', 'active', '2026-07-03T01:34:52.135Z', '+6012-1881859', '0685263-90-5844', NULL, 'ms', '{"bio":"","skills":[]}', 62, 20, now(), now());
INSERT INTO "User" (id, email, name, "avatarUrl", role, "campusId", "ssoProvider", "ssoSubject", status, "lastSignInAt", phone, "icNumber", "employeeId", "preferredLang", metadata, points, streak, "createdAt", "updatedAt") VALUES ('seed_61swcs56gc', 'pelajar.25@adtec-twn.jtm.gov.my', 'Nabil bin Wong', NULL, 'pelajar', 'seed_n7cfvq4mxg', 'mydigital_id', 'mydid-swcs56gc', 'active', '2026-07-15T01:34:52.135Z', '+6012-4228603', '0459140-54-9658', NULL, 'ms', '{"bio":"","skills":[]}', 935, 24, now(), now());
INSERT INTO "User" (id, email, name, "avatarUrl", role, "campusId", "ssoProvider", "ssoSubject", status, "lastSignInAt", phone, "icNumber", "employeeId", "preferredLang", metadata, points, streak, "createdAt", "updatedAt") VALUES ('seed_0zh5intdcc', 'pelajar.26@adtec-pn.jtm.gov.my', 'Putri bin Goh', NULL, 'pelajar', 'seed_2u2ynx3qot', 'mydigital_id', 'mydid-h5intdcc', 'active', '2026-07-04T01:34:52.135Z', '+6019-3194708', '0496473-61-5825', NULL, 'ms', '{"bio":"","skills":[]}', 68, 0, now(), now());
INSERT INTO "User" (id, email, name, "avatarUrl", role, "campusId", "ssoProvider", "ssoSubject", status, "lastSignInAt", phone, "icNumber", "employeeId", "preferredLang", metadata, points, streak, "createdAt", "updatedAt") VALUES ('seed_ssqzh4moub', 'pelajar.27@adtec-kua.jtm.gov.my', 'Qais binti Abu', NULL, 'pelajar', 'seed_3555iwre23', 'mydigital_id', 'mydid-qzh4moub', 'active', '2026-07-05T01:34:52.135Z', '+6015-7353648', '0807913-95-1010', NULL, 'ms', '{"bio":"","skills":[]}', 744, 13, now(), now());
INSERT INTO "User" (id, email, name, "avatarUrl", role, "campusId", "ssoProvider", "ssoSubject", status, "lastSignInAt", phone, "icNumber", "employeeId", "preferredLang", metadata, points, streak, "createdAt", "updatedAt") VALUES ('seed_2vdgk2hwmf', 'pelajar.28@adtec-mur.jtm.gov.my', 'Rania bin Goh', NULL, 'pelajar', 'seed_2lmmagdlgf', 'mydigital_id', 'mydid-dgk2hwmf', 'active', '2026-07-13T01:34:52.135Z', '+6012-3755030', '0507462-74-4726', NULL, 'en', '{"bio":"","skills":[]}', 1195, 3, now(), now());
INSERT INTO "User" (id, email, name, "avatarUrl", role, "campusId", "ssoProvider", "ssoSubject", status, "lastSignInAt", phone, "icNumber", "employeeId", "preferredLang", metadata, points, streak, "createdAt", "updatedAt") VALUES ('seed_dbi1lin8jb', 'pelajar.29@adtec-bnt.jtm.gov.my', 'Sufian bin Wong', NULL, 'pelajar', 'seed_nfd28x1qrz', 'mydigital_id', 'mydid-i1lin8jb', 'active', '2026-07-09T01:34:52.135Z', '+6012-7160927', '0619701-79-3551', NULL, 'ms', '{"bio":"","skills":[]}', 783, 11, now(), now());
INSERT INTO "User" (id, email, name, "avatarUrl", role, "campusId", "ssoProvider", "ssoSubject", status, "lastSignInAt", phone, "icNumber", "employeeId", "preferredLang", metadata, points, streak, "createdAt", "updatedAt") VALUES ('seed_j5q5ltneiv', 'pelajar.30@adtec-bnt.jtm.gov.my', 'Tania bin Goh', NULL, 'pelajar', 'seed_nfd28x1qrz', 'mydigital_id', 'mydid-q5ltneiv', 'active', '2026-07-03T01:34:52.135Z', '+6015-1844701', '0418263-93-1149', NULL, 'ms', '{"bio":"","skills":[]}', 540, 23, now(), now());

-- Courses (instances)
INSERT INTO "Course" (id, code, title, "titleEn", description, "categoryId", "campusId", "instructorId", level, format, "durationHours", "durationDays", credits, price, currency, quota, "enrolledCount", rating, "ratingCount", "coverColor", "coverIcon", tags, status, "startDate", "endDate", "createdAt", "updatedAt") VALUES ('seed_o9v14nv64z', 'JTM-MEK-101', 'Asas Mekatronik & Automasi', 'Asas Mekatronik & Automasi', 'Kursus Asas Mekatronik & Automasi di bawah kategori mekatronik. Kursus ini direka bagi memenuhi keperluan kompetensi SKM/NOSS dan disampaikan secara physical di kampus ADTEC. Peserta akan mempelajari konsep asas sehingga amali lanjut melalui modul video, SCORM dan kuiz interaktif.', 'seed_62627rdw2s', 'seed_d2wugb6gke', 'seed_qwfjz74cab', 'beginner', 'online', 40, 5, 4, 250, 'MYR', 30, 22, 4.8, 41, 'teal', 'utensils', '["mekatronik","beginner","SKM","TVET"]', 'published', '2026-08-01', '2026-12-15', now(), now());
INSERT INTO "CourseCompetency" (id, "courseId", "competencyId", weight) VALUES ('seed_7fqgtc0kd5', 'seed_o9v14nv64z', 'seed_n54tcf2vxo', 1);
INSERT INTO "Module" (id, "courseId", title, description, "order", "durationMin", "isLocked", "createdAt", "updatedAt") VALUES ('seed_dje6949c81', 'seed_o9v14nv64z', 'Pengenalan & Objektif Kursus', 'Topik Pengenalan & Objektif Kursus bagi kursus Asas Mekatronik & Automasi.', 1, 42, FALSE, now(), now());
INSERT INTO "Content" (id, "moduleId", title, type, url, "durationSec", "sizeKb", description, "isDownloadable", "createdAt") VALUES ('seed_me2uap6odx', 'seed_dje6949c81', 'Pengenalan & Objektif Kursus — Bahan 1 (SCORM)', 'scorm', NULL, 1652, 12307, 'Bahan pembelajaran format scorm untuk modul ini.', FALSE, now());
INSERT INTO "Content" (id, "moduleId", title, type, url, "durationSec", "sizeKb", description, "isDownloadable", "createdAt") VALUES ('seed_exmln39asj', 'seed_dje6949c81', 'Pengenalan & Objektif Kursus — Bahan 2 (VIDEO)', 'video', 'https://stream.jtm.gov.my/v/seed_b6gukq9pbl', 448, 180454, 'Bahan pembelajaran format video untuk modul ini.', TRUE, now());
INSERT INTO "Module" (id, "courseId", title, description, "order", "durationMin", "isLocked", "createdAt", "updatedAt") VALUES ('seed_rgcsp33c8w', 'seed_o9v14nv64z', 'Konsep Asas & Terminologi', 'Topik Konsep Asas & Terminologi bagi kursus Asas Mekatronik & Automasi.', 2, 61, FALSE, now(), now());
INSERT INTO "Content" (id, "moduleId", title, type, url, "durationSec", "sizeKb", description, "isDownloadable", "createdAt") VALUES ('seed_u91bs0kaam', 'seed_rgcsp33c8w', 'Konsep Asas & Terminologi — Bahan 1 (SCORM)', 'scorm', NULL, 2359, 12481, 'Bahan pembelajaran format scorm untuk modul ini.', FALSE, now());
INSERT INTO "Content" (id, "moduleId", title, type, url, "durationSec", "sizeKb", description, "isDownloadable", "createdAt") VALUES ('seed_vp6ezuzshf', 'seed_rgcsp33c8w', 'Konsep Asas & Terminologi — Bahan 2 (VIDEO)', 'video', 'https://stream.jtm.gov.my/v/seed_ip8syiabon', 1207, 82220, 'Bahan pembelajaran format video untuk modul ini.', TRUE, now());
INSERT INTO "Module" (id, "courseId", title, description, "order", "durationMin", "isLocked", "createdAt", "updatedAt") VALUES ('seed_5j31ghv9iw', 'seed_o9v14nv64z', 'Alat & Keselamatan', 'Topik Alat & Keselamatan bagi kursus Asas Mekatronik & Automasi.', 3, 45, FALSE, now(), now());
INSERT INTO "Content" (id, "moduleId", title, type, url, "durationSec", "sizeKb", description, "isDownloadable", "createdAt") VALUES ('seed_exu4s9sqh9', 'seed_5j31ghv9iw', 'Alat & Keselamatan — Bahan 1 (SCORM)', 'scorm', NULL, 1360, 4132, 'Bahan pembelajaran format scorm untuk modul ini.', FALSE, now());
INSERT INTO "Content" (id, "moduleId", title, type, url, "durationSec", "sizeKb", description, "isDownloadable", "createdAt") VALUES ('seed_ihz5k8hjxw', 'seed_5j31ghv9iw', 'Alat & Keselamatan — Bahan 2 (SCORM)', 'scorm', NULL, 1714, 12549, 'Bahan pembelajaran format scorm untuk modul ini.', FALSE, now());
INSERT INTO "Content" (id, "moduleId", title, type, url, "durationSec", "sizeKb", description, "isDownloadable", "createdAt") VALUES ('seed_1dgma9zm0v', 'seed_5j31ghv9iw', 'Alat & Keselamatan — Bahan 3 (H5P)', 'h5p', NULL, 0, 16152, 'Bahan pembelajaran format h5p untuk modul ini.', FALSE, now());
INSERT INTO "Module" (id, "courseId", title, description, "order", "durationMin", "isLocked", "createdAt", "updatedAt") VALUES ('seed_z575uxb43c', 'seed_o9v14nv64z', 'Komponen Utama Sistem', 'Topik Komponen Utama Sistem bagi kursus Asas Mekatronik & Automasi.', 4, 34, TRUE, now(), now());
INSERT INTO "Content" (id, "moduleId", title, type, url, "durationSec", "sizeKb", description, "isDownloadable", "createdAt") VALUES ('seed_0h9zk95l9r', 'seed_z575uxb43c', 'Komponen Utama Sistem — Bahan 1 (H5P)', 'h5p', NULL, 0, 15387, 'Bahan pembelajaran format h5p untuk modul ini.', FALSE, now());
INSERT INTO "Content" (id, "moduleId", title, type, url, "durationSec", "sizeKb", description, "isDownloadable", "createdAt") VALUES ('seed_n4pw0kiyl2', 'seed_z575uxb43c', 'Komponen Utama Sistem — Bahan 2 (H5P)', 'h5p', NULL, 0, 7875, 'Bahan pembelajaran format h5p untuk modul ini.', FALSE, now());
INSERT INTO "Content" (id, "moduleId", title, type, url, "durationSec", "sizeKb", description, "isDownloadable", "createdAt") VALUES ('seed_4aaygc2q5v', 'seed_z575uxb43c', 'Komponen Utama Sistem — Bahan 3 (PDF)', 'pdf', '/content/sample.pdf', 0, 4530, 'Bahan pembelajaran format pdf untuk modul ini.', TRUE, now());
INSERT INTO "Content" (id, "moduleId", title, type, url, "durationSec", "sizeKb", description, "isDownloadable", "createdAt") VALUES ('seed_hvh3f3t9gd', 'seed_z575uxb43c', 'Komponen Utama Sistem — Bahan 4 (PDF)', 'pdf', '/content/sample.pdf', 0, 2004, 'Bahan pembelajaran format pdf untuk modul ini.', TRUE, now());
INSERT INTO "Quiz" (id, "courseId", "moduleId", title, description, "questionCount", "passMark", "timeLimitMin", "maxAttempts", weight, "createdAt") VALUES ('seed_w0l8edv6pu', 'seed_o9v14nv64z', NULL, 'Kuiz Akhir — Asas Mekatronik & Automasi', 'Penilaian kompetensi berdasarkan modul yang dipelajari.', 5, 60, 30, 3, 1, now());
INSERT INTO "Question" (id, "quizId", type, text, options, "correctAnswer", explanation, marks, "order") VALUES ('seed_feyr1u8mmt', 'seed_w0l8edv6pu', 'mcq', 'Pilih kata kunci SQL yang betul untuk menapis rekod.', '[{"id":"a","text":"FILTER"},{"id":"b","text":"WHERE"},{"id":"c","text":"SEARCH"},{"id":"d","text":"MATCH"}]', '["b"]', 'Rujuk modul berkaitan untuk penjelasan terperinci.', 1, 1);
INSERT INTO "Question" (id, "quizId", type, text, options, "correctAnswer", explanation, marks, "order") VALUES ('seed_euepsbjgt1', 'seed_w0l8edv6pu', 'fill_blank', 'Singkatan CNC dalam pembuatan bermaksud Computer ___ Control.', '[]', '"Numerical"', 'Rujuk modul berkaitan untuk penjelasan terperinci.', 1, 2);
INSERT INTO "Question" (id, "quizId", type, text, options, "correctAnswer", explanation, marks, "order") VALUES ('seed_pbrgsa18ef', 'seed_w0l8edv6pu', 'mcq', 'Standard kompetensi kebangsaan Malaysia dikenali sebagai?', '[{"id":"a","text":"ISO 9001"},{"id":"b","text":"SKM/NOSS"},{"id":"c","text":"MQA"},{"id":"d","text":"OSHA"}]', '["b"]', 'Rujuk modul berkaitan untuk penjelasan terperinci.', 1, 3);
INSERT INTO "Question" (id, "quizId", type, text, options, "correctAnswer", explanation, marks, "order") VALUES ('seed_4c9nj5osst', 'seed_w0l8edv6pu', 'true_false', 'Bateri HV pada kenderaan hibrid boleh dicas semula menggunakan bekalan kuasa biasa 240V.', '[]', '"true"', 'Rujuk modul berkaitan untuk penjelasan terperinci.', 1, 4);
INSERT INTO "Question" (id, "quizId", type, text, options, "correctAnswer", explanation, marks, "order") VALUES ('seed_hqcunyfmqw', 'seed_w0l8edv6pu', 'mcq', 'Apakah langkah pertama dalam diagnostik kerosakan elektrik?', '[{"id":"a","text":"Tukar komponen terus"},{"id":"b","text":"Periksa bekalan kuasa & litar"},{"id":"c","text":"Padam kod DTC"},{"id":"d","text":"Restart sistem"}]', '["b"]', 'Rujuk modul berkaitan untuk penjelasan terperinci.', 1, 5);
INSERT INTO "Course" (id, code, title, "titleEn", description, "categoryId", "campusId", "instructorId", level, format, "durationHours", "durationDays", credits, price, currency, quota, "enrolledCount", rating, "ratingCount", "coverColor", "coverIcon", tags, status, "startDate", "endDate", "createdAt", "updatedAt") VALUES ('seed_syhudgyexr', 'JTM-MEK-201', 'Sistem PLC Guna Lanjut', 'Sistem PLC Guna Lanjut', 'Kursus Sistem PLC Guna Lanjut di bawah kategori mekatronik. Kursus ini direka bagi memenuhi keperluan kompetensi SKM/NOSS dan disampaikan secara physical di kampus ADTEC. Peserta akan mempelajari konsep asas sehingga amali lanjut melalui modul video, SCORM dan kuiz interaktif.', 'seed_62627rdw2s', 'seed_n7cfvq4mxg', 'seed_qea23anbc8', 'intermediate', 'blended', 60, 8, 6, 350, 'MYR', 30, 27, 4.3, 21, 'rose', 'zap', '["mekatronik","intermediate","SKM","TVET"]', 'published', '2026-08-01', '2026-12-15', now(), now());
INSERT INTO "CourseCompetency" (id, "courseId", "competencyId", weight) VALUES ('seed_4rth50nivt', 'seed_syhudgyexr', 'seed_n54tcf2vxo', 1);
INSERT INTO "CourseCompetency" (id, "courseId", "competencyId", weight) VALUES ('seed_xtiwxhggje', 'seed_syhudgyexr', 'seed_wyv1m3hcih', 1);
INSERT INTO "Module" (id, "courseId", title, description, "order", "durationMin", "isLocked", "createdAt", "updatedAt") VALUES ('seed_n0ds2s1os5', 'seed_syhudgyexr', 'Pengenalan & Objektif Kursus', 'Topik Pengenalan & Objektif Kursus bagi kursus Sistem PLC Guna Lanjut.', 1, 68, FALSE, now(), now());
INSERT INTO "Content" (id, "moduleId", title, type, url, "durationSec", "sizeKb", description, "isDownloadable", "createdAt") VALUES ('seed_w03x95br6s', 'seed_n0ds2s1os5', 'Pengenalan & Objektif Kursus — Bahan 1 (PDF)', 'pdf', '/content/sample.pdf', 0, 2091, 'Bahan pembelajaran format pdf untuk modul ini.', TRUE, now());
INSERT INTO "Content" (id, "moduleId", title, type, url, "durationSec", "sizeKb", description, "isDownloadable", "createdAt") VALUES ('seed_9wcyfakj53', 'seed_n0ds2s1os5', 'Pengenalan & Objektif Kursus — Bahan 2 (H5P)', 'h5p', NULL, 0, 3512, 'Bahan pembelajaran format h5p untuk modul ini.', FALSE, now());
INSERT INTO "Content" (id, "moduleId", title, type, url, "durationSec", "sizeKb", description, "isDownloadable", "createdAt") VALUES ('seed_jb05y8sai0', 'seed_n0ds2s1os5', 'Pengenalan & Objektif Kursus — Bahan 3 (H5P)', 'h5p', NULL, 0, 12491, 'Bahan pembelajaran format h5p untuk modul ini.', FALSE, now());
INSERT INTO "Module" (id, "courseId", title, description, "order", "durationMin", "isLocked", "createdAt", "updatedAt") VALUES ('seed_mkqjssknvm', 'seed_syhudgyexr', 'Konsep Asas & Terminologi', 'Topik Konsep Asas & Terminologi bagi kursus Sistem PLC Guna Lanjut.', 2, 36, FALSE, now(), now());
INSERT INTO "Content" (id, "moduleId", title, type, url, "durationSec", "sizeKb", description, "isDownloadable", "createdAt") VALUES ('seed_vfy2ke4d2q', 'seed_mkqjssknvm', 'Konsep Asas & Terminologi — Bahan 1 (H5P)', 'h5p', NULL, 0, 7193, 'Bahan pembelajaran format h5p untuk modul ini.', FALSE, now());
INSERT INTO "Content" (id, "moduleId", title, type, url, "durationSec", "sizeKb", description, "isDownloadable", "createdAt") VALUES ('seed_8tps8qakho', 'seed_mkqjssknvm', 'Konsep Asas & Terminologi — Bahan 2 (ARTICLE)', 'article', NULL, 0, 4190, 'Bahan pembelajaran format article untuk modul ini.', TRUE, now());
INSERT INTO "Content" (id, "moduleId", title, type, url, "durationSec", "sizeKb", description, "isDownloadable", "createdAt") VALUES ('seed_ivqtcfh4ko', 'seed_mkqjssknvm', 'Konsep Asas & Terminologi — Bahan 3 (VIDEO)', 'video', 'https://stream.jtm.gov.my/v/seed_51a5115o46', 1093, 218254, 'Bahan pembelajaran format video untuk modul ini.', TRUE, now());
INSERT INTO "Content" (id, "moduleId", title, type, url, "durationSec", "sizeKb", description, "isDownloadable", "createdAt") VALUES ('seed_phou1wlx0n', 'seed_mkqjssknvm', 'Konsep Asas & Terminologi — Bahan 4 (PDF)', 'pdf', '/content/sample.pdf', 0, 4393, 'Bahan pembelajaran format pdf untuk modul ini.', TRUE, now());
INSERT INTO "Module" (id, "courseId", title, description, "order", "durationMin", "isLocked", "createdAt", "updatedAt") VALUES ('seed_1hl26r0w64', 'seed_syhudgyexr', 'Alat & Keselamatan', 'Topik Alat & Keselamatan bagi kursus Sistem PLC Guna Lanjut.', 3, 70, FALSE, now(), now());
INSERT INTO "Content" (id, "moduleId", title, type, url, "durationSec", "sizeKb", description, "isDownloadable", "createdAt") VALUES ('seed_4etk5m03vu', 'seed_1hl26r0w64', 'Alat & Keselamatan — Bahan 1 (PDF)', 'pdf', '/content/sample.pdf', 0, 3424, 'Bahan pembelajaran format pdf untuk modul ini.', TRUE, now());
INSERT INTO "Content" (id, "moduleId", title, type, url, "durationSec", "sizeKb", description, "isDownloadable", "createdAt") VALUES ('seed_rqewsjnako', 'seed_1hl26r0w64', 'Alat & Keselamatan — Bahan 2 (PDF)', 'pdf', '/content/sample.pdf', 0, 852, 'Bahan pembelajaran format pdf untuk modul ini.', TRUE, now());
INSERT INTO "Module" (id, "courseId", title, description, "order", "durationMin", "isLocked", "createdAt", "updatedAt") VALUES ('seed_p7rj2gxowy', 'seed_syhudgyexr', 'Komponen Utama Sistem', 'Topik Komponen Utama Sistem bagi kursus Sistem PLC Guna Lanjut.', 4, 64, FALSE, now(), now());
INSERT INTO "Content" (id, "moduleId", title, type, url, "durationSec", "sizeKb", description, "isDownloadable", "createdAt") VALUES ('seed_0nkt3pjr2c', 'seed_p7rj2gxowy', 'Komponen Utama Sistem — Bahan 1 (PDF)', 'pdf', '/content/sample.pdf', 0, 2052, 'Bahan pembelajaran format pdf untuk modul ini.', TRUE, now());
INSERT INTO "Content" (id, "moduleId", title, type, url, "durationSec", "sizeKb", description, "isDownloadable", "createdAt") VALUES ('seed_hx6d9rsggg', 'seed_p7rj2gxowy', 'Komponen Utama Sistem — Bahan 2 (VIDEO)', 'video', 'https://stream.jtm.gov.my/v/seed_aj5ul478vf', 783, 239886, 'Bahan pembelajaran format video untuk modul ini.', TRUE, now());
INSERT INTO "Module" (id, "courseId", title, description, "order", "durationMin", "isLocked", "createdAt", "updatedAt") VALUES ('seed_7ml7fy5bd5', 'seed_syhudgyexr', 'Prinsip Operasi', 'Topik Prinsip Operasi bagi kursus Sistem PLC Guna Lanjut.', 5, 39, FALSE, now(), now());
INSERT INTO "Content" (id, "moduleId", title, type, url, "durationSec", "sizeKb", description, "isDownloadable", "createdAt") VALUES ('seed_nnambjbhxl', 'seed_7ml7fy5bd5', 'Prinsip Operasi — Bahan 1 (PDF)', 'pdf', '/content/sample.pdf', 0, 1024, 'Bahan pembelajaran format pdf untuk modul ini.', TRUE, now());
INSERT INTO "Content" (id, "moduleId", title, type, url, "durationSec", "sizeKb", description, "isDownloadable", "createdAt") VALUES ('seed_s2r2fcfydk', 'seed_7ml7fy5bd5', 'Prinsip Operasi — Bahan 2 (H5P)', 'h5p', NULL, 0, 5322, 'Bahan pembelajaran format h5p untuk modul ini.', FALSE, now());
INSERT INTO "Content" (id, "moduleId", title, type, url, "durationSec", "sizeKb", description, "isDownloadable", "createdAt") VALUES ('seed_y54endhsft', 'seed_7ml7fy5bd5', 'Prinsip Operasi — Bahan 3 (H5P)', 'h5p', NULL, 0, 15617, 'Bahan pembelajaran format h5p untuk modul ini.', FALSE, now());
INSERT INTO "Module" (id, "courseId", title, description, "order", "durationMin", "isLocked", "createdAt", "updatedAt") VALUES ('seed_iqewhys15y', 'seed_syhudgyexr', 'Amali Langkah Demi Langkah', 'Topik Amali Langkah Demi Langkah bagi kursus Sistem PLC Guna Lanjut.', 6, 115, TRUE, now(), now());
INSERT INTO "Content" (id, "moduleId", title, type, url, "durationSec", "sizeKb", description, "isDownloadable", "createdAt") VALUES ('seed_j3az3tmjs4', 'seed_iqewhys15y', 'Amali Langkah Demi Langkah — Bahan 1 (SCORM)', 'scorm', NULL, 1490, 4318, 'Bahan pembelajaran format scorm untuk modul ini.', FALSE, now());
INSERT INTO "Content" (id, "moduleId", title, type, url, "durationSec", "sizeKb", description, "isDownloadable", "createdAt") VALUES ('seed_i46kwifgdz', 'seed_iqewhys15y', 'Amali Langkah Demi Langkah — Bahan 2 (PDF)', 'pdf', '/content/sample.pdf', 0, 4367, 'Bahan pembelajaran format pdf untuk modul ini.', TRUE, now());
INSERT INTO "Content" (id, "moduleId", title, type, url, "durationSec", "sizeKb", description, "isDownloadable", "createdAt") VALUES ('seed_orethyu0vz', 'seed_iqewhys15y', 'Amali Langkah Demi Langkah — Bahan 3 (VIDEO)', 'video', 'https://stream.jtm.gov.my/v/seed_3uv9gu2rha', 577, 233042, 'Bahan pembelajaran format video untuk modul ini.', TRUE, now());
INSERT INTO "Quiz" (id, "courseId", "moduleId", title, description, "questionCount", "passMark", "timeLimitMin", "maxAttempts", weight, "createdAt") VALUES ('seed_ytccgq4i1r', 'seed_syhudgyexr', NULL, 'Kuiz Akhir — Sistem PLC Guna Lanjut', 'Penilaian kompetensi berdasarkan modul yang dipelajari.', 5, 60, 30, 3, 1, now());
INSERT INTO "Question" (id, "quizId", type, text, options, "correctAnswer", explanation, marks, "order") VALUES ('seed_glqcd321dl', 'seed_ytccgq4i1r', 'mcq', 'Standard kompetensi kebangsaan Malaysia dikenali sebagai?', '[{"id":"a","text":"ISO 9001"},{"id":"b","text":"SKM/NOSS"},{"id":"c","text":"MQA"},{"id":"d","text":"OSHA"}]', '["b"]', 'Rujuk modul berkaitan untuk penjelasan terperinci.', 1, 1);
INSERT INTO "Question" (id, "quizId", type, text, options, "correctAnswer", explanation, marks, "order") VALUES ('seed_ai90be4o1w', 'seed_ytccgq4i1r', 'mcq', 'Apakah fungsi utama sebuah PLC dalam sistem automasi?', '[{"id":"a","text":"Memproses isyarat input dan mengawal output"},{"id":"b","text":"Menyimpan data pelanggan"},{"id":"c","text":"Menghantar emel automatik"},{"id":"d","text":"Memainkan muzik latar"}]', '["a"]', 'Rujuk modul berkaitan untuk penjelasan terperinci.', 1, 2);
INSERT INTO "Question" (id, "quizId", type, text, options, "correctAnswer", explanation, marks, "order") VALUES ('seed_j51en02j5g', 'seed_ytccgq4i1r', 'fill_blank', 'Singkatan CNC dalam pembuatan bermaksud Computer ___ Control.', '[]', '"Numerical"', 'Rujuk modul berkaitan untuk penjelasan terperinci.', 1, 3);
INSERT INTO "Question" (id, "quizId", type, text, options, "correctAnswer", explanation, marks, "order") VALUES ('seed_abezzt4z7j', 'seed_ytccgq4i1r', 'mcq', 'Apakah langkah pertama dalam diagnostik kerosakan elektrik?', '[{"id":"a","text":"Tukar komponen terus"},{"id":"b","text":"Periksa bekalan kuasa & litar"},{"id":"c","text":"Padam kod DTC"},{"id":"d","text":"Restart sistem"}]', '["b"]', 'Rujuk modul berkaitan untuk penjelasan terperinci.', 1, 4);
INSERT INTO "Question" (id, "quizId", type, text, options, "correctAnswer", explanation, marks, "order") VALUES ('seed_hzegthxctt', 'seed_ytccgq4i1r', 'mcq', 'Pilih kata kunci SQL yang betul untuk menapis rekod.', '[{"id":"a","text":"FILTER"},{"id":"b","text":"WHERE"},{"id":"c","text":"SEARCH"},{"id":"d","text":"MATCH"}]', '["b"]', 'Rujuk modul berkaitan untuk penjelasan terperinci.', 1, 5);
INSERT INTO "Course" (id, code, title, "titleEn", description, "categoryId", "campusId", "instructorId", level, format, "durationHours", "durationDays", credits, price, currency, quota, "enrolledCount", rating, "ratingCount", "coverColor", "coverIcon", tags, status, "startDate", "endDate", "createdAt", "updatedAt") VALUES ('seed_shbvljttgx', 'JTM-ELE-101', 'Pemasangan Elektrik Domestik', 'Pemasangan Elektrik Domestik', 'Kursus Pemasangan Elektrik Domestik di bawah kategori elektrik. Kursus ini direka bagi memenuhi keperluan kompetensi SKM/NOSS dan disampaikan secara online di kampus ADTEC. Peserta akan mempelajari konsep asas sehingga amali lanjut melalui modul video, SCORM dan kuiz interaktif.', 'seed_sa068lroax', 'seed_easf1g4whj', 'seed_gfzm5ii0tj', 'beginner', 'blended', 32, 4, 3, 350, 'MYR', 30, 27, 4.4, 47, 'violet', 'cpu', '["elektrik","beginner","SKM","TVET"]', 'published', '2026-08-01', '2026-12-15', now(), now());
INSERT INTO "CourseCompetency" (id, "courseId", "competencyId", weight) VALUES ('seed_rjlpy5xxrc', 'seed_shbvljttgx', 'seed_f9uu3yjyib', 1);
INSERT INTO "Module" (id, "courseId", title, description, "order", "durationMin", "isLocked", "createdAt", "updatedAt") VALUES ('seed_9603an516l', 'seed_shbvljttgx', 'Pengenalan & Objektif Kursus', 'Topik Pengenalan & Objektif Kursus bagi kursus Pemasangan Elektrik Domestik.', 1, 53, FALSE, now(), now());
INSERT INTO "Content" (id, "moduleId", title, type, url, "durationSec", "sizeKb", description, "isDownloadable", "createdAt") VALUES ('seed_0nhq1rdyg0', 'seed_9603an516l', 'Pengenalan & Objektif Kursus — Bahan 1 (VIDEO)', 'video', 'https://stream.jtm.gov.my/v/seed_4im9gzomx3', 721, 137573, 'Bahan pembelajaran format video untuk modul ini.', TRUE, now());
INSERT INTO "Content" (id, "moduleId", title, type, url, "durationSec", "sizeKb", description, "isDownloadable", "createdAt") VALUES ('seed_kered6f5pl', 'seed_9603an516l', 'Pengenalan & Objektif Kursus — Bahan 2 (SCORM)', 'scorm', NULL, 1086, 10066, 'Bahan pembelajaran format scorm untuk modul ini.', FALSE, now());
INSERT INTO "Module" (id, "courseId", title, description, "order", "durationMin", "isLocked", "createdAt", "updatedAt") VALUES ('seed_ultee94ot2', 'seed_shbvljttgx', 'Konsep Asas & Terminologi', 'Topik Konsep Asas & Terminologi bagi kursus Pemasangan Elektrik Domestik.', 2, 72, FALSE, now(), now());
INSERT INTO "Content" (id, "moduleId", title, type, url, "durationSec", "sizeKb", description, "isDownloadable", "createdAt") VALUES ('seed_zszgo5cbox', 'seed_ultee94ot2', 'Konsep Asas & Terminologi — Bahan 1 (VIDEO)', 'video', 'https://stream.jtm.gov.my/v/seed_yhj1dqccud', 261, 121398, 'Bahan pembelajaran format video untuk modul ini.', TRUE, now());
INSERT INTO "Content" (id, "moduleId", title, type, url, "durationSec", "sizeKb", description, "isDownloadable", "createdAt") VALUES ('seed_civzztr48u', 'seed_ultee94ot2', 'Konsep Asas & Terminologi — Bahan 2 (PDF)', 'pdf', '/content/sample.pdf', 0, 1544, 'Bahan pembelajaran format pdf untuk modul ini.', TRUE, now());
INSERT INTO "Module" (id, "courseId", title, description, "order", "durationMin", "isLocked", "createdAt", "updatedAt") VALUES ('seed_dec2b0idjm', 'seed_shbvljttgx', 'Alat & Keselamatan', 'Topik Alat & Keselamatan bagi kursus Pemasangan Elektrik Domestik.', 3, 113, FALSE, now(), now());
INSERT INTO "Content" (id, "moduleId", title, type, url, "durationSec", "sizeKb", description, "isDownloadable", "createdAt") VALUES ('seed_h05nrtaqfr', 'seed_dec2b0idjm', 'Alat & Keselamatan — Bahan 1 (SCORM)', 'scorm', NULL, 1738, 11768, 'Bahan pembelajaran format scorm untuk modul ini.', FALSE, now());
INSERT INTO "Content" (id, "moduleId", title, type, url, "durationSec", "sizeKb", description, "isDownloadable", "createdAt") VALUES ('seed_xc1ljbcu9m', 'seed_dec2b0idjm', 'Alat & Keselamatan — Bahan 2 (ARTICLE)', 'article', NULL, 0, 18446, 'Bahan pembelajaran format article untuk modul ini.', TRUE, now());
INSERT INTO "Content" (id, "moduleId", title, type, url, "durationSec", "sizeKb", description, "isDownloadable", "createdAt") VALUES ('seed_nzls0ma5fb', 'seed_dec2b0idjm', 'Alat & Keselamatan — Bahan 3 (ARTICLE)', 'article', NULL, 0, 11763, 'Bahan pembelajaran format article untuk modul ini.', TRUE, now());
INSERT INTO "Content" (id, "moduleId", title, type, url, "durationSec", "sizeKb", description, "isDownloadable", "createdAt") VALUES ('seed_r0dg68rvxg', 'seed_dec2b0idjm', 'Alat & Keselamatan — Bahan 4 (SCORM)', 'scorm', NULL, 1723, 18574, 'Bahan pembelajaran format scorm untuk modul ini.', FALSE, now());
INSERT INTO "Module" (id, "courseId", title, description, "order", "durationMin", "isLocked", "createdAt", "updatedAt") VALUES ('seed_a8y0k4qyyl', 'seed_shbvljttgx', 'Komponen Utama Sistem', 'Topik Komponen Utama Sistem bagi kursus Pemasangan Elektrik Domestik.', 4, 66, FALSE, now(), now());
INSERT INTO "Content" (id, "moduleId", title, type, url, "durationSec", "sizeKb", description, "isDownloadable", "createdAt") VALUES ('seed_eihtpre6al', 'seed_a8y0k4qyyl', 'Komponen Utama Sistem — Bahan 1 (SCORM)', 'scorm', NULL, 1542, 15959, 'Bahan pembelajaran format scorm untuk modul ini.', FALSE, now());
INSERT INTO "Content" (id, "moduleId", title, type, url, "durationSec", "sizeKb", description, "isDownloadable", "createdAt") VALUES ('seed_xbaq680jjt', 'seed_a8y0k4qyyl', 'Komponen Utama Sistem — Bahan 2 (SCORM)', 'scorm', NULL, 1789, 8548, 'Bahan pembelajaran format scorm untuk modul ini.', FALSE, now());
INSERT INTO "Content" (id, "moduleId", title, type, url, "durationSec", "sizeKb", description, "isDownloadable", "createdAt") VALUES ('seed_e8j3mas9hw', 'seed_a8y0k4qyyl', 'Komponen Utama Sistem — Bahan 3 (SCORM)', 'scorm', NULL, 2047, 13776, 'Bahan pembelajaran format scorm untuk modul ini.', FALSE, now());
INSERT INTO "Quiz" (id, "courseId", "moduleId", title, description, "questionCount", "passMark", "timeLimitMin", "maxAttempts", weight, "createdAt") VALUES ('seed_lth6phatwi', 'seed_shbvljttgx', NULL, 'Kuiz Akhir — Pemasangan Elektrik Domestik', 'Penilaian kompetensi berdasarkan modul yang dipelajari.', 5, 60, 30, 3, 1, now());
INSERT INTO "Question" (id, "quizId", type, text, options, "correctAnswer", explanation, marks, "order") VALUES ('seed_e9fx1ko9c6', 'seed_lth6phatwi', 'mcq', 'Pilih kata kunci SQL yang betul untuk menapis rekod.', '[{"id":"a","text":"FILTER"},{"id":"b","text":"WHERE"},{"id":"c","text":"SEARCH"},{"id":"d","text":"MATCH"}]', '["b"]', 'Rujuk modul berkaitan untuk penjelasan terperinci.', 1, 1);
INSERT INTO "Question" (id, "quizId", type, text, options, "correctAnswer", explanation, marks, "order") VALUES ('seed_05y1djibnh', 'seed_lth6phatwi', 'mcq', 'Apakah langkah pertama dalam diagnostik kerosakan elektrik?', '[{"id":"a","text":"Tukar komponen terus"},{"id":"b","text":"Periksa bekalan kuasa & litar"},{"id":"c","text":"Padam kod DTC"},{"id":"d","text":"Restart sistem"}]', '["b"]', 'Rujuk modul berkaitan untuk penjelasan terperinci.', 1, 2);
INSERT INTO "Question" (id, "quizId", type, text, options, "correctAnswer", explanation, marks, "order") VALUES ('seed_ykzoq16cg5', 'seed_lth6phatwi', 'fill_blank', 'Singkatan CNC dalam pembuatan bermaksud Computer ___ Control.', '[]', '"Numerical"', 'Rujuk modul berkaitan untuk penjelasan terperinci.', 1, 3);
INSERT INTO "Question" (id, "quizId", type, text, options, "correctAnswer", explanation, marks, "order") VALUES ('seed_mk5k3wv3nu', 'seed_lth6phatwi', 'mcq', 'Apakah fungsi utama sebuah PLC dalam sistem automasi?', '[{"id":"a","text":"Memproses isyarat input dan mengawal output"},{"id":"b","text":"Menyimpan data pelanggan"},{"id":"c","text":"Menghantar emel automatik"},{"id":"d","text":"Memainkan muzik latar"}]', '["a"]', 'Rujuk modul berkaitan untuk penjelasan terperinci.', 1, 4);
INSERT INTO "Question" (id, "quizId", type, text, options, "correctAnswer", explanation, marks, "order") VALUES ('seed_0a59o59365', 'seed_lth6phatwi', 'true_false', 'Bateri HV pada kenderaan hibrid boleh dicas semula menggunakan bekalan kuasa biasa 240V.', '[]', '"true"', 'Rujuk modul berkaitan untuk penjelasan terperinci.', 1, 5);
INSERT INTO "Course" (id, code, title, "titleEn", description, "categoryId", "campusId", "instructorId", level, format, "durationHours", "durationDays", credits, price, currency, quota, "enrolledCount", rating, "ratingCount", "coverColor", "coverIcon", tags, status, "startDate", "endDate", "createdAt", "updatedAt") VALUES ('seed_jq28ekd6w1', 'JTM-ELE-202', 'Penyelenggaraan Sistem Elektrik Industri', 'Penyelenggaraan Sistem Elektrik Industri', 'Kursus Penyelenggaraan Sistem Elektrik Industri di bawah kategori elektrik. Kursus ini direka bagi memenuhi keperluan kompetensi SKM/NOSS dan disampaikan secara blended di kampus ADTEC. Peserta akan mempelajari konsep asas sehingga amali lanjut melalui modul video, SCORM dan kuiz interaktif.', 'seed_sa068lroax', 'seed_6oiuvmxxh7', 'seed_e4kgesyjyv', 'intermediate', 'blended', 48, 6, 5, 150, 'MYR', 30, 28, 5, 55, 'teal', 'shirt', '["elektrik","intermediate","SKM","TVET"]', 'published', '2026-08-01', '2026-12-15', now(), now());
INSERT INTO "CourseCompetency" (id, "courseId", "competencyId", weight) VALUES ('seed_7cr5qt292a', 'seed_jq28ekd6w1', 'seed_qgzhpqvmn8', 1);
INSERT INTO "Module" (id, "courseId", title, description, "order", "durationMin", "isLocked", "createdAt", "updatedAt") VALUES ('seed_7kgvrhg2fo', 'seed_jq28ekd6w1', 'Pengenalan & Objektif Kursus', 'Topik Pengenalan & Objektif Kursus bagi kursus Penyelenggaraan Sistem Elektrik Industri.', 1, 108, FALSE, now(), now());
INSERT INTO "Content" (id, "moduleId", title, type, url, "durationSec", "sizeKb", description, "isDownloadable", "createdAt") VALUES ('seed_phvpg3snps', 'seed_7kgvrhg2fo', 'Pengenalan & Objektif Kursus — Bahan 1 (ARTICLE)', 'article', NULL, 0, 17845, 'Bahan pembelajaran format article untuk modul ini.', TRUE, now());
INSERT INTO "Content" (id, "moduleId", title, type, url, "durationSec", "sizeKb", description, "isDownloadable", "createdAt") VALUES ('seed_1t9a4bz9f0', 'seed_7kgvrhg2fo', 'Pengenalan & Objektif Kursus — Bahan 2 (PDF)', 'pdf', '/content/sample.pdf', 0, 3961, 'Bahan pembelajaran format pdf untuk modul ini.', TRUE, now());
INSERT INTO "Content" (id, "moduleId", title, type, url, "durationSec", "sizeKb", description, "isDownloadable", "createdAt") VALUES ('seed_jepcwtppfi', 'seed_7kgvrhg2fo', 'Pengenalan & Objektif Kursus — Bahan 3 (ARTICLE)', 'article', NULL, 0, 4024, 'Bahan pembelajaran format article untuk modul ini.', TRUE, now());
INSERT INTO "Content" (id, "moduleId", title, type, url, "durationSec", "sizeKb", description, "isDownloadable", "createdAt") VALUES ('seed_udicoukjjg', 'seed_7kgvrhg2fo', 'Pengenalan & Objektif Kursus — Bahan 4 (H5P)', 'h5p', NULL, 0, 10144, 'Bahan pembelajaran format h5p untuk modul ini.', FALSE, now());
INSERT INTO "Module" (id, "courseId", title, description, "order", "durationMin", "isLocked", "createdAt", "updatedAt") VALUES ('seed_ddvzl2vh4z', 'seed_jq28ekd6w1', 'Konsep Asas & Terminologi', 'Topik Konsep Asas & Terminologi bagi kursus Penyelenggaraan Sistem Elektrik Industri.', 2, 120, FALSE, now(), now());
INSERT INTO "Content" (id, "moduleId", title, type, url, "durationSec", "sizeKb", description, "isDownloadable", "createdAt") VALUES ('seed_w9zbuvgjbk', 'seed_ddvzl2vh4z', 'Konsep Asas & Terminologi — Bahan 1 (ARTICLE)', 'article', NULL, 0, 4548, 'Bahan pembelajaran format article untuk modul ini.', TRUE, now());
INSERT INTO "Content" (id, "moduleId", title, type, url, "durationSec", "sizeKb", description, "isDownloadable", "createdAt") VALUES ('seed_hq4r8f02bp', 'seed_ddvzl2vh4z', 'Konsep Asas & Terminologi — Bahan 2 (H5P)', 'h5p', NULL, 0, 10491, 'Bahan pembelajaran format h5p untuk modul ini.', FALSE, now());
INSERT INTO "Content" (id, "moduleId", title, type, url, "durationSec", "sizeKb", description, "isDownloadable", "createdAt") VALUES ('seed_t7y4h4uc51', 'seed_ddvzl2vh4z', 'Konsep Asas & Terminologi — Bahan 3 (PDF)', 'pdf', '/content/sample.pdf', 0, 1650, 'Bahan pembelajaran format pdf untuk modul ini.', TRUE, now());
INSERT INTO "Module" (id, "courseId", title, description, "order", "durationMin", "isLocked", "createdAt", "updatedAt") VALUES ('seed_e69tuzc39o', 'seed_jq28ekd6w1', 'Alat & Keselamatan', 'Topik Alat & Keselamatan bagi kursus Penyelenggaraan Sistem Elektrik Industri.', 3, 44, FALSE, now(), now());
INSERT INTO "Content" (id, "moduleId", title, type, url, "durationSec", "sizeKb", description, "isDownloadable", "createdAt") VALUES ('seed_pl8tiw6a76', 'seed_e69tuzc39o', 'Alat & Keselamatan — Bahan 1 (H5P)', 'h5p', NULL, 0, 3786, 'Bahan pembelajaran format h5p untuk modul ini.', FALSE, now());
INSERT INTO "Content" (id, "moduleId", title, type, url, "durationSec", "sizeKb", description, "isDownloadable", "createdAt") VALUES ('seed_zgiyz5olbv', 'seed_e69tuzc39o', 'Alat & Keselamatan — Bahan 2 (PDF)', 'pdf', '/content/sample.pdf', 0, 4747, 'Bahan pembelajaran format pdf untuk modul ini.', TRUE, now());
INSERT INTO "Content" (id, "moduleId", title, type, url, "durationSec", "sizeKb", description, "isDownloadable", "createdAt") VALUES ('seed_q5zuycybyd', 'seed_e69tuzc39o', 'Alat & Keselamatan — Bahan 3 (VIDEO)', 'video', 'https://stream.jtm.gov.my/v/seed_5g0u48r722', 1651, 79795, 'Bahan pembelajaran format video untuk modul ini.', TRUE, now());
INSERT INTO "Content" (id, "moduleId", title, type, url, "durationSec", "sizeKb", description, "isDownloadable", "createdAt") VALUES ('seed_d0dakzd6a5', 'seed_e69tuzc39o', 'Alat & Keselamatan — Bahan 4 (SCORM)', 'scorm', NULL, 1258, 13788, 'Bahan pembelajaran format scorm untuk modul ini.', FALSE, now());
INSERT INTO "Module" (id, "courseId", title, description, "order", "durationMin", "isLocked", "createdAt", "updatedAt") VALUES ('seed_0sw248xvtw', 'seed_jq28ekd6w1', 'Komponen Utama Sistem', 'Topik Komponen Utama Sistem bagi kursus Penyelenggaraan Sistem Elektrik Industri.', 4, 85, FALSE, now(), now());
INSERT INTO "Content" (id, "moduleId", title, type, url, "durationSec", "sizeKb", description, "isDownloadable", "createdAt") VALUES ('seed_xj5p7i6ju6', 'seed_0sw248xvtw', 'Komponen Utama Sistem — Bahan 1 (PDF)', 'pdf', '/content/sample.pdf', 0, 3073, 'Bahan pembelajaran format pdf untuk modul ini.', TRUE, now());
INSERT INTO "Content" (id, "moduleId", title, type, url, "durationSec", "sizeKb", description, "isDownloadable", "createdAt") VALUES ('seed_c0m23lrpx2', 'seed_0sw248xvtw', 'Komponen Utama Sistem — Bahan 2 (SCORM)', 'scorm', NULL, 1974, 9182, 'Bahan pembelajaran format scorm untuk modul ini.', FALSE, now());
INSERT INTO "Module" (id, "courseId", title, description, "order", "durationMin", "isLocked", "createdAt", "updatedAt") VALUES ('seed_91jjxrzfn7', 'seed_jq28ekd6w1', 'Prinsip Operasi', 'Topik Prinsip Operasi bagi kursus Penyelenggaraan Sistem Elektrik Industri.', 5, 41, TRUE, now(), now());
INSERT INTO "Content" (id, "moduleId", title, type, url, "durationSec", "sizeKb", description, "isDownloadable", "createdAt") VALUES ('seed_7x2safu224', 'seed_91jjxrzfn7', 'Prinsip Operasi — Bahan 1 (ARTICLE)', 'article', NULL, 0, 15515, 'Bahan pembelajaran format article untuk modul ini.', TRUE, now());
INSERT INTO "Content" (id, "moduleId", title, type, url, "durationSec", "sizeKb", description, "isDownloadable", "createdAt") VALUES ('seed_3x6nxb1t8r', 'seed_91jjxrzfn7', 'Prinsip Operasi — Bahan 2 (SCORM)', 'scorm', NULL, 1180, 10037, 'Bahan pembelajaran format scorm untuk modul ini.', FALSE, now());
INSERT INTO "Module" (id, "courseId", title, description, "order", "durationMin", "isLocked", "createdAt", "updatedAt") VALUES ('seed_r2q9gk70bh', 'seed_jq28ekd6w1', 'Amali Langkah Demi Langkah', 'Topik Amali Langkah Demi Langkah bagi kursus Penyelenggaraan Sistem Elektrik Industri.', 6, 67, FALSE, now(), now());
INSERT INTO "Content" (id, "moduleId", title, type, url, "durationSec", "sizeKb", description, "isDownloadable", "createdAt") VALUES ('seed_e081rrvz53', 'seed_r2q9gk70bh', 'Amali Langkah Demi Langkah — Bahan 1 (SCORM)', 'scorm', NULL, 1628, 5616, 'Bahan pembelajaran format scorm untuk modul ini.', FALSE, now());
INSERT INTO "Content" (id, "moduleId", title, type, url, "durationSec", "sizeKb", description, "isDownloadable", "createdAt") VALUES ('seed_00fk6r8pte', 'seed_r2q9gk70bh', 'Amali Langkah Demi Langkah — Bahan 2 (H5P)', 'h5p', NULL, 0, 5813, 'Bahan pembelajaran format h5p untuk modul ini.', FALSE, now());
INSERT INTO "Quiz" (id, "courseId", "moduleId", title, description, "questionCount", "passMark", "timeLimitMin", "maxAttempts", weight, "createdAt") VALUES ('seed_xiwwm7nt68', 'seed_jq28ekd6w1', NULL, 'Kuiz Akhir — Penyelenggaraan Sistem Elektrik Industri', 'Penilaian kompetensi berdasarkan modul yang dipelajari.', 5, 60, 30, 3, 1, now());
INSERT INTO "Question" (id, "quizId", type, text, options, "correctAnswer", explanation, marks, "order") VALUES ('seed_9xwwu8lhk7', 'seed_xiwwm7nt68', 'mcq', 'Pilih kata kunci SQL yang betul untuk menapis rekod.', '[{"id":"a","text":"FILTER"},{"id":"b","text":"WHERE"},{"id":"c","text":"SEARCH"},{"id":"d","text":"MATCH"}]', '["b"]', 'Rujuk modul berkaitan untuk penjelasan terperinci.', 1, 1);
INSERT INTO "Question" (id, "quizId", type, text, options, "correctAnswer", explanation, marks, "order") VALUES ('seed_5kpjo3wjip', 'seed_xiwwm7nt68', 'fill_blank', 'Singkatan CNC dalam pembuatan bermaksud Computer ___ Control.', '[]', '"Numerical"', 'Rujuk modul berkaitan untuk penjelasan terperinci.', 1, 2);
INSERT INTO "Question" (id, "quizId", type, text, options, "correctAnswer", explanation, marks, "order") VALUES ('seed_3mq2bn1o23', 'seed_xiwwm7nt68', 'mcq', 'Standard kompetensi kebangsaan Malaysia dikenali sebagai?', '[{"id":"a","text":"ISO 9001"},{"id":"b","text":"SKM/NOSS"},{"id":"c","text":"MQA"},{"id":"d","text":"OSHA"}]', '["b"]', 'Rujuk modul berkaitan untuk penjelasan terperinci.', 1, 3);
INSERT INTO "Question" (id, "quizId", type, text, options, "correctAnswer", explanation, marks, "order") VALUES ('seed_d5uz78x85r', 'seed_xiwwm7nt68', 'true_false', 'Bateri HV pada kenderaan hibrid boleh dicas semula menggunakan bekalan kuasa biasa 240V.', '[]', '"true"', 'Rujuk modul berkaitan untuk penjelasan terperinci.', 1, 4);
INSERT INTO "Question" (id, "quizId", type, text, options, "correctAnswer", explanation, marks, "order") VALUES ('seed_1z8ii450nq', 'seed_xiwwm7nt68', 'mcq', 'Apakah fungsi utama sebuah PLC dalam sistem automasi?', '[{"id":"a","text":"Memproses isyarat input dan mengawal output"},{"id":"b","text":"Menyimpan data pelanggan"},{"id":"c","text":"Menghantar emel automatik"},{"id":"d","text":"Memainkan muzik latar"}]', '["a"]', 'Rujuk modul berkaitan untuk penjelasan terperinci.', 1, 5);
INSERT INTO "Course" (id, code, title, "titleEn", description, "categoryId", "campusId", "instructorId", level, format, "durationHours", "durationDays", credits, price, currency, quota, "enrolledCount", rating, "ratingCount", "coverColor", "coverIcon", tags, status, "startDate", "endDate", "createdAt", "updatedAt") VALUES ('seed_y1g3nc1n2h', 'JTM-IT-101', 'Pengaturcaraan Web Asas', 'Pengaturcaraan Web Asas', 'Kursus Pengaturcaraan Web Asas di bawah kategori it-multimedia. Kursus ini direka bagi memenuhi keperluan kompetensi SKM/NOSS dan disampaikan secara blended di kampus ADTEC. Peserta akan mempelajari konsep asas sehingga amali lanjut melalui modul video, SCORM dan kuiz interaktif.', 'seed_67qzl9luge', 'seed_co4j39sfdc', 'seed_zyzprbs8mr', 'beginner', 'physical', 40, 5, 4, 150, 'MYR', 30, 15, 4.8, 28, 'violet', 'cpu', '["it-multimedia","beginner","SKM","TVET"]', 'published', '2026-08-01', '2026-12-15', now(), now());
INSERT INTO "CourseCompetency" (id, "courseId", "competencyId", weight) VALUES ('seed_re5qwvb9fe', 'seed_y1g3nc1n2h', 'seed_womek4hmuj', 1);
INSERT INTO "Module" (id, "courseId", title, description, "order", "durationMin", "isLocked", "createdAt", "updatedAt") VALUES ('seed_y7u2p8vure', 'seed_y1g3nc1n2h', 'Pengenalan & Objektif Kursus', 'Topik Pengenalan & Objektif Kursus bagi kursus Pengaturcaraan Web Asas.', 1, 62, FALSE, now(), now());
INSERT INTO "Content" (id, "moduleId", title, type, url, "durationSec", "sizeKb", description, "isDownloadable", "createdAt") VALUES ('seed_9hq9ls37wm', 'seed_y7u2p8vure', 'Pengenalan & Objektif Kursus — Bahan 1 (H5P)', 'h5p', NULL, 0, 8122, 'Bahan pembelajaran format h5p untuk modul ini.', FALSE, now());
INSERT INTO "Content" (id, "moduleId", title, type, url, "durationSec", "sizeKb", description, "isDownloadable", "createdAt") VALUES ('seed_uiudw2qequ', 'seed_y7u2p8vure', 'Pengenalan & Objektif Kursus — Bahan 2 (H5P)', 'h5p', NULL, 0, 13804, 'Bahan pembelajaran format h5p untuk modul ini.', FALSE, now());
INSERT INTO "Content" (id, "moduleId", title, type, url, "durationSec", "sizeKb", description, "isDownloadable", "createdAt") VALUES ('seed_29je3t6nn9', 'seed_y7u2p8vure', 'Pengenalan & Objektif Kursus — Bahan 3 (PDF)', 'pdf', '/content/sample.pdf', 0, 2894, 'Bahan pembelajaran format pdf untuk modul ini.', TRUE, now());
INSERT INTO "Module" (id, "courseId", title, description, "order", "durationMin", "isLocked", "createdAt", "updatedAt") VALUES ('seed_xxdghp23se', 'seed_y1g3nc1n2h', 'Konsep Asas & Terminologi', 'Topik Konsep Asas & Terminologi bagi kursus Pengaturcaraan Web Asas.', 2, 83, FALSE, now(), now());
INSERT INTO "Content" (id, "moduleId", title, type, url, "durationSec", "sizeKb", description, "isDownloadable", "createdAt") VALUES ('seed_iv69zeyon3', 'seed_xxdghp23se', 'Konsep Asas & Terminologi — Bahan 1 (SCORM)', 'scorm', NULL, 1272, 18180, 'Bahan pembelajaran format scorm untuk modul ini.', FALSE, now());
INSERT INTO "Content" (id, "moduleId", title, type, url, "durationSec", "sizeKb", description, "isDownloadable", "createdAt") VALUES ('seed_pyrogbx8ap', 'seed_xxdghp23se', 'Konsep Asas & Terminologi — Bahan 2 (SCORM)', 'scorm', NULL, 841, 4805, 'Bahan pembelajaran format scorm untuk modul ini.', FALSE, now());
INSERT INTO "Module" (id, "courseId", title, description, "order", "durationMin", "isLocked", "createdAt", "updatedAt") VALUES ('seed_9b8u97004i', 'seed_y1g3nc1n2h', 'Alat & Keselamatan', 'Topik Alat & Keselamatan bagi kursus Pengaturcaraan Web Asas.', 3, 118, FALSE, now(), now());
INSERT INTO "Content" (id, "moduleId", title, type, url, "durationSec", "sizeKb", description, "isDownloadable", "createdAt") VALUES ('seed_60a14neinr', 'seed_9b8u97004i', 'Alat & Keselamatan — Bahan 1 (PDF)', 'pdf', '/content/sample.pdf', 0, 2917, 'Bahan pembelajaran format pdf untuk modul ini.', TRUE, now());
INSERT INTO "Content" (id, "moduleId", title, type, url, "durationSec", "sizeKb", description, "isDownloadable", "createdAt") VALUES ('seed_i443rfsm4p', 'seed_9b8u97004i', 'Alat & Keselamatan — Bahan 2 (PDF)', 'pdf', '/content/sample.pdf', 0, 3731, 'Bahan pembelajaran format pdf untuk modul ini.', TRUE, now());
INSERT INTO "Content" (id, "moduleId", title, type, url, "durationSec", "sizeKb", description, "isDownloadable", "createdAt") VALUES ('seed_epn1eagb7k', 'seed_9b8u97004i', 'Alat & Keselamatan — Bahan 3 (ARTICLE)', 'article', NULL, 0, 11025, 'Bahan pembelajaran format article untuk modul ini.', TRUE, now());
INSERT INTO "Module" (id, "courseId", title, description, "order", "durationMin", "isLocked", "createdAt", "updatedAt") VALUES ('seed_691ugscbt1', 'seed_y1g3nc1n2h', 'Komponen Utama Sistem', 'Topik Komponen Utama Sistem bagi kursus Pengaturcaraan Web Asas.', 4, 81, FALSE, now(), now());
INSERT INTO "Content" (id, "moduleId", title, type, url, "durationSec", "sizeKb", description, "isDownloadable", "createdAt") VALUES ('seed_saw2qc07bf', 'seed_691ugscbt1', 'Komponen Utama Sistem — Bahan 1 (ARTICLE)', 'article', NULL, 0, 13031, 'Bahan pembelajaran format article untuk modul ini.', TRUE, now());
INSERT INTO "Content" (id, "moduleId", title, type, url, "durationSec", "sizeKb", description, "isDownloadable", "createdAt") VALUES ('seed_4nwuype3y5', 'seed_691ugscbt1', 'Komponen Utama Sistem — Bahan 2 (SCORM)', 'scorm', NULL, 1872, 13904, 'Bahan pembelajaran format scorm untuk modul ini.', FALSE, now());
INSERT INTO "Content" (id, "moduleId", title, type, url, "durationSec", "sizeKb", description, "isDownloadable", "createdAt") VALUES ('seed_68gkqfu663', 'seed_691ugscbt1', 'Komponen Utama Sistem — Bahan 3 (VIDEO)', 'video', 'https://stream.jtm.gov.my/v/seed_n5yv5o0fn2', 1428, 71968, 'Bahan pembelajaran format video untuk modul ini.', TRUE, now());
INSERT INTO "Content" (id, "moduleId", title, type, url, "durationSec", "sizeKb", description, "isDownloadable", "createdAt") VALUES ('seed_kzuh9yc3yo', 'seed_691ugscbt1', 'Komponen Utama Sistem — Bahan 4 (H5P)', 'h5p', NULL, 0, 8890, 'Bahan pembelajaran format h5p untuk modul ini.', FALSE, now());
INSERT INTO "Module" (id, "courseId", title, description, "order", "durationMin", "isLocked", "createdAt", "updatedAt") VALUES ('seed_8zinrypsse', 'seed_y1g3nc1n2h', 'Prinsip Operasi', 'Topik Prinsip Operasi bagi kursus Pengaturcaraan Web Asas.', 5, 67, TRUE, now(), now());
INSERT INTO "Content" (id, "moduleId", title, type, url, "durationSec", "sizeKb", description, "isDownloadable", "createdAt") VALUES ('seed_kw6th55ku9', 'seed_8zinrypsse', 'Prinsip Operasi — Bahan 1 (VIDEO)', 'video', 'https://stream.jtm.gov.my/v/seed_og2jmrb72v', 242, 76863, 'Bahan pembelajaran format video untuk modul ini.', TRUE, now());
INSERT INTO "Content" (id, "moduleId", title, type, url, "durationSec", "sizeKb", description, "isDownloadable", "createdAt") VALUES ('seed_oyw6gzbv5x', 'seed_8zinrypsse', 'Prinsip Operasi — Bahan 2 (PDF)', 'pdf', '/content/sample.pdf', 0, 1406, 'Bahan pembelajaran format pdf untuk modul ini.', TRUE, now());
INSERT INTO "Content" (id, "moduleId", title, type, url, "durationSec", "sizeKb", description, "isDownloadable", "createdAt") VALUES ('seed_2ardyalwjv', 'seed_8zinrypsse', 'Prinsip Operasi — Bahan 3 (ARTICLE)', 'article', NULL, 0, 17239, 'Bahan pembelajaran format article untuk modul ini.', TRUE, now());
INSERT INTO "Content" (id, "moduleId", title, type, url, "durationSec", "sizeKb", description, "isDownloadable", "createdAt") VALUES ('seed_p9xvezlco7', 'seed_8zinrypsse', 'Prinsip Operasi — Bahan 4 (PDF)', 'pdf', '/content/sample.pdf', 0, 1684, 'Bahan pembelajaran format pdf untuk modul ini.', TRUE, now());
INSERT INTO "Quiz" (id, "courseId", "moduleId", title, description, "questionCount", "passMark", "timeLimitMin", "maxAttempts", weight, "createdAt") VALUES ('seed_hfahbhkvto', 'seed_y1g3nc1n2h', NULL, 'Kuiz Akhir — Pengaturcaraan Web Asas', 'Penilaian kompetensi berdasarkan modul yang dipelajari.', 5, 60, 30, 3, 1, now());
INSERT INTO "Question" (id, "quizId", type, text, options, "correctAnswer", explanation, marks, "order") VALUES ('seed_6nqvuf0r32', 'seed_hfahbhkvto', 'mcq', 'Apakah fungsi utama sebuah PLC dalam sistem automasi?', '[{"id":"a","text":"Memproses isyarat input dan mengawal output"},{"id":"b","text":"Menyimpan data pelanggan"},{"id":"c","text":"Menghantar emel automatik"},{"id":"d","text":"Memainkan muzik latar"}]', '["a"]', 'Rujuk modul berkaitan untuk penjelasan terperinci.', 1, 1);
INSERT INTO "Question" (id, "quizId", type, text, options, "correctAnswer", explanation, marks, "order") VALUES ('seed_vva1c52mts', 'seed_hfahbhkvto', 'mcq', 'Apakah langkah pertama dalam diagnostik kerosakan elektrik?', '[{"id":"a","text":"Tukar komponen terus"},{"id":"b","text":"Periksa bekalan kuasa & litar"},{"id":"c","text":"Padam kod DTC"},{"id":"d","text":"Restart sistem"}]', '["b"]', 'Rujuk modul berkaitan untuk penjelasan terperinci.', 1, 2);
INSERT INTO "Question" (id, "quizId", type, text, options, "correctAnswer", explanation, marks, "order") VALUES ('seed_p3kxrb57dp', 'seed_hfahbhkvto', 'true_false', 'Bateri HV pada kenderaan hibrid boleh dicas semula menggunakan bekalan kuasa biasa 240V.', '[]', '"true"', 'Rujuk modul berkaitan untuk penjelasan terperinci.', 1, 3);
INSERT INTO "Question" (id, "quizId", type, text, options, "correctAnswer", explanation, marks, "order") VALUES ('seed_fpnd7wch6m', 'seed_hfahbhkvto', 'mcq', 'Standard kompetensi kebangsaan Malaysia dikenali sebagai?', '[{"id":"a","text":"ISO 9001"},{"id":"b","text":"SKM/NOSS"},{"id":"c","text":"MQA"},{"id":"d","text":"OSHA"}]', '["b"]', 'Rujuk modul berkaitan untuk penjelasan terperinci.', 1, 4);
INSERT INTO "Question" (id, "quizId", type, text, options, "correctAnswer", explanation, marks, "order") VALUES ('seed_jonfikdzjz', 'seed_hfahbhkvto', 'fill_blank', 'Singkatan CNC dalam pembuatan bermaksud Computer ___ Control.', '[]', '"Numerical"', 'Rujuk modul berkaitan untuk penjelasan terperinci.', 1, 5);
INSERT INTO "Course" (id, code, title, "titleEn", description, "categoryId", "campusId", "instructorId", level, format, "durationHours", "durationDays", credits, price, currency, quota, "enrolledCount", rating, "ratingCount", "coverColor", "coverIcon", tags, status, "startDate", "endDate", "createdAt", "updatedAt") VALUES ('seed_9ymihyeggu', 'JTM-IT-101-ADTEC-LB', 'Pengaturcaraan Web Asas', 'Pengaturcaraan Web Asas', 'Kursus Pengaturcaraan Web Asas di bawah kategori it-multimedia. Kursus ini direka bagi memenuhi keperluan kompetensi SKM/NOSS dan disampaikan secara blended di kampus ADTEC. Peserta akan mempelajari konsep asas sehingga amali lanjut melalui modul video, SCORM dan kuiz interaktif.', 'seed_67qzl9luge', 'seed_jvrtalg0hx', 'seed_qea23anbc8', 'beginner', 'blended', 40, 5, 4, 350, 'MYR', 30, 11, 4.8, 29, 'emerald', 'shirt', '["it-multimedia","beginner","SKM","TVET"]', 'published', '2026-08-01', '2026-12-15', now(), now());
INSERT INTO "CourseCompetency" (id, "courseId", "competencyId", weight) VALUES ('seed_1letf5b8bf', 'seed_9ymihyeggu', 'seed_womek4hmuj', 1);
INSERT INTO "Module" (id, "courseId", title, description, "order", "durationMin", "isLocked", "createdAt", "updatedAt") VALUES ('seed_guhzgt3xq8', 'seed_9ymihyeggu', 'Pengenalan & Objektif Kursus', 'Topik Pengenalan & Objektif Kursus bagi kursus Pengaturcaraan Web Asas.', 1, 34, FALSE, now(), now());
INSERT INTO "Content" (id, "moduleId", title, type, url, "durationSec", "sizeKb", description, "isDownloadable", "createdAt") VALUES ('seed_xmehdi0tjd', 'seed_guhzgt3xq8', 'Pengenalan & Objektif Kursus — Bahan 1 (H5P)', 'h5p', NULL, 0, 10256, 'Bahan pembelajaran format h5p untuk modul ini.', FALSE, now());
INSERT INTO "Content" (id, "moduleId", title, type, url, "durationSec", "sizeKb", description, "isDownloadable", "createdAt") VALUES ('seed_m94gym9u0b', 'seed_guhzgt3xq8', 'Pengenalan & Objektif Kursus — Bahan 2 (SCORM)', 'scorm', NULL, 1242, 14722, 'Bahan pembelajaran format scorm untuk modul ini.', FALSE, now());
INSERT INTO "Content" (id, "moduleId", title, type, url, "durationSec", "sizeKb", description, "isDownloadable", "createdAt") VALUES ('seed_6kv97fwiyi', 'seed_guhzgt3xq8', 'Pengenalan & Objektif Kursus — Bahan 3 (SCORM)', 'scorm', NULL, 2295, 5663, 'Bahan pembelajaran format scorm untuk modul ini.', FALSE, now());
INSERT INTO "Content" (id, "moduleId", title, type, url, "durationSec", "sizeKb", description, "isDownloadable", "createdAt") VALUES ('seed_4vnq3bte20', 'seed_guhzgt3xq8', 'Pengenalan & Objektif Kursus — Bahan 4 (ARTICLE)', 'article', NULL, 0, 13440, 'Bahan pembelajaran format article untuk modul ini.', TRUE, now());
INSERT INTO "Module" (id, "courseId", title, description, "order", "durationMin", "isLocked", "createdAt", "updatedAt") VALUES ('seed_ub77i7qe3y', 'seed_9ymihyeggu', 'Konsep Asas & Terminologi', 'Topik Konsep Asas & Terminologi bagi kursus Pengaturcaraan Web Asas.', 2, 91, FALSE, now(), now());
INSERT INTO "Content" (id, "moduleId", title, type, url, "durationSec", "sizeKb", description, "isDownloadable", "createdAt") VALUES ('seed_vlnrh1nizu', 'seed_ub77i7qe3y', 'Konsep Asas & Terminologi — Bahan 1 (VIDEO)', 'video', 'https://stream.jtm.gov.my/v/seed_p07hm15xlc', 550, 180269, 'Bahan pembelajaran format video untuk modul ini.', TRUE, now());
INSERT INTO "Content" (id, "moduleId", title, type, url, "durationSec", "sizeKb", description, "isDownloadable", "createdAt") VALUES ('seed_6ipxzpixip', 'seed_ub77i7qe3y', 'Konsep Asas & Terminologi — Bahan 2 (PDF)', 'pdf', '/content/sample.pdf', 0, 3299, 'Bahan pembelajaran format pdf untuk modul ini.', TRUE, now());
INSERT INTO "Content" (id, "moduleId", title, type, url, "durationSec", "sizeKb", description, "isDownloadable", "createdAt") VALUES ('seed_3hezwqf0up', 'seed_ub77i7qe3y', 'Konsep Asas & Terminologi — Bahan 3 (PDF)', 'pdf', '/content/sample.pdf', 0, 2776, 'Bahan pembelajaran format pdf untuk modul ini.', TRUE, now());
INSERT INTO "Module" (id, "courseId", title, description, "order", "durationMin", "isLocked", "createdAt", "updatedAt") VALUES ('seed_dpub2ogr9p', 'seed_9ymihyeggu', 'Alat & Keselamatan', 'Topik Alat & Keselamatan bagi kursus Pengaturcaraan Web Asas.', 3, 76, FALSE, now(), now());
INSERT INTO "Content" (id, "moduleId", title, type, url, "durationSec", "sizeKb", description, "isDownloadable", "createdAt") VALUES ('seed_3sb585n9gr', 'seed_dpub2ogr9p', 'Alat & Keselamatan — Bahan 1 (PDF)', 'pdf', '/content/sample.pdf', 0, 4591, 'Bahan pembelajaran format pdf untuk modul ini.', TRUE, now());
INSERT INTO "Content" (id, "moduleId", title, type, url, "durationSec", "sizeKb", description, "isDownloadable", "createdAt") VALUES ('seed_nv5xpa2loc', 'seed_dpub2ogr9p', 'Alat & Keselamatan — Bahan 2 (VIDEO)', 'video', 'https://stream.jtm.gov.my/v/seed_4wjpenn9en', 1300, 207289, 'Bahan pembelajaran format video untuk modul ini.', TRUE, now());
INSERT INTO "Content" (id, "moduleId", title, type, url, "durationSec", "sizeKb", description, "isDownloadable", "createdAt") VALUES ('seed_n99u3oqv9h', 'seed_dpub2ogr9p', 'Alat & Keselamatan — Bahan 3 (ARTICLE)', 'article', NULL, 0, 18379, 'Bahan pembelajaran format article untuk modul ini.', TRUE, now());
INSERT INTO "Content" (id, "moduleId", title, type, url, "durationSec", "sizeKb", description, "isDownloadable", "createdAt") VALUES ('seed_7nlk5v7ipk', 'seed_dpub2ogr9p', 'Alat & Keselamatan — Bahan 4 (H5P)', 'h5p', NULL, 0, 10385, 'Bahan pembelajaran format h5p untuk modul ini.', FALSE, now());
INSERT INTO "Module" (id, "courseId", title, description, "order", "durationMin", "isLocked", "createdAt", "updatedAt") VALUES ('seed_d7hrw56udc', 'seed_9ymihyeggu', 'Komponen Utama Sistem', 'Topik Komponen Utama Sistem bagi kursus Pengaturcaraan Web Asas.', 4, 105, FALSE, now(), now());
INSERT INTO "Content" (id, "moduleId", title, type, url, "durationSec", "sizeKb", description, "isDownloadable", "createdAt") VALUES ('seed_lj9w5e6b6k', 'seed_d7hrw56udc', 'Komponen Utama Sistem — Bahan 1 (SCORM)', 'scorm', NULL, 1350, 3272, 'Bahan pembelajaran format scorm untuk modul ini.', FALSE, now());
INSERT INTO "Content" (id, "moduleId", title, type, url, "durationSec", "sizeKb", description, "isDownloadable", "createdAt") VALUES ('seed_hcq802bpco', 'seed_d7hrw56udc', 'Komponen Utama Sistem — Bahan 2 (H5P)', 'h5p', NULL, 0, 15626, 'Bahan pembelajaran format h5p untuk modul ini.', FALSE, now());
INSERT INTO "Content" (id, "moduleId", title, type, url, "durationSec", "sizeKb", description, "isDownloadable", "createdAt") VALUES ('seed_f4szowonnu', 'seed_d7hrw56udc', 'Komponen Utama Sistem — Bahan 3 (VIDEO)', 'video', 'https://stream.jtm.gov.my/v/seed_wxnf4xwp2m', 1076, 105837, 'Bahan pembelajaran format video untuk modul ini.', TRUE, now());
INSERT INTO "Content" (id, "moduleId", title, type, url, "durationSec", "sizeKb", description, "isDownloadable", "createdAt") VALUES ('seed_2kkzn2htol', 'seed_d7hrw56udc', 'Komponen Utama Sistem — Bahan 4 (PDF)', 'pdf', '/content/sample.pdf', 0, 996, 'Bahan pembelajaran format pdf untuk modul ini.', TRUE, now());
INSERT INTO "Module" (id, "courseId", title, description, "order", "durationMin", "isLocked", "createdAt", "updatedAt") VALUES ('seed_civ96uyygm', 'seed_9ymihyeggu', 'Prinsip Operasi', 'Topik Prinsip Operasi bagi kursus Pengaturcaraan Web Asas.', 5, 49, FALSE, now(), now());
INSERT INTO "Content" (id, "moduleId", title, type, url, "durationSec", "sizeKb", description, "isDownloadable", "createdAt") VALUES ('seed_ssa9py8tfb', 'seed_civ96uyygm', 'Prinsip Operasi — Bahan 1 (PDF)', 'pdf', '/content/sample.pdf', 0, 4007, 'Bahan pembelajaran format pdf untuk modul ini.', TRUE, now());
INSERT INTO "Content" (id, "moduleId", title, type, url, "durationSec", "sizeKb", description, "isDownloadable", "createdAt") VALUES ('seed_4bcdgdgtn6', 'seed_civ96uyygm', 'Prinsip Operasi — Bahan 2 (SCORM)', 'scorm', NULL, 2050, 15183, 'Bahan pembelajaran format scorm untuk modul ini.', FALSE, now());
INSERT INTO "Content" (id, "moduleId", title, type, url, "durationSec", "sizeKb", description, "isDownloadable", "createdAt") VALUES ('seed_0uzb5hx8v4', 'seed_civ96uyygm', 'Prinsip Operasi — Bahan 3 (H5P)', 'h5p', NULL, 0, 16658, 'Bahan pembelajaran format h5p untuk modul ini.', FALSE, now());
INSERT INTO "Content" (id, "moduleId", title, type, url, "durationSec", "sizeKb", description, "isDownloadable", "createdAt") VALUES ('seed_tzvg9ac7lw', 'seed_civ96uyygm', 'Prinsip Operasi — Bahan 4 (H5P)', 'h5p', NULL, 0, 2578, 'Bahan pembelajaran format h5p untuk modul ini.', FALSE, now());
INSERT INTO "Quiz" (id, "courseId", "moduleId", title, description, "questionCount", "passMark", "timeLimitMin", "maxAttempts", weight, "createdAt") VALUES ('seed_5jlgz2au3m', 'seed_9ymihyeggu', NULL, 'Kuiz Akhir — Pengaturcaraan Web Asas', 'Penilaian kompetensi berdasarkan modul yang dipelajari.', 5, 60, 30, 3, 1, now());
INSERT INTO "Question" (id, "quizId", type, text, options, "correctAnswer", explanation, marks, "order") VALUES ('seed_6pdqefl1tp', 'seed_5jlgz2au3m', 'mcq', 'Apakah langkah pertama dalam diagnostik kerosakan elektrik?', '[{"id":"a","text":"Tukar komponen terus"},{"id":"b","text":"Periksa bekalan kuasa & litar"},{"id":"c","text":"Padam kod DTC"},{"id":"d","text":"Restart sistem"}]', '["b"]', 'Rujuk modul berkaitan untuk penjelasan terperinci.', 1, 1);
INSERT INTO "Question" (id, "quizId", type, text, options, "correctAnswer", explanation, marks, "order") VALUES ('seed_2iqlbc9ug5', 'seed_5jlgz2au3m', 'mcq', 'Pilih kata kunci SQL yang betul untuk menapis rekod.', '[{"id":"a","text":"FILTER"},{"id":"b","text":"WHERE"},{"id":"c","text":"SEARCH"},{"id":"d","text":"MATCH"}]', '["b"]', 'Rujuk modul berkaitan untuk penjelasan terperinci.', 1, 2);
INSERT INTO "Question" (id, "quizId", type, text, options, "correctAnswer", explanation, marks, "order") VALUES ('seed_6fpqqkw21a', 'seed_5jlgz2au3m', 'mcq', 'Apakah fungsi utama sebuah PLC dalam sistem automasi?', '[{"id":"a","text":"Memproses isyarat input dan mengawal output"},{"id":"b","text":"Menyimpan data pelanggan"},{"id":"c","text":"Menghantar emel automatik"},{"id":"d","text":"Memainkan muzik latar"}]', '["a"]', 'Rujuk modul berkaitan untuk penjelasan terperinci.', 1, 3);
INSERT INTO "Question" (id, "quizId", type, text, options, "correctAnswer", explanation, marks, "order") VALUES ('seed_i61gh2wges', 'seed_5jlgz2au3m', 'mcq', 'Standard kompetensi kebangsaan Malaysia dikenali sebagai?', '[{"id":"a","text":"ISO 9001"},{"id":"b","text":"SKM/NOSS"},{"id":"c","text":"MQA"},{"id":"d","text":"OSHA"}]', '["b"]', 'Rujuk modul berkaitan untuk penjelasan terperinci.', 1, 4);
INSERT INTO "Question" (id, "quizId", type, text, options, "correctAnswer", explanation, marks, "order") VALUES ('seed_5wsmal8o0m', 'seed_5jlgz2au3m', 'true_false', 'Bateri HV pada kenderaan hibrid boleh dicas semula menggunakan bekalan kuasa biasa 240V.', '[]', '"true"', 'Rujuk modul berkaitan untuk penjelasan terperinci.', 1, 5);
INSERT INTO "Course" (id, code, title, "titleEn", description, "categoryId", "campusId", "instructorId", level, format, "durationHours", "durationDays", credits, price, currency, quota, "enrolledCount", rating, "ratingCount", "coverColor", "coverIcon", tags, status, "startDate", "endDate", "createdAt", "updatedAt") VALUES ('seed_2eu7xhrc4p', 'JTM-IT-202', 'Pangkalan Data & SQL Lanjut', 'Pangkalan Data & SQL Lanjut', 'Kursus Pangkalan Data & SQL Lanjut di bawah kategori it-multimedia. Kursus ini direka bagi memenuhi keperluan kompetensi SKM/NOSS dan disampaikan secara online di kampus ADTEC. Peserta akan mempelajari konsep asas sehingga amali lanjut melalui modul video, SCORM dan kuiz interaktif.', 'seed_67qzl9luge', 'seed_3555iwre23', 'seed_zyzprbs8mr', 'intermediate', 'physical', 56, 7, 6, 350, 'MYR', 30, 10, 3.9, 32, 'teal', 'factory', '["it-multimedia","intermediate","SKM","TVET"]', 'published', '2026-08-01', '2026-12-15', now(), now());
INSERT INTO "CourseCompetency" (id, "courseId", "competencyId", weight) VALUES ('seed_mosg0gqqu4', 'seed_2eu7xhrc4p', 'seed_r1vfai1p09', 1);
INSERT INTO "Module" (id, "courseId", title, description, "order", "durationMin", "isLocked", "createdAt", "updatedAt") VALUES ('seed_j80yliltiw', 'seed_2eu7xhrc4p', 'Pengenalan & Objektif Kursus', 'Topik Pengenalan & Objektif Kursus bagi kursus Pangkalan Data & SQL Lanjut.', 1, 86, FALSE, now(), now());
INSERT INTO "Content" (id, "moduleId", title, type, url, "durationSec", "sizeKb", description, "isDownloadable", "createdAt") VALUES ('seed_l9g5vjjov5', 'seed_j80yliltiw', 'Pengenalan & Objektif Kursus — Bahan 1 (ARTICLE)', 'article', NULL, 0, 7083, 'Bahan pembelajaran format article untuk modul ini.', TRUE, now());
INSERT INTO "Content" (id, "moduleId", title, type, url, "durationSec", "sizeKb", description, "isDownloadable", "createdAt") VALUES ('seed_z0icpop439', 'seed_j80yliltiw', 'Pengenalan & Objektif Kursus — Bahan 2 (SCORM)', 'scorm', NULL, 2180, 16551, 'Bahan pembelajaran format scorm untuk modul ini.', FALSE, now());
INSERT INTO "Content" (id, "moduleId", title, type, url, "durationSec", "sizeKb", description, "isDownloadable", "createdAt") VALUES ('seed_c3uw4uru0e', 'seed_j80yliltiw', 'Pengenalan & Objektif Kursus — Bahan 3 (VIDEO)', 'video', 'https://stream.jtm.gov.my/v/seed_kqlk8tdez9', 589, 56052, 'Bahan pembelajaran format video untuk modul ini.', TRUE, now());
INSERT INTO "Module" (id, "courseId", title, description, "order", "durationMin", "isLocked", "createdAt", "updatedAt") VALUES ('seed_3dhiorteeh', 'seed_2eu7xhrc4p', 'Konsep Asas & Terminologi', 'Topik Konsep Asas & Terminologi bagi kursus Pangkalan Data & SQL Lanjut.', 2, 109, FALSE, now(), now());
INSERT INTO "Content" (id, "moduleId", title, type, url, "durationSec", "sizeKb", description, "isDownloadable", "createdAt") VALUES ('seed_r1xj99sz56', 'seed_3dhiorteeh', 'Konsep Asas & Terminologi — Bahan 1 (H5P)', 'h5p', NULL, 0, 13361, 'Bahan pembelajaran format h5p untuk modul ini.', FALSE, now());
INSERT INTO "Content" (id, "moduleId", title, type, url, "durationSec", "sizeKb", description, "isDownloadable", "createdAt") VALUES ('seed_4wxn4vrhu0', 'seed_3dhiorteeh', 'Konsep Asas & Terminologi — Bahan 2 (H5P)', 'h5p', NULL, 0, 6320, 'Bahan pembelajaran format h5p untuk modul ini.', FALSE, now());
INSERT INTO "Content" (id, "moduleId", title, type, url, "durationSec", "sizeKb", description, "isDownloadable", "createdAt") VALUES ('seed_gg7a7t9ujw', 'seed_3dhiorteeh', 'Konsep Asas & Terminologi — Bahan 3 (VIDEO)', 'video', 'https://stream.jtm.gov.my/v/seed_uppay7kbqf', 1400, 122333, 'Bahan pembelajaran format video untuk modul ini.', TRUE, now());
INSERT INTO "Module" (id, "courseId", title, description, "order", "durationMin", "isLocked", "createdAt", "updatedAt") VALUES ('seed_8goxr8c3az', 'seed_2eu7xhrc4p', 'Alat & Keselamatan', 'Topik Alat & Keselamatan bagi kursus Pangkalan Data & SQL Lanjut.', 3, 55, FALSE, now(), now());
INSERT INTO "Content" (id, "moduleId", title, type, url, "durationSec", "sizeKb", description, "isDownloadable", "createdAt") VALUES ('seed_bofpge8ksq', 'seed_8goxr8c3az', 'Alat & Keselamatan — Bahan 1 (SCORM)', 'scorm', NULL, 1493, 16768, 'Bahan pembelajaran format scorm untuk modul ini.', FALSE, now());
INSERT INTO "Content" (id, "moduleId", title, type, url, "durationSec", "sizeKb", description, "isDownloadable", "createdAt") VALUES ('seed_6wr70jgrdz', 'seed_8goxr8c3az', 'Alat & Keselamatan — Bahan 2 (VIDEO)', 'video', 'https://stream.jtm.gov.my/v/seed_adf3d3wug3', 205, 85518, 'Bahan pembelajaran format video untuk modul ini.', TRUE, now());
INSERT INTO "Content" (id, "moduleId", title, type, url, "durationSec", "sizeKb", description, "isDownloadable", "createdAt") VALUES ('seed_5fxrk4yn3f', 'seed_8goxr8c3az', 'Alat & Keselamatan — Bahan 3 (H5P)', 'h5p', NULL, 0, 15419, 'Bahan pembelajaran format h5p untuk modul ini.', FALSE, now());
INSERT INTO "Module" (id, "courseId", title, description, "order", "durationMin", "isLocked", "createdAt", "updatedAt") VALUES ('seed_hly5iy69yj', 'seed_2eu7xhrc4p', 'Komponen Utama Sistem', 'Topik Komponen Utama Sistem bagi kursus Pangkalan Data & SQL Lanjut.', 4, 47, FALSE, now(), now());
INSERT INTO "Content" (id, "moduleId", title, type, url, "durationSec", "sizeKb", description, "isDownloadable", "createdAt") VALUES ('seed_l7k6udcdma', 'seed_hly5iy69yj', 'Komponen Utama Sistem — Bahan 1 (VIDEO)', 'video', 'https://stream.jtm.gov.my/v/seed_gtg1ksujhy', 662, 77575, 'Bahan pembelajaran format video untuk modul ini.', TRUE, now());
INSERT INTO "Content" (id, "moduleId", title, type, url, "durationSec", "sizeKb", description, "isDownloadable", "createdAt") VALUES ('seed_9bxe4rzowp', 'seed_hly5iy69yj', 'Komponen Utama Sistem — Bahan 2 (ARTICLE)', 'article', NULL, 0, 3317, 'Bahan pembelajaran format article untuk modul ini.', TRUE, now());
INSERT INTO "Quiz" (id, "courseId", "moduleId", title, description, "questionCount", "passMark", "timeLimitMin", "maxAttempts", weight, "createdAt") VALUES ('seed_vuz7bpye4n', 'seed_2eu7xhrc4p', NULL, 'Kuiz Akhir — Pangkalan Data & SQL Lanjut', 'Penilaian kompetensi berdasarkan modul yang dipelajari.', 5, 60, 30, 3, 1, now());
INSERT INTO "Question" (id, "quizId", type, text, options, "correctAnswer", explanation, marks, "order") VALUES ('seed_4knij8djww', 'seed_vuz7bpye4n', 'fill_blank', 'Singkatan CNC dalam pembuatan bermaksud Computer ___ Control.', '[]', '"Numerical"', 'Rujuk modul berkaitan untuk penjelasan terperinci.', 1, 1);
INSERT INTO "Question" (id, "quizId", type, text, options, "correctAnswer", explanation, marks, "order") VALUES ('seed_gm78z9x7of', 'seed_vuz7bpye4n', 'mcq', 'Apakah langkah pertama dalam diagnostik kerosakan elektrik?', '[{"id":"a","text":"Tukar komponen terus"},{"id":"b","text":"Periksa bekalan kuasa & litar"},{"id":"c","text":"Padam kod DTC"},{"id":"d","text":"Restart sistem"}]', '["b"]', 'Rujuk modul berkaitan untuk penjelasan terperinci.', 1, 2);
INSERT INTO "Question" (id, "quizId", type, text, options, "correctAnswer", explanation, marks, "order") VALUES ('seed_44e85my7ly', 'seed_vuz7bpye4n', 'mcq', 'Apakah fungsi utama sebuah PLC dalam sistem automasi?', '[{"id":"a","text":"Memproses isyarat input dan mengawal output"},{"id":"b","text":"Menyimpan data pelanggan"},{"id":"c","text":"Menghantar emel automatik"},{"id":"d","text":"Memainkan muzik latar"}]', '["a"]', 'Rujuk modul berkaitan untuk penjelasan terperinci.', 1, 3);
INSERT INTO "Question" (id, "quizId", type, text, options, "correctAnswer", explanation, marks, "order") VALUES ('seed_jntt2xyc85', 'seed_vuz7bpye4n', 'true_false', 'Bateri HV pada kenderaan hibrid boleh dicas semula menggunakan bekalan kuasa biasa 240V.', '[]', '"true"', 'Rujuk modul berkaitan untuk penjelasan terperinci.', 1, 4);
INSERT INTO "Question" (id, "quizId", type, text, options, "correctAnswer", explanation, marks, "order") VALUES ('seed_2ww9z70uvk', 'seed_vuz7bpye4n', 'mcq', 'Standard kompetensi kebangsaan Malaysia dikenali sebagai?', '[{"id":"a","text":"ISO 9001"},{"id":"b","text":"SKM/NOSS"},{"id":"c","text":"MQA"},{"id":"d","text":"OSHA"}]', '["b"]', 'Rujuk modul berkaitan untuk penjelasan terperinci.', 1, 5);
INSERT INTO "Course" (id, code, title, "titleEn", description, "categoryId", "campusId", "instructorId", level, format, "durationHours", "durationDays", credits, price, currency, quota, "enrolledCount", rating, "ratingCount", "coverColor", "coverIcon", tags, status, "startDate", "endDate", "createdAt", "updatedAt") VALUES ('seed_6mxw545vkp', 'JTM-IT-303', 'Keselamatan Siber & Ethical Hacking', 'Keselamatan Siber & Ethical Hacking', 'Kursus Keselamatan Siber & Ethical Hacking di bawah kategori it-multimedia. Kursus ini direka bagi memenuhi keperluan kompetensi SKM/NOSS dan disampaikan secara physical di kampus ADTEC. Peserta akan mempelajari konsep asas sehingga amali lanjut melalui modul video, SCORM dan kuiz interaktif.', 'seed_67qzl9luge', 'seed_nsto8ktrxu', 'seed_e5xn6fb6zs', 'advanced', 'blended', 64, 8, 7, 0, 'MYR', 30, 13, 5, 34, 'amber', 'factory', '["it-multimedia","advanced","SKM","TVET"]', 'published', '2026-08-01', '2026-12-15', now(), now());
INSERT INTO "CourseCompetency" (id, "courseId", "competencyId", weight) VALUES ('seed_i48tw7p8qx', 'seed_6mxw545vkp', 'seed_r1vfai1p09', 1);
INSERT INTO "Module" (id, "courseId", title, description, "order", "durationMin", "isLocked", "createdAt", "updatedAt") VALUES ('seed_y3jo42ish2', 'seed_6mxw545vkp', 'Pengenalan & Objektif Kursus', 'Topik Pengenalan & Objektif Kursus bagi kursus Keselamatan Siber & Ethical Hacking.', 1, 89, FALSE, now(), now());
INSERT INTO "Content" (id, "moduleId", title, type, url, "durationSec", "sizeKb", description, "isDownloadable", "createdAt") VALUES ('seed_zwfivmoijx', 'seed_y3jo42ish2', 'Pengenalan & Objektif Kursus — Bahan 1 (SCORM)', 'scorm', NULL, 743, 4895, 'Bahan pembelajaran format scorm untuk modul ini.', FALSE, now());
INSERT INTO "Content" (id, "moduleId", title, type, url, "durationSec", "sizeKb", description, "isDownloadable", "createdAt") VALUES ('seed_xp33auvqh7', 'seed_y3jo42ish2', 'Pengenalan & Objektif Kursus — Bahan 2 (VIDEO)', 'video', 'https://stream.jtm.gov.my/v/seed_jyv2k37vf4', 364, 147331, 'Bahan pembelajaran format video untuk modul ini.', TRUE, now());
INSERT INTO "Module" (id, "courseId", title, description, "order", "durationMin", "isLocked", "createdAt", "updatedAt") VALUES ('seed_4rea8yvgy1', 'seed_6mxw545vkp', 'Konsep Asas & Terminologi', 'Topik Konsep Asas & Terminologi bagi kursus Keselamatan Siber & Ethical Hacking.', 2, 54, FALSE, now(), now());
INSERT INTO "Content" (id, "moduleId", title, type, url, "durationSec", "sizeKb", description, "isDownloadable", "createdAt") VALUES ('seed_gewi8r3ef9', 'seed_4rea8yvgy1', 'Konsep Asas & Terminologi — Bahan 1 (ARTICLE)', 'article', NULL, 0, 9665, 'Bahan pembelajaran format article untuk modul ini.', TRUE, now());
INSERT INTO "Content" (id, "moduleId", title, type, url, "durationSec", "sizeKb", description, "isDownloadable", "createdAt") VALUES ('seed_rd6llg25si', 'seed_4rea8yvgy1', 'Konsep Asas & Terminologi — Bahan 2 (PDF)', 'pdf', '/content/sample.pdf', 0, 1120, 'Bahan pembelajaran format pdf untuk modul ini.', TRUE, now());
INSERT INTO "Content" (id, "moduleId", title, type, url, "durationSec", "sizeKb", description, "isDownloadable", "createdAt") VALUES ('seed_l09popn4z7', 'seed_4rea8yvgy1', 'Konsep Asas & Terminologi — Bahan 3 (VIDEO)', 'video', 'https://stream.jtm.gov.my/v/seed_g5dit7qdv6', 706, 240364, 'Bahan pembelajaran format video untuk modul ini.', TRUE, now());
INSERT INTO "Module" (id, "courseId", title, description, "order", "durationMin", "isLocked", "createdAt", "updatedAt") VALUES ('seed_qdt59fgjbq', 'seed_6mxw545vkp', 'Alat & Keselamatan', 'Topik Alat & Keselamatan bagi kursus Keselamatan Siber & Ethical Hacking.', 3, 86, FALSE, now(), now());
INSERT INTO "Content" (id, "moduleId", title, type, url, "durationSec", "sizeKb", description, "isDownloadable", "createdAt") VALUES ('seed_9rhahyr8pl', 'seed_qdt59fgjbq', 'Alat & Keselamatan — Bahan 1 (PDF)', 'pdf', '/content/sample.pdf', 0, 4411, 'Bahan pembelajaran format pdf untuk modul ini.', TRUE, now());
INSERT INTO "Content" (id, "moduleId", title, type, url, "durationSec", "sizeKb", description, "isDownloadable", "createdAt") VALUES ('seed_241bih2456', 'seed_qdt59fgjbq', 'Alat & Keselamatan — Bahan 2 (ARTICLE)', 'article', NULL, 0, 3260, 'Bahan pembelajaran format article untuk modul ini.', TRUE, now());
INSERT INTO "Content" (id, "moduleId", title, type, url, "durationSec", "sizeKb", description, "isDownloadable", "createdAt") VALUES ('seed_zsmv7uuppj', 'seed_qdt59fgjbq', 'Alat & Keselamatan — Bahan 3 (PDF)', 'pdf', '/content/sample.pdf', 0, 4268, 'Bahan pembelajaran format pdf untuk modul ini.', TRUE, now());
INSERT INTO "Content" (id, "moduleId", title, type, url, "durationSec", "sizeKb", description, "isDownloadable", "createdAt") VALUES ('seed_37l21b5bmj', 'seed_qdt59fgjbq', 'Alat & Keselamatan — Bahan 4 (PDF)', 'pdf', '/content/sample.pdf', 0, 1671, 'Bahan pembelajaran format pdf untuk modul ini.', TRUE, now());
INSERT INTO "Module" (id, "courseId", title, description, "order", "durationMin", "isLocked", "createdAt", "updatedAt") VALUES ('seed_1k1uy1nkjy', 'seed_6mxw545vkp', 'Komponen Utama Sistem', 'Topik Komponen Utama Sistem bagi kursus Keselamatan Siber & Ethical Hacking.', 4, 116, TRUE, now(), now());
INSERT INTO "Content" (id, "moduleId", title, type, url, "durationSec", "sizeKb", description, "isDownloadable", "createdAt") VALUES ('seed_hz1trcth89', 'seed_1k1uy1nkjy', 'Komponen Utama Sistem — Bahan 1 (ARTICLE)', 'article', NULL, 0, 9750, 'Bahan pembelajaran format article untuk modul ini.', TRUE, now());
INSERT INTO "Content" (id, "moduleId", title, type, url, "durationSec", "sizeKb", description, "isDownloadable", "createdAt") VALUES ('seed_e6hl3rbrkt', 'seed_1k1uy1nkjy', 'Komponen Utama Sistem — Bahan 2 (SCORM)', 'scorm', NULL, 759, 14581, 'Bahan pembelajaran format scorm untuk modul ini.', FALSE, now());
INSERT INTO "Content" (id, "moduleId", title, type, url, "durationSec", "sizeKb", description, "isDownloadable", "createdAt") VALUES ('seed_de1bbcp9ng', 'seed_1k1uy1nkjy', 'Komponen Utama Sistem — Bahan 3 (PDF)', 'pdf', '/content/sample.pdf', 0, 4291, 'Bahan pembelajaran format pdf untuk modul ini.', TRUE, now());
INSERT INTO "Content" (id, "moduleId", title, type, url, "durationSec", "sizeKb", description, "isDownloadable", "createdAt") VALUES ('seed_fi4jf9tkux', 'seed_1k1uy1nkjy', 'Komponen Utama Sistem — Bahan 4 (SCORM)', 'scorm', NULL, 1003, 2941, 'Bahan pembelajaran format scorm untuk modul ini.', FALSE, now());
INSERT INTO "Module" (id, "courseId", title, description, "order", "durationMin", "isLocked", "createdAt", "updatedAt") VALUES ('seed_icn5xc38ac', 'seed_6mxw545vkp', 'Prinsip Operasi', 'Topik Prinsip Operasi bagi kursus Keselamatan Siber & Ethical Hacking.', 5, 33, FALSE, now(), now());
INSERT INTO "Content" (id, "moduleId", title, type, url, "durationSec", "sizeKb", description, "isDownloadable", "createdAt") VALUES ('seed_b1npsmas6n', 'seed_icn5xc38ac', 'Prinsip Operasi — Bahan 1 (H5P)', 'h5p', NULL, 0, 2048, 'Bahan pembelajaran format h5p untuk modul ini.', FALSE, now());
INSERT INTO "Content" (id, "moduleId", title, type, url, "durationSec", "sizeKb", description, "isDownloadable", "createdAt") VALUES ('seed_orn5fd0wpg', 'seed_icn5xc38ac', 'Prinsip Operasi — Bahan 2 (VIDEO)', 'video', 'https://stream.jtm.gov.my/v/seed_zr1h1upb6d', 1457, 222915, 'Bahan pembelajaran format video untuk modul ini.', TRUE, now());
INSERT INTO "Content" (id, "moduleId", title, type, url, "durationSec", "sizeKb", description, "isDownloadable", "createdAt") VALUES ('seed_v1vv312ho7', 'seed_icn5xc38ac', 'Prinsip Operasi — Bahan 3 (PDF)', 'pdf', '/content/sample.pdf', 0, 3849, 'Bahan pembelajaran format pdf untuk modul ini.', TRUE, now());
INSERT INTO "Quiz" (id, "courseId", "moduleId", title, description, "questionCount", "passMark", "timeLimitMin", "maxAttempts", weight, "createdAt") VALUES ('seed_lnhwhz2mqs', 'seed_6mxw545vkp', NULL, 'Kuiz Akhir — Keselamatan Siber & Ethical Hacking', 'Penilaian kompetensi berdasarkan modul yang dipelajari.', 5, 60, 30, 3, 1, now());
INSERT INTO "Question" (id, "quizId", type, text, options, "correctAnswer", explanation, marks, "order") VALUES ('seed_ihaagtpuki', 'seed_lnhwhz2mqs', 'fill_blank', 'Singkatan CNC dalam pembuatan bermaksud Computer ___ Control.', '[]', '"Numerical"', 'Rujuk modul berkaitan untuk penjelasan terperinci.', 1, 1);
INSERT INTO "Question" (id, "quizId", type, text, options, "correctAnswer", explanation, marks, "order") VALUES ('seed_gyxvbur8d5', 'seed_lnhwhz2mqs', 'mcq', 'Pilih kata kunci SQL yang betul untuk menapis rekod.', '[{"id":"a","text":"FILTER"},{"id":"b","text":"WHERE"},{"id":"c","text":"SEARCH"},{"id":"d","text":"MATCH"}]', '["b"]', 'Rujuk modul berkaitan untuk penjelasan terperinci.', 1, 2);
INSERT INTO "Question" (id, "quizId", type, text, options, "correctAnswer", explanation, marks, "order") VALUES ('seed_y6fyjyy07b', 'seed_lnhwhz2mqs', 'true_false', 'Bateri HV pada kenderaan hibrid boleh dicas semula menggunakan bekalan kuasa biasa 240V.', '[]', '"true"', 'Rujuk modul berkaitan untuk penjelasan terperinci.', 1, 3);
INSERT INTO "Question" (id, "quizId", type, text, options, "correctAnswer", explanation, marks, "order") VALUES ('seed_zd6r66nyj9', 'seed_lnhwhz2mqs', 'mcq', 'Standard kompetensi kebangsaan Malaysia dikenali sebagai?', '[{"id":"a","text":"ISO 9001"},{"id":"b","text":"SKM/NOSS"},{"id":"c","text":"MQA"},{"id":"d","text":"OSHA"}]', '["b"]', 'Rujuk modul berkaitan untuk penjelasan terperinci.', 1, 4);
INSERT INTO "Question" (id, "quizId", type, text, options, "correctAnswer", explanation, marks, "order") VALUES ('seed_6ppwon5hr4', 'seed_lnhwhz2mqs', 'mcq', 'Apakah fungsi utama sebuah PLC dalam sistem automasi?', '[{"id":"a","text":"Memproses isyarat input dan mengawal output"},{"id":"b","text":"Menyimpan data pelanggan"},{"id":"c","text":"Menghantar emel automatik"},{"id":"d","text":"Memainkan muzik latar"}]', '["a"]', 'Rujuk modul berkaitan untuk penjelasan terperinci.', 1, 5);
INSERT INTO "Course" (id, code, title, "titleEn", description, "categoryId", "campusId", "instructorId", level, format, "durationHours", "durationDays", credits, price, currency, quota, "enrolledCount", rating, "ratingCount", "coverColor", "coverIcon", tags, status, "startDate", "endDate", "createdAt", "updatedAt") VALUES ('seed_qzqoic5n7v', 'JTM-IT-303-ADTEC-IPOH', 'Keselamatan Siber & Ethical Hacking', 'Keselamatan Siber & Ethical Hacking', 'Kursus Keselamatan Siber & Ethical Hacking di bawah kategori it-multimedia. Kursus ini direka bagi memenuhi keperluan kompetensi SKM/NOSS dan disampaikan secara physical di kampus ADTEC. Peserta akan mempelajari konsep asas sehingga amali lanjut melalui modul video, SCORM dan kuiz interaktif.', 'seed_67qzl9luge', 'seed_5jq8o5bo96', 'seed_qea23anbc8', 'advanced', 'blended', 64, 8, 7, 500, 'MYR', 30, 13, 4.3, 26, 'amber', 'building', '["it-multimedia","advanced","SKM","TVET"]', 'published', '2026-08-01', '2026-12-15', now(), now());
INSERT INTO "CourseCompetency" (id, "courseId", "competencyId", weight) VALUES ('seed_a6ic9i4q6w', 'seed_qzqoic5n7v', 'seed_r1vfai1p09', 1);
INSERT INTO "Module" (id, "courseId", title, description, "order", "durationMin", "isLocked", "createdAt", "updatedAt") VALUES ('seed_yd6oyi8x', 'seed_qzqoic5n7v', 'Pengenalan & Objektif Kursus', 'Topik Pengenalan & Objektif Kursus bagi kursus Keselamatan Siber & Ethical Hacking.', 1, 68, FALSE, now(), now());
INSERT INTO "Content" (id, "moduleId", title, type, url, "durationSec", "sizeKb", description, "isDownloadable", "createdAt") VALUES ('seed_22k1qj4wv4', 'seed_yd6oyi8x', 'Pengenalan & Objektif Kursus — Bahan 1 (SCORM)', 'scorm', NULL, 1223, 7535, 'Bahan pembelajaran format scorm untuk modul ini.', FALSE, now());
INSERT INTO "Content" (id, "moduleId", title, type, url, "durationSec", "sizeKb", description, "isDownloadable", "createdAt") VALUES ('seed_7f40psfgbw', 'seed_yd6oyi8x', 'Pengenalan & Objektif Kursus — Bahan 2 (VIDEO)', 'video', 'https://stream.jtm.gov.my/v/seed_vm5azn5yc5', 1536, 221043, 'Bahan pembelajaran format video untuk modul ini.', TRUE, now());
INSERT INTO "Content" (id, "moduleId", title, type, url, "durationSec", "sizeKb", description, "isDownloadable", "createdAt") VALUES ('seed_enzwprviyh', 'seed_yd6oyi8x', 'Pengenalan & Objektif Kursus — Bahan 3 (ARTICLE)', 'article', NULL, 0, 10222, 'Bahan pembelajaran format article untuk modul ini.', TRUE, now());
INSERT INTO "Content" (id, "moduleId", title, type, url, "durationSec", "sizeKb", description, "isDownloadable", "createdAt") VALUES ('seed_mzjvtqh9f8', 'seed_yd6oyi8x', 'Pengenalan & Objektif Kursus — Bahan 4 (PDF)', 'pdf', '/content/sample.pdf', 0, 3585, 'Bahan pembelajaran format pdf untuk modul ini.', TRUE, now());
INSERT INTO "Module" (id, "courseId", title, description, "order", "durationMin", "isLocked", "createdAt", "updatedAt") VALUES ('seed_uu32eo0g03', 'seed_qzqoic5n7v', 'Konsep Asas & Terminologi', 'Topik Konsep Asas & Terminologi bagi kursus Keselamatan Siber & Ethical Hacking.', 2, 93, FALSE, now(), now());
INSERT INTO "Content" (id, "moduleId", title, type, url, "durationSec", "sizeKb", description, "isDownloadable", "createdAt") VALUES ('seed_g69uly3ong', 'seed_uu32eo0g03', 'Konsep Asas & Terminologi — Bahan 1 (H5P)', 'h5p', NULL, 0, 2013, 'Bahan pembelajaran format h5p untuk modul ini.', FALSE, now());
INSERT INTO "Content" (id, "moduleId", title, type, url, "durationSec", "sizeKb", description, "isDownloadable", "createdAt") VALUES ('seed_wcce8mopxc', 'seed_uu32eo0g03', 'Konsep Asas & Terminologi — Bahan 2 (H5P)', 'h5p', NULL, 0, 19728, 'Bahan pembelajaran format h5p untuk modul ini.', FALSE, now());
INSERT INTO "Content" (id, "moduleId", title, type, url, "durationSec", "sizeKb", description, "isDownloadable", "createdAt") VALUES ('seed_r7kh0b4zea', 'seed_uu32eo0g03', 'Konsep Asas & Terminologi — Bahan 3 (ARTICLE)', 'article', NULL, 0, 18251, 'Bahan pembelajaran format article untuk modul ini.', TRUE, now());
INSERT INTO "Module" (id, "courseId", title, description, "order", "durationMin", "isLocked", "createdAt", "updatedAt") VALUES ('seed_g5b60yl8oi', 'seed_qzqoic5n7v', 'Alat & Keselamatan', 'Topik Alat & Keselamatan bagi kursus Keselamatan Siber & Ethical Hacking.', 3, 73, FALSE, now(), now());
INSERT INTO "Content" (id, "moduleId", title, type, url, "durationSec", "sizeKb", description, "isDownloadable", "createdAt") VALUES ('seed_yyieh148hj', 'seed_g5b60yl8oi', 'Alat & Keselamatan — Bahan 1 (ARTICLE)', 'article', NULL, 0, 19926, 'Bahan pembelajaran format article untuk modul ini.', TRUE, now());
INSERT INTO "Content" (id, "moduleId", title, type, url, "durationSec", "sizeKb", description, "isDownloadable", "createdAt") VALUES ('seed_t9rliku57f', 'seed_g5b60yl8oi', 'Alat & Keselamatan — Bahan 2 (H5P)', 'h5p', NULL, 0, 16749, 'Bahan pembelajaran format h5p untuk modul ini.', FALSE, now());
INSERT INTO "Content" (id, "moduleId", title, type, url, "durationSec", "sizeKb", description, "isDownloadable", "createdAt") VALUES ('seed_r3khc040sj', 'seed_g5b60yl8oi', 'Alat & Keselamatan — Bahan 3 (PDF)', 'pdf', '/content/sample.pdf', 0, 3712, 'Bahan pembelajaran format pdf untuk modul ini.', TRUE, now());
INSERT INTO "Content" (id, "moduleId", title, type, url, "durationSec", "sizeKb", description, "isDownloadable", "createdAt") VALUES ('seed_z270k7ccha', 'seed_g5b60yl8oi', 'Alat & Keselamatan — Bahan 4 (SCORM)', 'scorm', NULL, 2349, 5948, 'Bahan pembelajaran format scorm untuk modul ini.', FALSE, now());
INSERT INTO "Module" (id, "courseId", title, description, "order", "durationMin", "isLocked", "createdAt", "updatedAt") VALUES ('seed_rxqc69b2ck', 'seed_qzqoic5n7v', 'Komponen Utama Sistem', 'Topik Komponen Utama Sistem bagi kursus Keselamatan Siber & Ethical Hacking.', 4, 110, FALSE, now(), now());
INSERT INTO "Content" (id, "moduleId", title, type, url, "durationSec", "sizeKb", description, "isDownloadable", "createdAt") VALUES ('seed_xcptnp5c08', 'seed_rxqc69b2ck', 'Komponen Utama Sistem — Bahan 1 (VIDEO)', 'video', 'https://stream.jtm.gov.my/v/seed_t99uqd5d5b', 1610, 186137, 'Bahan pembelajaran format video untuk modul ini.', TRUE, now());
INSERT INTO "Content" (id, "moduleId", title, type, url, "durationSec", "sizeKb", description, "isDownloadable", "createdAt") VALUES ('seed_ku2dyynp28', 'seed_rxqc69b2ck', 'Komponen Utama Sistem — Bahan 2 (H5P)', 'h5p', NULL, 0, 8511, 'Bahan pembelajaran format h5p untuk modul ini.', FALSE, now());
INSERT INTO "Content" (id, "moduleId", title, type, url, "durationSec", "sizeKb", description, "isDownloadable", "createdAt") VALUES ('seed_xpo9cyc91', 'seed_rxqc69b2ck', 'Komponen Utama Sistem — Bahan 3 (VIDEO)', 'video', 'https://stream.jtm.gov.my/v/seed_ceovkdc0qz', 708, 243508, 'Bahan pembelajaran format video untuk modul ini.', TRUE, now());
INSERT INTO "Content" (id, "moduleId", title, type, url, "durationSec", "sizeKb", description, "isDownloadable", "createdAt") VALUES ('seed_x8b0hto64s', 'seed_rxqc69b2ck', 'Komponen Utama Sistem — Bahan 4 (SCORM)', 'scorm', NULL, 1627, 13949, 'Bahan pembelajaran format scorm untuk modul ini.', FALSE, now());
INSERT INTO "Quiz" (id, "courseId", "moduleId", title, description, "questionCount", "passMark", "timeLimitMin", "maxAttempts", weight, "createdAt") VALUES ('seed_718ytpnie4', 'seed_qzqoic5n7v', NULL, 'Kuiz Akhir — Keselamatan Siber & Ethical Hacking', 'Penilaian kompetensi berdasarkan modul yang dipelajari.', 5, 60, 30, 3, 1, now());
INSERT INTO "Question" (id, "quizId", type, text, options, "correctAnswer", explanation, marks, "order") VALUES ('seed_fzq72ynfkg', 'seed_718ytpnie4', 'mcq', 'Apakah fungsi utama sebuah PLC dalam sistem automasi?', '[{"id":"a","text":"Memproses isyarat input dan mengawal output"},{"id":"b","text":"Menyimpan data pelanggan"},{"id":"c","text":"Menghantar emel automatik"},{"id":"d","text":"Memainkan muzik latar"}]', '["a"]', 'Rujuk modul berkaitan untuk penjelasan terperinci.', 1, 1);
INSERT INTO "Question" (id, "quizId", type, text, options, "correctAnswer", explanation, marks, "order") VALUES ('seed_0vuii3z6ke', 'seed_718ytpnie4', 'true_false', 'Bateri HV pada kenderaan hibrid boleh dicas semula menggunakan bekalan kuasa biasa 240V.', '[]', '"true"', 'Rujuk modul berkaitan untuk penjelasan terperinci.', 1, 2);
INSERT INTO "Question" (id, "quizId", type, text, options, "correctAnswer", explanation, marks, "order") VALUES ('seed_y88u2jvtof', 'seed_718ytpnie4', 'mcq', 'Pilih kata kunci SQL yang betul untuk menapis rekod.', '[{"id":"a","text":"FILTER"},{"id":"b","text":"WHERE"},{"id":"c","text":"SEARCH"},{"id":"d","text":"MATCH"}]', '["b"]', 'Rujuk modul berkaitan untuk penjelasan terperinci.', 1, 3);
INSERT INTO "Question" (id, "quizId", type, text, options, "correctAnswer", explanation, marks, "order") VALUES ('seed_63azfu9na7', 'seed_718ytpnie4', 'mcq', 'Apakah langkah pertama dalam diagnostik kerosakan elektrik?', '[{"id":"a","text":"Tukar komponen terus"},{"id":"b","text":"Periksa bekalan kuasa & litar"},{"id":"c","text":"Padam kod DTC"},{"id":"d","text":"Restart sistem"}]', '["b"]', 'Rujuk modul berkaitan untuk penjelasan terperinci.', 1, 4);
INSERT INTO "Question" (id, "quizId", type, text, options, "correctAnswer", explanation, marks, "order") VALUES ('seed_rzzkqjp58h', 'seed_718ytpnie4', 'fill_blank', 'Singkatan CNC dalam pembuatan bermaksud Computer ___ Control.', '[]', '"Numerical"', 'Rujuk modul berkaitan untuk penjelasan terperinci.', 1, 5);
INSERT INTO "Course" (id, code, title, "titleEn", description, "categoryId", "campusId", "instructorId", level, format, "durationHours", "durationDays", credits, price, currency, quota, "enrolledCount", rating, "ratingCount", "coverColor", "coverIcon", tags, status, "startDate", "endDate", "createdAt", "updatedAt") VALUES ('seed_z4nfecv9ji', 'JTM-AUTO-101', 'Penyelenggaraan Enjin Kenderaan Moden', 'Penyelenggaraan Enjin Kenderaan Moden', 'Kursus Penyelenggaraan Enjin Kenderaan Moden di bawah kategori automotif. Kursus ini direka bagi memenuhi keperluan kompetensi SKM/NOSS dan disampaikan secara online di kampus ADTEC. Peserta akan mempelajari konsep asas sehingga amali lanjut melalui modul video, SCORM dan kuiz interaktif.', 'seed_c1vyny48ji', 'seed_n45y5hgap9', 'seed_8vzbkoks2y', 'beginner', 'online', 36, 5, 4, 350, 'MYR', 30, 19, 4.5, 49, 'amber', 'car', '["automotif","beginner","SKM","TVET"]', 'published', '2026-08-01', '2026-12-15', now(), now());
INSERT INTO "CourseCompetency" (id, "courseId", "competencyId", weight) VALUES ('seed_gb1ajid6j2', 'seed_z4nfecv9ji', 'seed_2kwh5wefo7', 1);
INSERT INTO "Module" (id, "courseId", title, description, "order", "durationMin", "isLocked", "createdAt", "updatedAt") VALUES ('seed_cn9wnd3gqp', 'seed_z4nfecv9ji', 'Pengenalan & Objektif Kursus', 'Topik Pengenalan & Objektif Kursus bagi kursus Penyelenggaraan Enjin Kenderaan Moden.', 1, 111, FALSE, now(), now());
INSERT INTO "Content" (id, "moduleId", title, type, url, "durationSec", "sizeKb", description, "isDownloadable", "createdAt") VALUES ('seed_4jciiyl4w4', 'seed_cn9wnd3gqp', 'Pengenalan & Objektif Kursus — Bahan 1 (H5P)', 'h5p', NULL, 0, 18726, 'Bahan pembelajaran format h5p untuk modul ini.', FALSE, now());
INSERT INTO "Content" (id, "moduleId", title, type, url, "durationSec", "sizeKb", description, "isDownloadable", "createdAt") VALUES ('seed_ywg2yi1kn7', 'seed_cn9wnd3gqp', 'Pengenalan & Objektif Kursus — Bahan 2 (ARTICLE)', 'article', NULL, 0, 7666, 'Bahan pembelajaran format article untuk modul ini.', TRUE, now());
INSERT INTO "Content" (id, "moduleId", title, type, url, "durationSec", "sizeKb", description, "isDownloadable", "createdAt") VALUES ('seed_4er3tfmkdu', 'seed_cn9wnd3gqp', 'Pengenalan & Objektif Kursus — Bahan 3 (PDF)', 'pdf', '/content/sample.pdf', 0, 3857, 'Bahan pembelajaran format pdf untuk modul ini.', TRUE, now());
INSERT INTO "Module" (id, "courseId", title, description, "order", "durationMin", "isLocked", "createdAt", "updatedAt") VALUES ('seed_0yenz4kxh2', 'seed_z4nfecv9ji', 'Konsep Asas & Terminologi', 'Topik Konsep Asas & Terminologi bagi kursus Penyelenggaraan Enjin Kenderaan Moden.', 2, 84, FALSE, now(), now());
INSERT INTO "Content" (id, "moduleId", title, type, url, "durationSec", "sizeKb", description, "isDownloadable", "createdAt") VALUES ('seed_2l95jfxnkm', 'seed_0yenz4kxh2', 'Konsep Asas & Terminologi — Bahan 1 (H5P)', 'h5p', NULL, 0, 14155, 'Bahan pembelajaran format h5p untuk modul ini.', FALSE, now());
INSERT INTO "Content" (id, "moduleId", title, type, url, "durationSec", "sizeKb", description, "isDownloadable", "createdAt") VALUES ('seed_q16v696v89', 'seed_0yenz4kxh2', 'Konsep Asas & Terminologi — Bahan 2 (SCORM)', 'scorm', NULL, 1594, 14349, 'Bahan pembelajaran format scorm untuk modul ini.', FALSE, now());
INSERT INTO "Content" (id, "moduleId", title, type, url, "durationSec", "sizeKb", description, "isDownloadable", "createdAt") VALUES ('seed_r4kzns7io7', 'seed_0yenz4kxh2', 'Konsep Asas & Terminologi — Bahan 3 (PDF)', 'pdf', '/content/sample.pdf', 0, 3189, 'Bahan pembelajaran format pdf untuk modul ini.', TRUE, now());
INSERT INTO "Content" (id, "moduleId", title, type, url, "durationSec", "sizeKb", description, "isDownloadable", "createdAt") VALUES ('seed_9d83gewrwe', 'seed_0yenz4kxh2', 'Konsep Asas & Terminologi — Bahan 4 (VIDEO)', 'video', 'https://stream.jtm.gov.my/v/seed_bfxmmea43y', 570, 241988, 'Bahan pembelajaran format video untuk modul ini.', TRUE, now());
INSERT INTO "Module" (id, "courseId", title, description, "order", "durationMin", "isLocked", "createdAt", "updatedAt") VALUES ('seed_odbevr3dg6', 'seed_z4nfecv9ji', 'Alat & Keselamatan', 'Topik Alat & Keselamatan bagi kursus Penyelenggaraan Enjin Kenderaan Moden.', 3, 34, FALSE, now(), now());
INSERT INTO "Content" (id, "moduleId", title, type, url, "durationSec", "sizeKb", description, "isDownloadable", "createdAt") VALUES ('seed_64ph496ewg', 'seed_odbevr3dg6', 'Alat & Keselamatan — Bahan 1 (PDF)', 'pdf', '/content/sample.pdf', 0, 4154, 'Bahan pembelajaran format pdf untuk modul ini.', TRUE, now());
INSERT INTO "Content" (id, "moduleId", title, type, url, "durationSec", "sizeKb", description, "isDownloadable", "createdAt") VALUES ('seed_f3unrj9lj7', 'seed_odbevr3dg6', 'Alat & Keselamatan — Bahan 2 (H5P)', 'h5p', NULL, 0, 6858, 'Bahan pembelajaran format h5p untuk modul ini.', FALSE, now());
INSERT INTO "Content" (id, "moduleId", title, type, url, "durationSec", "sizeKb", description, "isDownloadable", "createdAt") VALUES ('seed_s0ziyqwaud', 'seed_odbevr3dg6', 'Alat & Keselamatan — Bahan 3 (H5P)', 'h5p', NULL, 0, 6606, 'Bahan pembelajaran format h5p untuk modul ini.', FALSE, now());
INSERT INTO "Content" (id, "moduleId", title, type, url, "durationSec", "sizeKb", description, "isDownloadable", "createdAt") VALUES ('seed_eojm0cpqja', 'seed_odbevr3dg6', 'Alat & Keselamatan — Bahan 4 (ARTICLE)', 'article', NULL, 0, 7112, 'Bahan pembelajaran format article untuk modul ini.', TRUE, now());
INSERT INTO "Module" (id, "courseId", title, description, "order", "durationMin", "isLocked", "createdAt", "updatedAt") VALUES ('seed_4lx8j4uhjd', 'seed_z4nfecv9ji', 'Komponen Utama Sistem', 'Topik Komponen Utama Sistem bagi kursus Penyelenggaraan Enjin Kenderaan Moden.', 4, 93, TRUE, now(), now());
INSERT INTO "Content" (id, "moduleId", title, type, url, "durationSec", "sizeKb", description, "isDownloadable", "createdAt") VALUES ('seed_vplncevixv', 'seed_4lx8j4uhjd', 'Komponen Utama Sistem — Bahan 1 (SCORM)', 'scorm', NULL, 668, 16167, 'Bahan pembelajaran format scorm untuk modul ini.', FALSE, now());
INSERT INTO "Content" (id, "moduleId", title, type, url, "durationSec", "sizeKb", description, "isDownloadable", "createdAt") VALUES ('seed_rr2oypbbwu', 'seed_4lx8j4uhjd', 'Komponen Utama Sistem — Bahan 2 (VIDEO)', 'video', 'https://stream.jtm.gov.my/v/seed_p0ss2qjcgk', 1136, 109336, 'Bahan pembelajaran format video untuk modul ini.', TRUE, now());
INSERT INTO "Quiz" (id, "courseId", "moduleId", title, description, "questionCount", "passMark", "timeLimitMin", "maxAttempts", weight, "createdAt") VALUES ('seed_ma8mnu8bx5', 'seed_z4nfecv9ji', NULL, 'Kuiz Akhir — Penyelenggaraan Enjin Kenderaan Moden', 'Penilaian kompetensi berdasarkan modul yang dipelajari.', 5, 60, 30, 3, 1, now());
INSERT INTO "Question" (id, "quizId", type, text, options, "correctAnswer", explanation, marks, "order") VALUES ('seed_okndf4qdt5', 'seed_ma8mnu8bx5', 'mcq', 'Apakah langkah pertama dalam diagnostik kerosakan elektrik?', '[{"id":"a","text":"Tukar komponen terus"},{"id":"b","text":"Periksa bekalan kuasa & litar"},{"id":"c","text":"Padam kod DTC"},{"id":"d","text":"Restart sistem"}]', '["b"]', 'Rujuk modul berkaitan untuk penjelasan terperinci.', 1, 1);
INSERT INTO "Question" (id, "quizId", type, text, options, "correctAnswer", explanation, marks, "order") VALUES ('seed_5zhbaqwsoj', 'seed_ma8mnu8bx5', 'mcq', 'Standard kompetensi kebangsaan Malaysia dikenali sebagai?', '[{"id":"a","text":"ISO 9001"},{"id":"b","text":"SKM/NOSS"},{"id":"c","text":"MQA"},{"id":"d","text":"OSHA"}]', '["b"]', 'Rujuk modul berkaitan untuk penjelasan terperinci.', 1, 2);
INSERT INTO "Question" (id, "quizId", type, text, options, "correctAnswer", explanation, marks, "order") VALUES ('seed_4t79koqiou', 'seed_ma8mnu8bx5', 'true_false', 'Bateri HV pada kenderaan hibrid boleh dicas semula menggunakan bekalan kuasa biasa 240V.', '[]', '"true"', 'Rujuk modul berkaitan untuk penjelasan terperinci.', 1, 3);
INSERT INTO "Question" (id, "quizId", type, text, options, "correctAnswer", explanation, marks, "order") VALUES ('seed_kvymcg055a', 'seed_ma8mnu8bx5', 'fill_blank', 'Singkatan CNC dalam pembuatan bermaksud Computer ___ Control.', '[]', '"Numerical"', 'Rujuk modul berkaitan untuk penjelasan terperinci.', 1, 4);
INSERT INTO "Question" (id, "quizId", type, text, options, "correctAnswer", explanation, marks, "order") VALUES ('seed_gtev7g2i7e', 'seed_ma8mnu8bx5', 'mcq', 'Pilih kata kunci SQL yang betul untuk menapis rekod.', '[{"id":"a","text":"FILTER"},{"id":"b","text":"WHERE"},{"id":"c","text":"SEARCH"},{"id":"d","text":"MATCH"}]', '["b"]', 'Rujuk modul berkaitan untuk penjelasan terperinci.', 1, 5);
INSERT INTO "Course" (id, code, title, "titleEn", description, "categoryId", "campusId", "instructorId", level, format, "durationHours", "durationDays", credits, price, currency, quota, "enrolledCount", rating, "ratingCount", "coverColor", "coverIcon", tags, status, "startDate", "endDate", "createdAt", "updatedAt") VALUES ('seed_wvic8hdr1l', 'JTM-AUTO-101-ADTEC-KLA', 'Penyelenggaraan Enjin Kenderaan Moden', 'Penyelenggaraan Enjin Kenderaan Moden', 'Kursus Penyelenggaraan Enjin Kenderaan Moden di bawah kategori automotif. Kursus ini direka bagi memenuhi keperluan kompetensi SKM/NOSS dan disampaikan secara blended di kampus ADTEC. Peserta akan mempelajari konsep asas sehingga amali lanjut melalui modul video, SCORM dan kuiz interaktif.', 'seed_c1vyny48ji', 'seed_qfjr7h05i2', 'seed_zyzprbs8mr', 'beginner', 'blended', 36, 5, 4, 350, 'MYR', 30, 21, 4, 60, 'amber', 'zap', '["automotif","beginner","SKM","TVET"]', 'published', '2026-08-01', '2026-12-15', now(), now());
INSERT INTO "CourseCompetency" (id, "courseId", "competencyId", weight) VALUES ('seed_p935rmxw47', 'seed_wvic8hdr1l', 'seed_2kwh5wefo7', 1);
INSERT INTO "Module" (id, "courseId", title, description, "order", "durationMin", "isLocked", "createdAt", "updatedAt") VALUES ('seed_duwfbhqrkg', 'seed_wvic8hdr1l', 'Pengenalan & Objektif Kursus', 'Topik Pengenalan & Objektif Kursus bagi kursus Penyelenggaraan Enjin Kenderaan Moden.', 1, 51, FALSE, now(), now());
INSERT INTO "Content" (id, "moduleId", title, type, url, "durationSec", "sizeKb", description, "isDownloadable", "createdAt") VALUES ('seed_3cjw11mhd7', 'seed_duwfbhqrkg', 'Pengenalan & Objektif Kursus — Bahan 1 (SCORM)', 'scorm', NULL, 1012, 8299, 'Bahan pembelajaran format scorm untuk modul ini.', FALSE, now());
INSERT INTO "Content" (id, "moduleId", title, type, url, "durationSec", "sizeKb", description, "isDownloadable", "createdAt") VALUES ('seed_dueryo2aul', 'seed_duwfbhqrkg', 'Pengenalan & Objektif Kursus — Bahan 2 (SCORM)', 'scorm', NULL, 1738, 14963, 'Bahan pembelajaran format scorm untuk modul ini.', FALSE, now());
INSERT INTO "Content" (id, "moduleId", title, type, url, "durationSec", "sizeKb", description, "isDownloadable", "createdAt") VALUES ('seed_8el2l5qqc8', 'seed_duwfbhqrkg', 'Pengenalan & Objektif Kursus — Bahan 3 (PDF)', 'pdf', '/content/sample.pdf', 0, 1834, 'Bahan pembelajaran format pdf untuk modul ini.', TRUE, now());
INSERT INTO "Module" (id, "courseId", title, description, "order", "durationMin", "isLocked", "createdAt", "updatedAt") VALUES ('seed_7733zpmpr2', 'seed_wvic8hdr1l', 'Konsep Asas & Terminologi', 'Topik Konsep Asas & Terminologi bagi kursus Penyelenggaraan Enjin Kenderaan Moden.', 2, 83, FALSE, now(), now());
INSERT INTO "Content" (id, "moduleId", title, type, url, "durationSec", "sizeKb", description, "isDownloadable", "createdAt") VALUES ('seed_etgy2sxmjf', 'seed_7733zpmpr2', 'Konsep Asas & Terminologi — Bahan 1 (VIDEO)', 'video', 'https://stream.jtm.gov.my/v/seed_ut3gh686kp', 759, 118167, 'Bahan pembelajaran format video untuk modul ini.', TRUE, now());
INSERT INTO "Content" (id, "moduleId", title, type, url, "durationSec", "sizeKb", description, "isDownloadable", "createdAt") VALUES ('seed_8u2rl7vsdw', 'seed_7733zpmpr2', 'Konsep Asas & Terminologi — Bahan 2 (H5P)', 'h5p', NULL, 0, 6943, 'Bahan pembelajaran format h5p untuk modul ini.', FALSE, now());
INSERT INTO "Content" (id, "moduleId", title, type, url, "durationSec", "sizeKb", description, "isDownloadable", "createdAt") VALUES ('seed_hz6ou4reum', 'seed_7733zpmpr2', 'Konsep Asas & Terminologi — Bahan 3 (H5P)', 'h5p', NULL, 0, 19275, 'Bahan pembelajaran format h5p untuk modul ini.', FALSE, now());
INSERT INTO "Content" (id, "moduleId", title, type, url, "durationSec", "sizeKb", description, "isDownloadable", "createdAt") VALUES ('seed_0hj1shapsz', 'seed_7733zpmpr2', 'Konsep Asas & Terminologi — Bahan 4 (ARTICLE)', 'article', NULL, 0, 16736, 'Bahan pembelajaran format article untuk modul ini.', TRUE, now());
INSERT INTO "Module" (id, "courseId", title, description, "order", "durationMin", "isLocked", "createdAt", "updatedAt") VALUES ('seed_c13e61fe09', 'seed_wvic8hdr1l', 'Alat & Keselamatan', 'Topik Alat & Keselamatan bagi kursus Penyelenggaraan Enjin Kenderaan Moden.', 3, 57, FALSE, now(), now());
INSERT INTO "Content" (id, "moduleId", title, type, url, "durationSec", "sizeKb", description, "isDownloadable", "createdAt") VALUES ('seed_626dxl5ti4', 'seed_c13e61fe09', 'Alat & Keselamatan — Bahan 1 (H5P)', 'h5p', NULL, 0, 15633, 'Bahan pembelajaran format h5p untuk modul ini.', FALSE, now());
INSERT INTO "Content" (id, "moduleId", title, type, url, "durationSec", "sizeKb", description, "isDownloadable", "createdAt") VALUES ('seed_br1zyz3kbx', 'seed_c13e61fe09', 'Alat & Keselamatan — Bahan 2 (VIDEO)', 'video', 'https://stream.jtm.gov.my/v/seed_3l60qwhb2k', 620, 51397, 'Bahan pembelajaran format video untuk modul ini.', TRUE, now());
INSERT INTO "Module" (id, "courseId", title, description, "order", "durationMin", "isLocked", "createdAt", "updatedAt") VALUES ('seed_li9nnhh3p5', 'seed_wvic8hdr1l', 'Komponen Utama Sistem', 'Topik Komponen Utama Sistem bagi kursus Penyelenggaraan Enjin Kenderaan Moden.', 4, 115, FALSE, now(), now());
INSERT INTO "Content" (id, "moduleId", title, type, url, "durationSec", "sizeKb", description, "isDownloadable", "createdAt") VALUES ('seed_axjb22qjhc', 'seed_li9nnhh3p5', 'Komponen Utama Sistem — Bahan 1 (PDF)', 'pdf', '/content/sample.pdf', 0, 1528, 'Bahan pembelajaran format pdf untuk modul ini.', TRUE, now());
INSERT INTO "Content" (id, "moduleId", title, type, url, "durationSec", "sizeKb", description, "isDownloadable", "createdAt") VALUES ('seed_676zlt0rzs', 'seed_li9nnhh3p5', 'Komponen Utama Sistem — Bahan 2 (H5P)', 'h5p', NULL, 0, 3320, 'Bahan pembelajaran format h5p untuk modul ini.', FALSE, now());
INSERT INTO "Content" (id, "moduleId", title, type, url, "durationSec", "sizeKb", description, "isDownloadable", "createdAt") VALUES ('seed_fzns1dkg52', 'seed_li9nnhh3p5', 'Komponen Utama Sistem — Bahan 3 (VIDEO)', 'video', 'https://stream.jtm.gov.my/v/seed_lrjc76ar3s', 1800, 129317, 'Bahan pembelajaran format video untuk modul ini.', TRUE, now());
INSERT INTO "Module" (id, "courseId", title, description, "order", "durationMin", "isLocked", "createdAt", "updatedAt") VALUES ('seed_1w580p88ag', 'seed_wvic8hdr1l', 'Prinsip Operasi', 'Topik Prinsip Operasi bagi kursus Penyelenggaraan Enjin Kenderaan Moden.', 5, 67, FALSE, now(), now());
INSERT INTO "Content" (id, "moduleId", title, type, url, "durationSec", "sizeKb", description, "isDownloadable", "createdAt") VALUES ('seed_1on7r6mnur', 'seed_1w580p88ag', 'Prinsip Operasi — Bahan 1 (SCORM)', 'scorm', NULL, 797, 5251, 'Bahan pembelajaran format scorm untuk modul ini.', FALSE, now());
INSERT INTO "Content" (id, "moduleId", title, type, url, "durationSec", "sizeKb", description, "isDownloadable", "createdAt") VALUES ('seed_1fm3wy6gcj', 'seed_1w580p88ag', 'Prinsip Operasi — Bahan 2 (H5P)', 'h5p', NULL, 0, 2864, 'Bahan pembelajaran format h5p untuk modul ini.', FALSE, now());
INSERT INTO "Content" (id, "moduleId", title, type, url, "durationSec", "sizeKb", description, "isDownloadable", "createdAt") VALUES ('seed_kgyzh215f8', 'seed_1w580p88ag', 'Prinsip Operasi — Bahan 3 (ARTICLE)', 'article', NULL, 0, 6838, 'Bahan pembelajaran format article untuk modul ini.', TRUE, now());
INSERT INTO "Content" (id, "moduleId", title, type, url, "durationSec", "sizeKb", description, "isDownloadable", "createdAt") VALUES ('seed_6drl51ew9b', 'seed_1w580p88ag', 'Prinsip Operasi — Bahan 4 (H5P)', 'h5p', NULL, 0, 19781, 'Bahan pembelajaran format h5p untuk modul ini.', FALSE, now());
INSERT INTO "Module" (id, "courseId", title, description, "order", "durationMin", "isLocked", "createdAt", "updatedAt") VALUES ('seed_q1za2aae94', 'seed_wvic8hdr1l', 'Amali Langkah Demi Langkah', 'Topik Amali Langkah Demi Langkah bagi kursus Penyelenggaraan Enjin Kenderaan Moden.', 6, 39, FALSE, now(), now());
INSERT INTO "Content" (id, "moduleId", title, type, url, "durationSec", "sizeKb", description, "isDownloadable", "createdAt") VALUES ('seed_qx2xztoeq6', 'seed_q1za2aae94', 'Amali Langkah Demi Langkah — Bahan 1 (H5P)', 'h5p', NULL, 0, 3512, 'Bahan pembelajaran format h5p untuk modul ini.', FALSE, now());
INSERT INTO "Content" (id, "moduleId", title, type, url, "durationSec", "sizeKb", description, "isDownloadable", "createdAt") VALUES ('seed_1x455tz1ch', 'seed_q1za2aae94', 'Amali Langkah Demi Langkah — Bahan 2 (VIDEO)', 'video', 'https://stream.jtm.gov.my/v/seed_v2idu831pf', 946, 81071, 'Bahan pembelajaran format video untuk modul ini.', TRUE, now());
INSERT INTO "Quiz" (id, "courseId", "moduleId", title, description, "questionCount", "passMark", "timeLimitMin", "maxAttempts", weight, "createdAt") VALUES ('seed_n4abph7knp', 'seed_wvic8hdr1l', NULL, 'Kuiz Akhir — Penyelenggaraan Enjin Kenderaan Moden', 'Penilaian kompetensi berdasarkan modul yang dipelajari.', 5, 60, 30, 3, 1, now());
INSERT INTO "Question" (id, "quizId", type, text, options, "correctAnswer", explanation, marks, "order") VALUES ('seed_d25ysqt30t', 'seed_n4abph7knp', 'mcq', 'Pilih kata kunci SQL yang betul untuk menapis rekod.', '[{"id":"a","text":"FILTER"},{"id":"b","text":"WHERE"},{"id":"c","text":"SEARCH"},{"id":"d","text":"MATCH"}]', '["b"]', 'Rujuk modul berkaitan untuk penjelasan terperinci.', 1, 1);
INSERT INTO "Question" (id, "quizId", type, text, options, "correctAnswer", explanation, marks, "order") VALUES ('seed_df4o5wkz5r', 'seed_n4abph7knp', 'fill_blank', 'Singkatan CNC dalam pembuatan bermaksud Computer ___ Control.', '[]', '"Numerical"', 'Rujuk modul berkaitan untuk penjelasan terperinci.', 1, 2);
INSERT INTO "Question" (id, "quizId", type, text, options, "correctAnswer", explanation, marks, "order") VALUES ('seed_amdl5cvbio', 'seed_n4abph7knp', 'mcq', 'Apakah fungsi utama sebuah PLC dalam sistem automasi?', '[{"id":"a","text":"Memproses isyarat input dan mengawal output"},{"id":"b","text":"Menyimpan data pelanggan"},{"id":"c","text":"Menghantar emel automatik"},{"id":"d","text":"Memainkan muzik latar"}]', '["a"]', 'Rujuk modul berkaitan untuk penjelasan terperinci.', 1, 3);
INSERT INTO "Question" (id, "quizId", type, text, options, "correctAnswer", explanation, marks, "order") VALUES ('seed_a8y2656xmi', 'seed_n4abph7knp', 'mcq', 'Standard kompetensi kebangsaan Malaysia dikenali sebagai?', '[{"id":"a","text":"ISO 9001"},{"id":"b","text":"SKM/NOSS"},{"id":"c","text":"MQA"},{"id":"d","text":"OSHA"}]', '["b"]', 'Rujuk modul berkaitan untuk penjelasan terperinci.', 1, 4);
INSERT INTO "Question" (id, "quizId", type, text, options, "correctAnswer", explanation, marks, "order") VALUES ('seed_wmt7pcthb8', 'seed_n4abph7knp', 'mcq', 'Apakah langkah pertama dalam diagnostik kerosakan elektrik?', '[{"id":"a","text":"Tukar komponen terus"},{"id":"b","text":"Periksa bekalan kuasa & litar"},{"id":"c","text":"Padam kod DTC"},{"id":"d","text":"Restart sistem"}]', '["b"]', 'Rujuk modul berkaitan untuk penjelasan terperinci.', 1, 5);
INSERT INTO "Course" (id, code, title, "titleEn", description, "categoryId", "campusId", "instructorId", level, format, "durationHours", "durationDays", credits, price, currency, quota, "enrolledCount", rating, "ratingCount", "coverColor", "coverIcon", tags, status, "startDate", "endDate", "createdAt", "updatedAt") VALUES ('seed_tpceipmdu5', 'JTM-AUTO-202', 'Diagnostik Kereta Hibrid & EV', 'Diagnostik Kereta Hibrid & EV', 'Kursus Diagnostik Kereta Hibrid & EV di bawah kategori automotif. Kursus ini direka bagi memenuhi keperluan kompetensi SKM/NOSS dan disampaikan secara physical di kampus ADTEC. Peserta akan mempelajari konsep asas sehingga amali lanjut melalui modul video, SCORM dan kuiz interaktif.', 'seed_c1vyny48ji', 'seed_co4j39sfdc', 'seed_7cm60wpveo', 'advanced', 'online', 72, 9, 8, 0, 'MYR', 30, 26, 4.9, 33, 'violet', 'building', '["automotif","advanced","SKM","TVET"]', 'published', '2026-08-01', '2026-12-15', now(), now());
INSERT INTO "CourseCompetency" (id, "courseId", "competencyId", weight) VALUES ('seed_6e7wm7szq6', 'seed_tpceipmdu5', 'seed_2kwh5wefo7', 1);
INSERT INTO "Module" (id, "courseId", title, description, "order", "durationMin", "isLocked", "createdAt", "updatedAt") VALUES ('seed_jxno3nbdh', 'seed_tpceipmdu5', 'Pengenalan & Objektif Kursus', 'Topik Pengenalan & Objektif Kursus bagi kursus Diagnostik Kereta Hibrid & EV.', 1, 47, FALSE, now(), now());
INSERT INTO "Content" (id, "moduleId", title, type, url, "durationSec", "sizeKb", description, "isDownloadable", "createdAt") VALUES ('seed_va9968z3mg', 'seed_jxno3nbdh', 'Pengenalan & Objektif Kursus — Bahan 1 (ARTICLE)', 'article', NULL, 0, 18428, 'Bahan pembelajaran format article untuk modul ini.', TRUE, now());
INSERT INTO "Content" (id, "moduleId", title, type, url, "durationSec", "sizeKb", description, "isDownloadable", "createdAt") VALUES ('seed_nid02a1nfj', 'seed_jxno3nbdh', 'Pengenalan & Objektif Kursus — Bahan 2 (ARTICLE)', 'article', NULL, 0, 15624, 'Bahan pembelajaran format article untuk modul ini.', TRUE, now());
INSERT INTO "Content" (id, "moduleId", title, type, url, "durationSec", "sizeKb", description, "isDownloadable", "createdAt") VALUES ('seed_8jsgpzqyaw', 'seed_jxno3nbdh', 'Pengenalan & Objektif Kursus — Bahan 3 (H5P)', 'h5p', NULL, 0, 18255, 'Bahan pembelajaran format h5p untuk modul ini.', FALSE, now());
INSERT INTO "Module" (id, "courseId", title, description, "order", "durationMin", "isLocked", "createdAt", "updatedAt") VALUES ('seed_0ykk96z64v', 'seed_tpceipmdu5', 'Konsep Asas & Terminologi', 'Topik Konsep Asas & Terminologi bagi kursus Diagnostik Kereta Hibrid & EV.', 2, 88, FALSE, now(), now());
INSERT INTO "Content" (id, "moduleId", title, type, url, "durationSec", "sizeKb", description, "isDownloadable", "createdAt") VALUES ('seed_pokfajaf1o', 'seed_0ykk96z64v', 'Konsep Asas & Terminologi — Bahan 1 (PDF)', 'pdf', '/content/sample.pdf', 0, 4408, 'Bahan pembelajaran format pdf untuk modul ini.', TRUE, now());
INSERT INTO "Content" (id, "moduleId", title, type, url, "durationSec", "sizeKb", description, "isDownloadable", "createdAt") VALUES ('seed_98q84kl3m0', 'seed_0ykk96z64v', 'Konsep Asas & Terminologi — Bahan 2 (PDF)', 'pdf', '/content/sample.pdf', 0, 3232, 'Bahan pembelajaran format pdf untuk modul ini.', TRUE, now());
INSERT INTO "Content" (id, "moduleId", title, type, url, "durationSec", "sizeKb", description, "isDownloadable", "createdAt") VALUES ('seed_f86qhqgg26', 'seed_0ykk96z64v', 'Konsep Asas & Terminologi — Bahan 3 (PDF)', 'pdf', '/content/sample.pdf', 0, 4323, 'Bahan pembelajaran format pdf untuk modul ini.', TRUE, now());
INSERT INTO "Module" (id, "courseId", title, description, "order", "durationMin", "isLocked", "createdAt", "updatedAt") VALUES ('seed_b6o6foc1t7', 'seed_tpceipmdu5', 'Alat & Keselamatan', 'Topik Alat & Keselamatan bagi kursus Diagnostik Kereta Hibrid & EV.', 3, 36, FALSE, now(), now());
INSERT INTO "Content" (id, "moduleId", title, type, url, "durationSec", "sizeKb", description, "isDownloadable", "createdAt") VALUES ('seed_wvdbb2xft8', 'seed_b6o6foc1t7', 'Alat & Keselamatan — Bahan 1 (VIDEO)', 'video', 'https://stream.jtm.gov.my/v/seed_b8cyzlw3e4', 349, 170938, 'Bahan pembelajaran format video untuk modul ini.', TRUE, now());
INSERT INTO "Content" (id, "moduleId", title, type, url, "durationSec", "sizeKb", description, "isDownloadable", "createdAt") VALUES ('seed_68o1e9qh28', 'seed_b6o6foc1t7', 'Alat & Keselamatan — Bahan 2 (SCORM)', 'scorm', NULL, 1174, 5965, 'Bahan pembelajaran format scorm untuk modul ini.', FALSE, now());
INSERT INTO "Content" (id, "moduleId", title, type, url, "durationSec", "sizeKb", description, "isDownloadable", "createdAt") VALUES ('seed_z7aq2jdrbo', 'seed_b6o6foc1t7', 'Alat & Keselamatan — Bahan 3 (ARTICLE)', 'article', NULL, 0, 19749, 'Bahan pembelajaran format article untuk modul ini.', TRUE, now());
INSERT INTO "Module" (id, "courseId", title, description, "order", "durationMin", "isLocked", "createdAt", "updatedAt") VALUES ('seed_u11h755qsm', 'seed_tpceipmdu5', 'Komponen Utama Sistem', 'Topik Komponen Utama Sistem bagi kursus Diagnostik Kereta Hibrid & EV.', 4, 95, TRUE, now(), now());
INSERT INTO "Content" (id, "moduleId", title, type, url, "durationSec", "sizeKb", description, "isDownloadable", "createdAt") VALUES ('seed_z2z38tlinu', 'seed_u11h755qsm', 'Komponen Utama Sistem — Bahan 1 (ARTICLE)', 'article', NULL, 0, 17240, 'Bahan pembelajaran format article untuk modul ini.', TRUE, now());
INSERT INTO "Content" (id, "moduleId", title, type, url, "durationSec", "sizeKb", description, "isDownloadable", "createdAt") VALUES ('seed_26r36f99a4', 'seed_u11h755qsm', 'Komponen Utama Sistem — Bahan 2 (SCORM)', 'scorm', NULL, 1357, 17342, 'Bahan pembelajaran format scorm untuk modul ini.', FALSE, now());
INSERT INTO "Module" (id, "courseId", title, description, "order", "durationMin", "isLocked", "createdAt", "updatedAt") VALUES ('seed_mdoyxfw2dg', 'seed_tpceipmdu5', 'Prinsip Operasi', 'Topik Prinsip Operasi bagi kursus Diagnostik Kereta Hibrid & EV.', 5, 56, FALSE, now(), now());
INSERT INTO "Content" (id, "moduleId", title, type, url, "durationSec", "sizeKb", description, "isDownloadable", "createdAt") VALUES ('seed_8y5nefxq6h', 'seed_mdoyxfw2dg', 'Prinsip Operasi — Bahan 1 (PDF)', 'pdf', '/content/sample.pdf', 0, 3761, 'Bahan pembelajaran format pdf untuk modul ini.', TRUE, now());
INSERT INTO "Content" (id, "moduleId", title, type, url, "durationSec", "sizeKb", description, "isDownloadable", "createdAt") VALUES ('seed_zjemybpbco', 'seed_mdoyxfw2dg', 'Prinsip Operasi — Bahan 2 (SCORM)', 'scorm', NULL, 2278, 15248, 'Bahan pembelajaran format scorm untuk modul ini.', FALSE, now());
INSERT INTO "Module" (id, "courseId", title, description, "order", "durationMin", "isLocked", "createdAt", "updatedAt") VALUES ('seed_9y4kt7pq1h', 'seed_tpceipmdu5', 'Amali Langkah Demi Langkah', 'Topik Amali Langkah Demi Langkah bagi kursus Diagnostik Kereta Hibrid & EV.', 6, 30, TRUE, now(), now());
INSERT INTO "Content" (id, "moduleId", title, type, url, "durationSec", "sizeKb", description, "isDownloadable", "createdAt") VALUES ('seed_bmum08e5ed', 'seed_9y4kt7pq1h', 'Amali Langkah Demi Langkah — Bahan 1 (H5P)', 'h5p', NULL, 0, 16567, 'Bahan pembelajaran format h5p untuk modul ini.', FALSE, now());
INSERT INTO "Content" (id, "moduleId", title, type, url, "durationSec", "sizeKb", description, "isDownloadable", "createdAt") VALUES ('seed_x6msub9rlm', 'seed_9y4kt7pq1h', 'Amali Langkah Demi Langkah — Bahan 2 (PDF)', 'pdf', '/content/sample.pdf', 0, 801, 'Bahan pembelajaran format pdf untuk modul ini.', TRUE, now());
INSERT INTO "Quiz" (id, "courseId", "moduleId", title, description, "questionCount", "passMark", "timeLimitMin", "maxAttempts", weight, "createdAt") VALUES ('seed_iq5tmfhm3k', 'seed_tpceipmdu5', NULL, 'Kuiz Akhir — Diagnostik Kereta Hibrid & EV', 'Penilaian kompetensi berdasarkan modul yang dipelajari.', 5, 60, 30, 3, 1, now());
INSERT INTO "Question" (id, "quizId", type, text, options, "correctAnswer", explanation, marks, "order") VALUES ('seed_j8kb5mfbv0', 'seed_iq5tmfhm3k', 'mcq', 'Apakah langkah pertama dalam diagnostik kerosakan elektrik?', '[{"id":"a","text":"Tukar komponen terus"},{"id":"b","text":"Periksa bekalan kuasa & litar"},{"id":"c","text":"Padam kod DTC"},{"id":"d","text":"Restart sistem"}]', '["b"]', 'Rujuk modul berkaitan untuk penjelasan terperinci.', 1, 1);
INSERT INTO "Question" (id, "quizId", type, text, options, "correctAnswer", explanation, marks, "order") VALUES ('seed_z7xi0r00hr', 'seed_iq5tmfhm3k', 'mcq', 'Pilih kata kunci SQL yang betul untuk menapis rekod.', '[{"id":"a","text":"FILTER"},{"id":"b","text":"WHERE"},{"id":"c","text":"SEARCH"},{"id":"d","text":"MATCH"}]', '["b"]', 'Rujuk modul berkaitan untuk penjelasan terperinci.', 1, 2);
INSERT INTO "Question" (id, "quizId", type, text, options, "correctAnswer", explanation, marks, "order") VALUES ('seed_as7slw5h7n', 'seed_iq5tmfhm3k', 'true_false', 'Bateri HV pada kenderaan hibrid boleh dicas semula menggunakan bekalan kuasa biasa 240V.', '[]', '"true"', 'Rujuk modul berkaitan untuk penjelasan terperinci.', 1, 3);
INSERT INTO "Question" (id, "quizId", type, text, options, "correctAnswer", explanation, marks, "order") VALUES ('seed_2nnc5q8c8p', 'seed_iq5tmfhm3k', 'fill_blank', 'Singkatan CNC dalam pembuatan bermaksud Computer ___ Control.', '[]', '"Numerical"', 'Rujuk modul berkaitan untuk penjelasan terperinci.', 1, 4);
INSERT INTO "Question" (id, "quizId", type, text, options, "correctAnswer", explanation, marks, "order") VALUES ('seed_hf423lwxlz', 'seed_iq5tmfhm3k', 'mcq', 'Apakah fungsi utama sebuah PLC dalam sistem automasi?', '[{"id":"a","text":"Memproses isyarat input dan mengawal output"},{"id":"b","text":"Menyimpan data pelanggan"},{"id":"c","text":"Menghantar emel automatik"},{"id":"d","text":"Memainkan muzik latar"}]', '["a"]', 'Rujuk modul berkaitan untuk penjelasan terperinci.', 1, 5);
INSERT INTO "Course" (id, code, title, "titleEn", description, "categoryId", "campusId", "instructorId", level, format, "durationHours", "durationDays", credits, price, currency, quota, "enrolledCount", rating, "ratingCount", "coverColor", "coverIcon", tags, status, "startDate", "endDate", "createdAt", "updatedAt") VALUES ('seed_nbwohj4ytb', 'JTM-PBU-101', 'Pengendalian Mesin CNC', 'Pengendalian Mesin CNC', 'Kursus Pengendalian Mesin CNC di bawah kategori pembuatan. Kursus ini direka bagi memenuhi keperluan kompetensi SKM/NOSS dan disampaikan secara physical di kampus ADTEC. Peserta akan mempelajari konsep asas sehingga amali lanjut melalui modul video, SCORM dan kuiz interaktif.', 'seed_0rbkgucy3t', 'seed_2u2ynx3qot', 'seed_zyzprbs8mr', 'intermediate', 'online', 48, 6, 5, 350, 'MYR', 30, 14, 5, 24, 'violet', 'utensils', '["pembuatan","intermediate","SKM","TVET"]', 'published', '2026-08-01', '2026-12-15', now(), now());
INSERT INTO "CourseCompetency" (id, "courseId", "competencyId", weight) VALUES ('seed_r84vyb3jeq', 'seed_nbwohj4ytb', 'seed_jyj9t1x594', 1);
INSERT INTO "Module" (id, "courseId", title, description, "order", "durationMin", "isLocked", "createdAt", "updatedAt") VALUES ('seed_9rslxomfn2', 'seed_nbwohj4ytb', 'Pengenalan & Objektif Kursus', 'Topik Pengenalan & Objektif Kursus bagi kursus Pengendalian Mesin CNC.', 1, 52, FALSE, now(), now());
INSERT INTO "Content" (id, "moduleId", title, type, url, "durationSec", "sizeKb", description, "isDownloadable", "createdAt") VALUES ('seed_6wo6vn1pjo', 'seed_9rslxomfn2', 'Pengenalan & Objektif Kursus — Bahan 1 (ARTICLE)', 'article', NULL, 0, 11608, 'Bahan pembelajaran format article untuk modul ini.', TRUE, now());
INSERT INTO "Content" (id, "moduleId", title, type, url, "durationSec", "sizeKb", description, "isDownloadable", "createdAt") VALUES ('seed_0b2t0m2xlj', 'seed_9rslxomfn2', 'Pengenalan & Objektif Kursus — Bahan 2 (ARTICLE)', 'article', NULL, 0, 19635, 'Bahan pembelajaran format article untuk modul ini.', TRUE, now());
INSERT INTO "Module" (id, "courseId", title, description, "order", "durationMin", "isLocked", "createdAt", "updatedAt") VALUES ('seed_vn7gj0qs5x', 'seed_nbwohj4ytb', 'Konsep Asas & Terminologi', 'Topik Konsep Asas & Terminologi bagi kursus Pengendalian Mesin CNC.', 2, 49, FALSE, now(), now());
INSERT INTO "Content" (id, "moduleId", title, type, url, "durationSec", "sizeKb", description, "isDownloadable", "createdAt") VALUES ('seed_00mq0m5cxn', 'seed_vn7gj0qs5x', 'Konsep Asas & Terminologi — Bahan 1 (VIDEO)', 'video', 'https://stream.jtm.gov.my/v/seed_j3xw77dpm4', 1710, 210833, 'Bahan pembelajaran format video untuk modul ini.', TRUE, now());
INSERT INTO "Content" (id, "moduleId", title, type, url, "durationSec", "sizeKb", description, "isDownloadable", "createdAt") VALUES ('seed_zqodjm6bl7', 'seed_vn7gj0qs5x', 'Konsep Asas & Terminologi — Bahan 2 (VIDEO)', 'video', 'https://stream.jtm.gov.my/v/seed_crgw25n2ev', 1058, 233949, 'Bahan pembelajaran format video untuk modul ini.', TRUE, now());
INSERT INTO "Module" (id, "courseId", title, description, "order", "durationMin", "isLocked", "createdAt", "updatedAt") VALUES ('seed_7zcwfdz5h4', 'seed_nbwohj4ytb', 'Alat & Keselamatan', 'Topik Alat & Keselamatan bagi kursus Pengendalian Mesin CNC.', 3, 110, FALSE, now(), now());
INSERT INTO "Content" (id, "moduleId", title, type, url, "durationSec", "sizeKb", description, "isDownloadable", "createdAt") VALUES ('seed_4uvsuftutu', 'seed_7zcwfdz5h4', 'Alat & Keselamatan — Bahan 1 (PDF)', 'pdf', '/content/sample.pdf', 0, 878, 'Bahan pembelajaran format pdf untuk modul ini.', TRUE, now());
INSERT INTO "Content" (id, "moduleId", title, type, url, "durationSec", "sizeKb", description, "isDownloadable", "createdAt") VALUES ('seed_353o1gp52a', 'seed_7zcwfdz5h4', 'Alat & Keselamatan — Bahan 2 (SCORM)', 'scorm', NULL, 1732, 7975, 'Bahan pembelajaran format scorm untuk modul ini.', FALSE, now());
INSERT INTO "Content" (id, "moduleId", title, type, url, "durationSec", "sizeKb", description, "isDownloadable", "createdAt") VALUES ('seed_w0kei9hxie', 'seed_7zcwfdz5h4', 'Alat & Keselamatan — Bahan 3 (VIDEO)', 'video', 'https://stream.jtm.gov.my/v/seed_79amix0x4b', 1642, 217565, 'Bahan pembelajaran format video untuk modul ini.', TRUE, now());
INSERT INTO "Module" (id, "courseId", title, description, "order", "durationMin", "isLocked", "createdAt", "updatedAt") VALUES ('seed_2t2plerbsy', 'seed_nbwohj4ytb', 'Komponen Utama Sistem', 'Topik Komponen Utama Sistem bagi kursus Pengendalian Mesin CNC.', 4, 60, FALSE, now(), now());
INSERT INTO "Content" (id, "moduleId", title, type, url, "durationSec", "sizeKb", description, "isDownloadable", "createdAt") VALUES ('seed_sp8165r2y8', 'seed_2t2plerbsy', 'Komponen Utama Sistem — Bahan 1 (ARTICLE)', 'article', NULL, 0, 2042, 'Bahan pembelajaran format article untuk modul ini.', TRUE, now());
INSERT INTO "Content" (id, "moduleId", title, type, url, "durationSec", "sizeKb", description, "isDownloadable", "createdAt") VALUES ('seed_z3aiben8gt', 'seed_2t2plerbsy', 'Komponen Utama Sistem — Bahan 2 (PDF)', 'pdf', '/content/sample.pdf', 0, 3658, 'Bahan pembelajaran format pdf untuk modul ini.', TRUE, now());
INSERT INTO "Content" (id, "moduleId", title, type, url, "durationSec", "sizeKb", description, "isDownloadable", "createdAt") VALUES ('seed_k8iabnnduq', 'seed_2t2plerbsy', 'Komponen Utama Sistem — Bahan 3 (VIDEO)', 'video', 'https://stream.jtm.gov.my/v/seed_ygu0o8tql2', 996, 182736, 'Bahan pembelajaran format video untuk modul ini.', TRUE, now());
INSERT INTO "Content" (id, "moduleId", title, type, url, "durationSec", "sizeKb", description, "isDownloadable", "createdAt") VALUES ('seed_7ukbwxwbwr', 'seed_2t2plerbsy', 'Komponen Utama Sistem — Bahan 4 (H5P)', 'h5p', NULL, 0, 7224, 'Bahan pembelajaran format h5p untuk modul ini.', FALSE, now());
INSERT INTO "Module" (id, "courseId", title, description, "order", "durationMin", "isLocked", "createdAt", "updatedAt") VALUES ('seed_nbw1t61xbp', 'seed_nbwohj4ytb', 'Prinsip Operasi', 'Topik Prinsip Operasi bagi kursus Pengendalian Mesin CNC.', 5, 94, TRUE, now(), now());
INSERT INTO "Content" (id, "moduleId", title, type, url, "durationSec", "sizeKb", description, "isDownloadable", "createdAt") VALUES ('seed_ufzywk8frr', 'seed_nbw1t61xbp', 'Prinsip Operasi — Bahan 1 (H5P)', 'h5p', NULL, 0, 7716, 'Bahan pembelajaran format h5p untuk modul ini.', FALSE, now());
INSERT INTO "Content" (id, "moduleId", title, type, url, "durationSec", "sizeKb", description, "isDownloadable", "createdAt") VALUES ('seed_aeqyprxe84', 'seed_nbw1t61xbp', 'Prinsip Operasi — Bahan 2 (H5P)', 'h5p', NULL, 0, 14104, 'Bahan pembelajaran format h5p untuk modul ini.', FALSE, now());
INSERT INTO "Content" (id, "moduleId", title, type, url, "durationSec", "sizeKb", description, "isDownloadable", "createdAt") VALUES ('seed_6amh2rub4i', 'seed_nbw1t61xbp', 'Prinsip Operasi — Bahan 3 (SCORM)', 'scorm', NULL, 982, 6957, 'Bahan pembelajaran format scorm untuk modul ini.', FALSE, now());
INSERT INTO "Content" (id, "moduleId", title, type, url, "durationSec", "sizeKb", description, "isDownloadable", "createdAt") VALUES ('seed_kwrvvvnt3o', 'seed_nbw1t61xbp', 'Prinsip Operasi — Bahan 4 (ARTICLE)', 'article', NULL, 0, 8457, 'Bahan pembelajaran format article untuk modul ini.', TRUE, now());
INSERT INTO "Quiz" (id, "courseId", "moduleId", title, description, "questionCount", "passMark", "timeLimitMin", "maxAttempts", weight, "createdAt") VALUES ('seed_zl3i0ov691', 'seed_nbwohj4ytb', NULL, 'Kuiz Akhir — Pengendalian Mesin CNC', 'Penilaian kompetensi berdasarkan modul yang dipelajari.', 5, 60, 30, 3, 1, now());
INSERT INTO "Question" (id, "quizId", type, text, options, "correctAnswer", explanation, marks, "order") VALUES ('seed_pfp6va718v', 'seed_zl3i0ov691', 'true_false', 'Bateri HV pada kenderaan hibrid boleh dicas semula menggunakan bekalan kuasa biasa 240V.', '[]', '"true"', 'Rujuk modul berkaitan untuk penjelasan terperinci.', 1, 1);
INSERT INTO "Question" (id, "quizId", type, text, options, "correctAnswer", explanation, marks, "order") VALUES ('seed_qdkz6hb8tn', 'seed_zl3i0ov691', 'mcq', 'Apakah fungsi utama sebuah PLC dalam sistem automasi?', '[{"id":"a","text":"Memproses isyarat input dan mengawal output"},{"id":"b","text":"Menyimpan data pelanggan"},{"id":"c","text":"Menghantar emel automatik"},{"id":"d","text":"Memainkan muzik latar"}]', '["a"]', 'Rujuk modul berkaitan untuk penjelasan terperinci.', 1, 2);
INSERT INTO "Question" (id, "quizId", type, text, options, "correctAnswer", explanation, marks, "order") VALUES ('seed_nwe1q6cy5c', 'seed_zl3i0ov691', 'mcq', 'Pilih kata kunci SQL yang betul untuk menapis rekod.', '[{"id":"a","text":"FILTER"},{"id":"b","text":"WHERE"},{"id":"c","text":"SEARCH"},{"id":"d","text":"MATCH"}]', '["b"]', 'Rujuk modul berkaitan untuk penjelasan terperinci.', 1, 3);
INSERT INTO "Question" (id, "quizId", type, text, options, "correctAnswer", explanation, marks, "order") VALUES ('seed_oo4ke5rkw1', 'seed_zl3i0ov691', 'mcq', 'Apakah langkah pertama dalam diagnostik kerosakan elektrik?', '[{"id":"a","text":"Tukar komponen terus"},{"id":"b","text":"Periksa bekalan kuasa & litar"},{"id":"c","text":"Padam kod DTC"},{"id":"d","text":"Restart sistem"}]', '["b"]', 'Rujuk modul berkaitan untuk penjelasan terperinci.', 1, 4);
INSERT INTO "Question" (id, "quizId", type, text, options, "correctAnswer", explanation, marks, "order") VALUES ('seed_exllcjndx1', 'seed_zl3i0ov691', 'mcq', 'Standard kompetensi kebangsaan Malaysia dikenali sebagai?', '[{"id":"a","text":"ISO 9001"},{"id":"b","text":"SKM/NOSS"},{"id":"c","text":"MQA"},{"id":"d","text":"OSHA"}]', '["b"]', 'Rujuk modul berkaitan untuk penjelasan terperinci.', 1, 5);
INSERT INTO "Course" (id, code, title, "titleEn", description, "categoryId", "campusId", "instructorId", level, format, "durationHours", "durationDays", credits, price, currency, quota, "enrolledCount", rating, "ratingCount", "coverColor", "coverIcon", tags, status, "startDate", "endDate", "createdAt", "updatedAt") VALUES ('seed_p042jx6oqv', 'JTM-PBU-101-ADTEC-KK', 'Pengendalian Mesin CNC', 'Pengendalian Mesin CNC', 'Kursus Pengendalian Mesin CNC di bawah kategori pembuatan. Kursus ini direka bagi memenuhi keperluan kompetensi SKM/NOSS dan disampaikan secara blended di kampus ADTEC. Peserta akan mempelajari konsep asas sehingga amali lanjut melalui modul video, SCORM dan kuiz interaktif.', 'seed_0rbkgucy3t', 'seed_ryi24ou8o8', 'seed_7cm60wpveo', 'intermediate', 'blended', 48, 6, 5, 350, 'MYR', 30, 12, 3.9, 57, 'emerald', 'zap', '["pembuatan","intermediate","SKM","TVET"]', 'published', '2026-08-01', '2026-12-15', now(), now());
INSERT INTO "CourseCompetency" (id, "courseId", "competencyId", weight) VALUES ('seed_o66kw4vpjv', 'seed_p042jx6oqv', 'seed_jyj9t1x594', 1);
INSERT INTO "Module" (id, "courseId", title, description, "order", "durationMin", "isLocked", "createdAt", "updatedAt") VALUES ('seed_w5dcytei55', 'seed_p042jx6oqv', 'Pengenalan & Objektif Kursus', 'Topik Pengenalan & Objektif Kursus bagi kursus Pengendalian Mesin CNC.', 1, 84, FALSE, now(), now());
INSERT INTO "Content" (id, "moduleId", title, type, url, "durationSec", "sizeKb", description, "isDownloadable", "createdAt") VALUES ('seed_naxnf2k0h4', 'seed_w5dcytei55', 'Pengenalan & Objektif Kursus — Bahan 1 (PDF)', 'pdf', '/content/sample.pdf', 0, 3436, 'Bahan pembelajaran format pdf untuk modul ini.', TRUE, now());
INSERT INTO "Content" (id, "moduleId", title, type, url, "durationSec", "sizeKb", description, "isDownloadable", "createdAt") VALUES ('seed_ptqorjqmj8', 'seed_w5dcytei55', 'Pengenalan & Objektif Kursus — Bahan 2 (ARTICLE)', 'article', NULL, 0, 3162, 'Bahan pembelajaran format article untuk modul ini.', TRUE, now());
INSERT INTO "Content" (id, "moduleId", title, type, url, "durationSec", "sizeKb", description, "isDownloadable", "createdAt") VALUES ('seed_gcem64x9v5', 'seed_w5dcytei55', 'Pengenalan & Objektif Kursus — Bahan 3 (ARTICLE)', 'article', NULL, 0, 13196, 'Bahan pembelajaran format article untuk modul ini.', TRUE, now());
INSERT INTO "Content" (id, "moduleId", title, type, url, "durationSec", "sizeKb", description, "isDownloadable", "createdAt") VALUES ('seed_1bajgfjyk3', 'seed_w5dcytei55', 'Pengenalan & Objektif Kursus — Bahan 4 (PDF)', 'pdf', '/content/sample.pdf', 0, 4564, 'Bahan pembelajaran format pdf untuk modul ini.', TRUE, now());
INSERT INTO "Module" (id, "courseId", title, description, "order", "durationMin", "isLocked", "createdAt", "updatedAt") VALUES ('seed_xvhcz569kw', 'seed_p042jx6oqv', 'Konsep Asas & Terminologi', 'Topik Konsep Asas & Terminologi bagi kursus Pengendalian Mesin CNC.', 2, 104, FALSE, now(), now());
INSERT INTO "Content" (id, "moduleId", title, type, url, "durationSec", "sizeKb", description, "isDownloadable", "createdAt") VALUES ('seed_a6ly4slghg', 'seed_xvhcz569kw', 'Konsep Asas & Terminologi — Bahan 1 (SCORM)', 'scorm', NULL, 910, 17074, 'Bahan pembelajaran format scorm untuk modul ini.', FALSE, now());
INSERT INTO "Content" (id, "moduleId", title, type, url, "durationSec", "sizeKb", description, "isDownloadable", "createdAt") VALUES ('seed_7lhlrrr83g', 'seed_xvhcz569kw', 'Konsep Asas & Terminologi — Bahan 2 (H5P)', 'h5p', NULL, 0, 11806, 'Bahan pembelajaran format h5p untuk modul ini.', FALSE, now());
INSERT INTO "Module" (id, "courseId", title, description, "order", "durationMin", "isLocked", "createdAt", "updatedAt") VALUES ('seed_6eysvabavm', 'seed_p042jx6oqv', 'Alat & Keselamatan', 'Topik Alat & Keselamatan bagi kursus Pengendalian Mesin CNC.', 3, 40, FALSE, now(), now());
INSERT INTO "Content" (id, "moduleId", title, type, url, "durationSec", "sizeKb", description, "isDownloadable", "createdAt") VALUES ('seed_2vp4wm8pp4', 'seed_6eysvabavm', 'Alat & Keselamatan — Bahan 1 (SCORM)', 'scorm', NULL, 2176, 7145, 'Bahan pembelajaran format scorm untuk modul ini.', FALSE, now());
INSERT INTO "Content" (id, "moduleId", title, type, url, "durationSec", "sizeKb", description, "isDownloadable", "createdAt") VALUES ('seed_qi6i4u26xg', 'seed_6eysvabavm', 'Alat & Keselamatan — Bahan 2 (ARTICLE)', 'article', NULL, 0, 12491, 'Bahan pembelajaran format article untuk modul ini.', TRUE, now());
INSERT INTO "Content" (id, "moduleId", title, type, url, "durationSec", "sizeKb", description, "isDownloadable", "createdAt") VALUES ('seed_s36i9aohy5', 'seed_6eysvabavm', 'Alat & Keselamatan — Bahan 3 (PDF)', 'pdf', '/content/sample.pdf', 0, 4230, 'Bahan pembelajaran format pdf untuk modul ini.', TRUE, now());
INSERT INTO "Module" (id, "courseId", title, description, "order", "durationMin", "isLocked", "createdAt", "updatedAt") VALUES ('seed_7fdmwkklvz', 'seed_p042jx6oqv', 'Komponen Utama Sistem', 'Topik Komponen Utama Sistem bagi kursus Pengendalian Mesin CNC.', 4, 68, TRUE, now(), now());
INSERT INTO "Content" (id, "moduleId", title, type, url, "durationSec", "sizeKb", description, "isDownloadable", "createdAt") VALUES ('seed_lu5ykmfmir', 'seed_7fdmwkklvz', 'Komponen Utama Sistem — Bahan 1 (PDF)', 'pdf', '/content/sample.pdf', 0, 4815, 'Bahan pembelajaran format pdf untuk modul ini.', TRUE, now());
INSERT INTO "Content" (id, "moduleId", title, type, url, "durationSec", "sizeKb", description, "isDownloadable", "createdAt") VALUES ('seed_t56430wm72', 'seed_7fdmwkklvz', 'Komponen Utama Sistem — Bahan 2 (VIDEO)', 'video', 'https://stream.jtm.gov.my/v/seed_ihbk1ffgmi', 302, 106886, 'Bahan pembelajaran format video untuk modul ini.', TRUE, now());
INSERT INTO "Quiz" (id, "courseId", "moduleId", title, description, "questionCount", "passMark", "timeLimitMin", "maxAttempts", weight, "createdAt") VALUES ('seed_8svoo4xtkt', 'seed_p042jx6oqv', NULL, 'Kuiz Akhir — Pengendalian Mesin CNC', 'Penilaian kompetensi berdasarkan modul yang dipelajari.', 5, 60, 30, 3, 1, now());
INSERT INTO "Question" (id, "quizId", type, text, options, "correctAnswer", explanation, marks, "order") VALUES ('seed_4kd0imwyer', 'seed_8svoo4xtkt', 'mcq', 'Apakah langkah pertama dalam diagnostik kerosakan elektrik?', '[{"id":"a","text":"Tukar komponen terus"},{"id":"b","text":"Periksa bekalan kuasa & litar"},{"id":"c","text":"Padam kod DTC"},{"id":"d","text":"Restart sistem"}]', '["b"]', 'Rujuk modul berkaitan untuk penjelasan terperinci.', 1, 1);
INSERT INTO "Question" (id, "quizId", type, text, options, "correctAnswer", explanation, marks, "order") VALUES ('seed_8r7nbmz1jy', 'seed_8svoo4xtkt', 'mcq', 'Pilih kata kunci SQL yang betul untuk menapis rekod.', '[{"id":"a","text":"FILTER"},{"id":"b","text":"WHERE"},{"id":"c","text":"SEARCH"},{"id":"d","text":"MATCH"}]', '["b"]', 'Rujuk modul berkaitan untuk penjelasan terperinci.', 1, 2);
INSERT INTO "Question" (id, "quizId", type, text, options, "correctAnswer", explanation, marks, "order") VALUES ('seed_bfa1ir4aew', 'seed_8svoo4xtkt', 'mcq', 'Apakah fungsi utama sebuah PLC dalam sistem automasi?', '[{"id":"a","text":"Memproses isyarat input dan mengawal output"},{"id":"b","text":"Menyimpan data pelanggan"},{"id":"c","text":"Menghantar emel automatik"},{"id":"d","text":"Memainkan muzik latar"}]', '["a"]', 'Rujuk modul berkaitan untuk penjelasan terperinci.', 1, 3);
INSERT INTO "Question" (id, "quizId", type, text, options, "correctAnswer", explanation, marks, "order") VALUES ('seed_lo6ttwhkcq', 'seed_8svoo4xtkt', 'true_false', 'Bateri HV pada kenderaan hibrid boleh dicas semula menggunakan bekalan kuasa biasa 240V.', '[]', '"true"', 'Rujuk modul berkaitan untuk penjelasan terperinci.', 1, 4);
INSERT INTO "Question" (id, "quizId", type, text, options, "correctAnswer", explanation, marks, "order") VALUES ('seed_2ox63ux2jq', 'seed_8svoo4xtkt', 'fill_blank', 'Singkatan CNC dalam pembuatan bermaksud Computer ___ Control.', '[]', '"Numerical"', 'Rujuk modul berkaitan untuk penjelasan terperinci.', 1, 5);
INSERT INTO "Course" (id, code, title, "titleEn", description, "categoryId", "campusId", "instructorId", level, format, "durationHours", "durationDays", credits, price, currency, quota, "enrolledCount", rating, "ratingCount", "coverColor", "coverIcon", tags, status, "startDate", "endDate", "createdAt", "updatedAt") VALUES ('seed_hwrkmeo2iv', 'JTM-ELEK-101', 'Pembaikan Litar Elektronik', 'Pembaikan Litar Elektronik', 'Kursus Pembaikan Litar Elektronik di bawah kategori elektronik. Kursus ini direka bagi memenuhi keperluan kompetensi SKM/NOSS dan disampaikan secara online di kampus ADTEC. Peserta akan mempelajari konsep asas sehingga amali lanjut melalui modul video, SCORM dan kuiz interaktif.', 'seed_hmu590jphh', 'seed_g93z7sap1w', 'seed_sx3mmbakez', 'beginner', 'online', 32, 4, 3, 350, 'MYR', 30, 22, 4.4, 36, 'violet', 'cpu', '["elektronik","beginner","SKM","TVET"]', 'published', '2026-08-01', '2026-12-15', now(), now());
INSERT INTO "CourseCompetency" (id, "courseId", "competencyId", weight) VALUES ('seed_8l8yv1tinh', 'seed_hwrkmeo2iv', 'seed_tbkb8s13lk', 1);
INSERT INTO "Module" (id, "courseId", title, description, "order", "durationMin", "isLocked", "createdAt", "updatedAt") VALUES ('seed_hzafshqzqw', 'seed_hwrkmeo2iv', 'Pengenalan & Objektif Kursus', 'Topik Pengenalan & Objektif Kursus bagi kursus Pembaikan Litar Elektronik.', 1, 54, FALSE, now(), now());
INSERT INTO "Content" (id, "moduleId", title, type, url, "durationSec", "sizeKb", description, "isDownloadable", "createdAt") VALUES ('seed_4mvmafyaw4', 'seed_hzafshqzqw', 'Pengenalan & Objektif Kursus — Bahan 1 (H5P)', 'h5p', NULL, 0, 11383, 'Bahan pembelajaran format h5p untuk modul ini.', FALSE, now());
INSERT INTO "Content" (id, "moduleId", title, type, url, "durationSec", "sizeKb", description, "isDownloadable", "createdAt") VALUES ('seed_8drs97695h', 'seed_hzafshqzqw', 'Pengenalan & Objektif Kursus — Bahan 2 (VIDEO)', 'video', 'https://stream.jtm.gov.my/v/seed_uchfec31uz', 1742, 208301, 'Bahan pembelajaran format video untuk modul ini.', TRUE, now());
INSERT INTO "Content" (id, "moduleId", title, type, url, "durationSec", "sizeKb", description, "isDownloadable", "createdAt") VALUES ('seed_tdcehkykap', 'seed_hzafshqzqw', 'Pengenalan & Objektif Kursus — Bahan 3 (H5P)', 'h5p', NULL, 0, 15727, 'Bahan pembelajaran format h5p untuk modul ini.', FALSE, now());
INSERT INTO "Module" (id, "courseId", title, description, "order", "durationMin", "isLocked", "createdAt", "updatedAt") VALUES ('seed_fxzwyjaojy', 'seed_hwrkmeo2iv', 'Konsep Asas & Terminologi', 'Topik Konsep Asas & Terminologi bagi kursus Pembaikan Litar Elektronik.', 2, 38, FALSE, now(), now());
INSERT INTO "Content" (id, "moduleId", title, type, url, "durationSec", "sizeKb", description, "isDownloadable", "createdAt") VALUES ('seed_teerr5i2s7', 'seed_fxzwyjaojy', 'Konsep Asas & Terminologi — Bahan 1 (VIDEO)', 'video', 'https://stream.jtm.gov.my/v/seed_z5ylpgsohc', 1342, 60457, 'Bahan pembelajaran format video untuk modul ini.', TRUE, now());
INSERT INTO "Content" (id, "moduleId", title, type, url, "durationSec", "sizeKb", description, "isDownloadable", "createdAt") VALUES ('seed_xdnhmr8cal', 'seed_fxzwyjaojy', 'Konsep Asas & Terminologi — Bahan 2 (ARTICLE)', 'article', NULL, 0, 2222, 'Bahan pembelajaran format article untuk modul ini.', TRUE, now());
INSERT INTO "Content" (id, "moduleId", title, type, url, "durationSec", "sizeKb", description, "isDownloadable", "createdAt") VALUES ('seed_0uxkkjmt3b', 'seed_fxzwyjaojy', 'Konsep Asas & Terminologi — Bahan 3 (ARTICLE)', 'article', NULL, 0, 14102, 'Bahan pembelajaran format article untuk modul ini.', TRUE, now());
INSERT INTO "Module" (id, "courseId", title, description, "order", "durationMin", "isLocked", "createdAt", "updatedAt") VALUES ('seed_byqj1jxb29', 'seed_hwrkmeo2iv', 'Alat & Keselamatan', 'Topik Alat & Keselamatan bagi kursus Pembaikan Litar Elektronik.', 3, 67, FALSE, now(), now());
INSERT INTO "Content" (id, "moduleId", title, type, url, "durationSec", "sizeKb", description, "isDownloadable", "createdAt") VALUES ('seed_7sc7y6kbn2', 'seed_byqj1jxb29', 'Alat & Keselamatan — Bahan 1 (ARTICLE)', 'article', NULL, 0, 4841, 'Bahan pembelajaran format article untuk modul ini.', TRUE, now());
INSERT INTO "Content" (id, "moduleId", title, type, url, "durationSec", "sizeKb", description, "isDownloadable", "createdAt") VALUES ('seed_994dv78ggy', 'seed_byqj1jxb29', 'Alat & Keselamatan — Bahan 2 (VIDEO)', 'video', 'https://stream.jtm.gov.my/v/seed_6ba87h6b6m', 1441, 57009, 'Bahan pembelajaran format video untuk modul ini.', TRUE, now());
INSERT INTO "Content" (id, "moduleId", title, type, url, "durationSec", "sizeKb", description, "isDownloadable", "createdAt") VALUES ('seed_80r47j3s3z', 'seed_byqj1jxb29', 'Alat & Keselamatan — Bahan 3 (SCORM)', 'scorm', NULL, 2381, 6294, 'Bahan pembelajaran format scorm untuk modul ini.', FALSE, now());
INSERT INTO "Module" (id, "courseId", title, description, "order", "durationMin", "isLocked", "createdAt", "updatedAt") VALUES ('seed_gbljxm88kf', 'seed_hwrkmeo2iv', 'Komponen Utama Sistem', 'Topik Komponen Utama Sistem bagi kursus Pembaikan Litar Elektronik.', 4, 98, FALSE, now(), now());
INSERT INTO "Content" (id, "moduleId", title, type, url, "durationSec", "sizeKb", description, "isDownloadable", "createdAt") VALUES ('seed_vuy2dh060g', 'seed_gbljxm88kf', 'Komponen Utama Sistem — Bahan 1 (VIDEO)', 'video', 'https://stream.jtm.gov.my/v/seed_ki9ay5cvdg', 453, 50541, 'Bahan pembelajaran format video untuk modul ini.', TRUE, now());
INSERT INTO "Content" (id, "moduleId", title, type, url, "durationSec", "sizeKb", description, "isDownloadable", "createdAt") VALUES ('seed_emhxpup6ic', 'seed_gbljxm88kf', 'Komponen Utama Sistem — Bahan 2 (PDF)', 'pdf', '/content/sample.pdf', 0, 4037, 'Bahan pembelajaran format pdf untuk modul ini.', TRUE, now());
INSERT INTO "Content" (id, "moduleId", title, type, url, "durationSec", "sizeKb", description, "isDownloadable", "createdAt") VALUES ('seed_mvzody1swu', 'seed_gbljxm88kf', 'Komponen Utama Sistem — Bahan 3 (VIDEO)', 'video', 'https://stream.jtm.gov.my/v/seed_2v3yc1nmt8', 257, 113480, 'Bahan pembelajaran format video untuk modul ini.', TRUE, now());
INSERT INTO "Quiz" (id, "courseId", "moduleId", title, description, "questionCount", "passMark", "timeLimitMin", "maxAttempts", weight, "createdAt") VALUES ('seed_hi45g99vdo', 'seed_hwrkmeo2iv', NULL, 'Kuiz Akhir — Pembaikan Litar Elektronik', 'Penilaian kompetensi berdasarkan modul yang dipelajari.', 5, 60, 30, 3, 1, now());
INSERT INTO "Question" (id, "quizId", type, text, options, "correctAnswer", explanation, marks, "order") VALUES ('seed_azl4fxsj8v', 'seed_hi45g99vdo', 'mcq', 'Apakah langkah pertama dalam diagnostik kerosakan elektrik?', '[{"id":"a","text":"Tukar komponen terus"},{"id":"b","text":"Periksa bekalan kuasa & litar"},{"id":"c","text":"Padam kod DTC"},{"id":"d","text":"Restart sistem"}]', '["b"]', 'Rujuk modul berkaitan untuk penjelasan terperinci.', 1, 1);
INSERT INTO "Question" (id, "quizId", type, text, options, "correctAnswer", explanation, marks, "order") VALUES ('seed_7utcn9rbpy', 'seed_hi45g99vdo', 'mcq', 'Pilih kata kunci SQL yang betul untuk menapis rekod.', '[{"id":"a","text":"FILTER"},{"id":"b","text":"WHERE"},{"id":"c","text":"SEARCH"},{"id":"d","text":"MATCH"}]', '["b"]', 'Rujuk modul berkaitan untuk penjelasan terperinci.', 1, 2);
INSERT INTO "Question" (id, "quizId", type, text, options, "correctAnswer", explanation, marks, "order") VALUES ('seed_x4elm58haw', 'seed_hi45g99vdo', 'mcq', 'Standard kompetensi kebangsaan Malaysia dikenali sebagai?', '[{"id":"a","text":"ISO 9001"},{"id":"b","text":"SKM/NOSS"},{"id":"c","text":"MQA"},{"id":"d","text":"OSHA"}]', '["b"]', 'Rujuk modul berkaitan untuk penjelasan terperinci.', 1, 3);
INSERT INTO "Question" (id, "quizId", type, text, options, "correctAnswer", explanation, marks, "order") VALUES ('seed_xvm9pj7vsd', 'seed_hi45g99vdo', 'true_false', 'Bateri HV pada kenderaan hibrid boleh dicas semula menggunakan bekalan kuasa biasa 240V.', '[]', '"true"', 'Rujuk modul berkaitan untuk penjelasan terperinci.', 1, 4);
INSERT INTO "Question" (id, "quizId", type, text, options, "correctAnswer", explanation, marks, "order") VALUES ('seed_6a4h0u88cm', 'seed_hi45g99vdo', 'mcq', 'Apakah fungsi utama sebuah PLC dalam sistem automasi?', '[{"id":"a","text":"Memproses isyarat input dan mengawal output"},{"id":"b","text":"Menyimpan data pelanggan"},{"id":"c","text":"Menghantar emel automatik"},{"id":"d","text":"Memainkan muzik latar"}]', '["a"]', 'Rujuk modul berkaitan untuk penjelasan terperinci.', 1, 5);
INSERT INTO "Course" (id, code, title, "titleEn", description, "categoryId", "campusId", "instructorId", level, format, "durationHours", "durationDays", credits, price, currency, quota, "enrolledCount", rating, "ratingCount", "coverColor", "coverIcon", tags, status, "startDate", "endDate", "createdAt", "updatedAt") VALUES ('seed_gwlvt0vqrr', 'JTM-ELEK-101-ADTEC-TM', 'Pembaikan Litar Elektronik', 'Pembaikan Litar Elektronik', 'Kursus Pembaikan Litar Elektronik di bawah kategori elektronik. Kursus ini direka bagi memenuhi keperluan kompetensi SKM/NOSS dan disampaikan secara physical di kampus ADTEC. Peserta akan mempelajari konsep asas sehingga amali lanjut melalui modul video, SCORM dan kuiz interaktif.', 'seed_hmu590jphh', 'seed_exqbmhs8ho', 'seed_e4kgesyjyv', 'beginner', 'physical', 32, 4, 3, 350, 'MYR', 30, 20, 4.3, 54, 'emerald', 'car', '["elektronik","beginner","SKM","TVET"]', 'published', '2026-08-01', '2026-12-15', now(), now());
INSERT INTO "CourseCompetency" (id, "courseId", "competencyId", weight) VALUES ('seed_ud1k9admkn', 'seed_gwlvt0vqrr', 'seed_tbkb8s13lk', 1);
INSERT INTO "Module" (id, "courseId", title, description, "order", "durationMin", "isLocked", "createdAt", "updatedAt") VALUES ('seed_dznc3xttvy', 'seed_gwlvt0vqrr', 'Pengenalan & Objektif Kursus', 'Topik Pengenalan & Objektif Kursus bagi kursus Pembaikan Litar Elektronik.', 1, 118, FALSE, now(), now());
INSERT INTO "Content" (id, "moduleId", title, type, url, "durationSec", "sizeKb", description, "isDownloadable", "createdAt") VALUES ('seed_nvxr0m95dv', 'seed_dznc3xttvy', 'Pengenalan & Objektif Kursus — Bahan 1 (SCORM)', 'scorm', NULL, 709, 3257, 'Bahan pembelajaran format scorm untuk modul ini.', FALSE, now());
INSERT INTO "Content" (id, "moduleId", title, type, url, "durationSec", "sizeKb", description, "isDownloadable", "createdAt") VALUES ('seed_u4kfaik50c', 'seed_dznc3xttvy', 'Pengenalan & Objektif Kursus — Bahan 2 (SCORM)', 'scorm', NULL, 2113, 14549, 'Bahan pembelajaran format scorm untuk modul ini.', FALSE, now());
INSERT INTO "Module" (id, "courseId", title, description, "order", "durationMin", "isLocked", "createdAt", "updatedAt") VALUES ('seed_zvsclgd0p3', 'seed_gwlvt0vqrr', 'Konsep Asas & Terminologi', 'Topik Konsep Asas & Terminologi bagi kursus Pembaikan Litar Elektronik.', 2, 55, FALSE, now(), now());
INSERT INTO "Content" (id, "moduleId", title, type, url, "durationSec", "sizeKb", description, "isDownloadable", "createdAt") VALUES ('seed_eq168a1do5', 'seed_zvsclgd0p3', 'Konsep Asas & Terminologi — Bahan 1 (SCORM)', 'scorm', NULL, 2097, 15684, 'Bahan pembelajaran format scorm untuk modul ini.', FALSE, now());
INSERT INTO "Content" (id, "moduleId", title, type, url, "durationSec", "sizeKb", description, "isDownloadable", "createdAt") VALUES ('seed_pidgbopxxf', 'seed_zvsclgd0p3', 'Konsep Asas & Terminologi — Bahan 2 (SCORM)', 'scorm', NULL, 1674, 17557, 'Bahan pembelajaran format scorm untuk modul ini.', FALSE, now());
INSERT INTO "Content" (id, "moduleId", title, type, url, "durationSec", "sizeKb", description, "isDownloadable", "createdAt") VALUES ('seed_b72wui2xas', 'seed_zvsclgd0p3', 'Konsep Asas & Terminologi — Bahan 3 (VIDEO)', 'video', 'https://stream.jtm.gov.my/v/seed_66cb8lilr8', 1108, 75859, 'Bahan pembelajaran format video untuk modul ini.', TRUE, now());
INSERT INTO "Content" (id, "moduleId", title, type, url, "durationSec", "sizeKb", description, "isDownloadable", "createdAt") VALUES ('seed_4diib36e36', 'seed_zvsclgd0p3', 'Konsep Asas & Terminologi — Bahan 4 (SCORM)', 'scorm', NULL, 1236, 4146, 'Bahan pembelajaran format scorm untuk modul ini.', FALSE, now());
INSERT INTO "Module" (id, "courseId", title, description, "order", "durationMin", "isLocked", "createdAt", "updatedAt") VALUES ('seed_itzt3k3oaz', 'seed_gwlvt0vqrr', 'Alat & Keselamatan', 'Topik Alat & Keselamatan bagi kursus Pembaikan Litar Elektronik.', 3, 60, FALSE, now(), now());
INSERT INTO "Content" (id, "moduleId", title, type, url, "durationSec", "sizeKb", description, "isDownloadable", "createdAt") VALUES ('seed_y36uvrddt4', 'seed_itzt3k3oaz', 'Alat & Keselamatan — Bahan 1 (SCORM)', 'scorm', NULL, 1071, 18519, 'Bahan pembelajaran format scorm untuk modul ini.', FALSE, now());
INSERT INTO "Content" (id, "moduleId", title, type, url, "durationSec", "sizeKb", description, "isDownloadable", "createdAt") VALUES ('seed_2emtblsmiu', 'seed_itzt3k3oaz', 'Alat & Keselamatan — Bahan 2 (H5P)', 'h5p', NULL, 0, 15792, 'Bahan pembelajaran format h5p untuk modul ini.', FALSE, now());
INSERT INTO "Module" (id, "courseId", title, description, "order", "durationMin", "isLocked", "createdAt", "updatedAt") VALUES ('seed_k9zftv2rax', 'seed_gwlvt0vqrr', 'Komponen Utama Sistem', 'Topik Komponen Utama Sistem bagi kursus Pembaikan Litar Elektronik.', 4, 119, FALSE, now(), now());
INSERT INTO "Content" (id, "moduleId", title, type, url, "durationSec", "sizeKb", description, "isDownloadable", "createdAt") VALUES ('seed_x6cvlvgjzl', 'seed_k9zftv2rax', 'Komponen Utama Sistem — Bahan 1 (PDF)', 'pdf', '/content/sample.pdf', 0, 3683, 'Bahan pembelajaran format pdf untuk modul ini.', TRUE, now());
INSERT INTO "Content" (id, "moduleId", title, type, url, "durationSec", "sizeKb", description, "isDownloadable", "createdAt") VALUES ('seed_avu446v21b', 'seed_k9zftv2rax', 'Komponen Utama Sistem — Bahan 2 (VIDEO)', 'video', 'https://stream.jtm.gov.my/v/seed_d0fwi2gwg9', 626, 222321, 'Bahan pembelajaran format video untuk modul ini.', TRUE, now());
INSERT INTO "Module" (id, "courseId", title, description, "order", "durationMin", "isLocked", "createdAt", "updatedAt") VALUES ('seed_adyw05q98h', 'seed_gwlvt0vqrr', 'Prinsip Operasi', 'Topik Prinsip Operasi bagi kursus Pembaikan Litar Elektronik.', 5, 46, FALSE, now(), now());
INSERT INTO "Content" (id, "moduleId", title, type, url, "durationSec", "sizeKb", description, "isDownloadable", "createdAt") VALUES ('seed_is7c0u7djp', 'seed_adyw05q98h', 'Prinsip Operasi — Bahan 1 (ARTICLE)', 'article', NULL, 0, 7720, 'Bahan pembelajaran format article untuk modul ini.', TRUE, now());
INSERT INTO "Content" (id, "moduleId", title, type, url, "durationSec", "sizeKb", description, "isDownloadable", "createdAt") VALUES ('seed_dikg3b78p4', 'seed_adyw05q98h', 'Prinsip Operasi — Bahan 2 (SCORM)', 'scorm', NULL, 1038, 15624, 'Bahan pembelajaran format scorm untuk modul ini.', FALSE, now());
INSERT INTO "Module" (id, "courseId", title, description, "order", "durationMin", "isLocked", "createdAt", "updatedAt") VALUES ('seed_v6wdz9jjy6', 'seed_gwlvt0vqrr', 'Amali Langkah Demi Langkah', 'Topik Amali Langkah Demi Langkah bagi kursus Pembaikan Litar Elektronik.', 6, 43, TRUE, now(), now());
INSERT INTO "Content" (id, "moduleId", title, type, url, "durationSec", "sizeKb", description, "isDownloadable", "createdAt") VALUES ('seed_y1a8nce2u5', 'seed_v6wdz9jjy6', 'Amali Langkah Demi Langkah — Bahan 1 (H5P)', 'h5p', NULL, 0, 17288, 'Bahan pembelajaran format h5p untuk modul ini.', FALSE, now());
INSERT INTO "Content" (id, "moduleId", title, type, url, "durationSec", "sizeKb", description, "isDownloadable", "createdAt") VALUES ('seed_nqq4nj6tg9', 'seed_v6wdz9jjy6', 'Amali Langkah Demi Langkah — Bahan 2 (PDF)', 'pdf', '/content/sample.pdf', 0, 1872, 'Bahan pembelajaran format pdf untuk modul ini.', TRUE, now());
INSERT INTO "Quiz" (id, "courseId", "moduleId", title, description, "questionCount", "passMark", "timeLimitMin", "maxAttempts", weight, "createdAt") VALUES ('seed_tcbolfl59y', 'seed_gwlvt0vqrr', NULL, 'Kuiz Akhir — Pembaikan Litar Elektronik', 'Penilaian kompetensi berdasarkan modul yang dipelajari.', 5, 60, 30, 3, 1, now());
INSERT INTO "Question" (id, "quizId", type, text, options, "correctAnswer", explanation, marks, "order") VALUES ('seed_n0kaa3l0u6', 'seed_tcbolfl59y', 'mcq', 'Standard kompetensi kebangsaan Malaysia dikenali sebagai?', '[{"id":"a","text":"ISO 9001"},{"id":"b","text":"SKM/NOSS"},{"id":"c","text":"MQA"},{"id":"d","text":"OSHA"}]', '["b"]', 'Rujuk modul berkaitan untuk penjelasan terperinci.', 1, 1);
INSERT INTO "Question" (id, "quizId", type, text, options, "correctAnswer", explanation, marks, "order") VALUES ('seed_dc826rrh6l', 'seed_tcbolfl59y', 'mcq', 'Pilih kata kunci SQL yang betul untuk menapis rekod.', '[{"id":"a","text":"FILTER"},{"id":"b","text":"WHERE"},{"id":"c","text":"SEARCH"},{"id":"d","text":"MATCH"}]', '["b"]', 'Rujuk modul berkaitan untuk penjelasan terperinci.', 1, 2);
INSERT INTO "Question" (id, "quizId", type, text, options, "correctAnswer", explanation, marks, "order") VALUES ('seed_rd4o7f0ipj', 'seed_tcbolfl59y', 'fill_blank', 'Singkatan CNC dalam pembuatan bermaksud Computer ___ Control.', '[]', '"Numerical"', 'Rujuk modul berkaitan untuk penjelasan terperinci.', 1, 3);
INSERT INTO "Question" (id, "quizId", type, text, options, "correctAnswer", explanation, marks, "order") VALUES ('seed_1ory42mhd4', 'seed_tcbolfl59y', 'mcq', 'Apakah langkah pertama dalam diagnostik kerosakan elektrik?', '[{"id":"a","text":"Tukar komponen terus"},{"id":"b","text":"Periksa bekalan kuasa & litar"},{"id":"c","text":"Padam kod DTC"},{"id":"d","text":"Restart sistem"}]', '["b"]', 'Rujuk modul berkaitan untuk penjelasan terperinci.', 1, 4);
INSERT INTO "Question" (id, "quizId", type, text, options, "correctAnswer", explanation, marks, "order") VALUES ('seed_apef4wpvky', 'seed_tcbolfl59y', 'mcq', 'Apakah fungsi utama sebuah PLC dalam sistem automasi?', '[{"id":"a","text":"Memproses isyarat input dan mengawal output"},{"id":"b","text":"Menyimpan data pelanggan"},{"id":"c","text":"Menghantar emel automatik"},{"id":"d","text":"Memainkan muzik latar"}]', '["a"]', 'Rujuk modul berkaitan untuk penjelasan terperinci.', 1, 5);
INSERT INTO "Course" (id, code, title, "titleEn", description, "categoryId", "campusId", "instructorId", level, format, "durationHours", "durationDays", credits, price, currency, quota, "enrolledCount", rating, "ratingCount", "coverColor", "coverIcon", tags, status, "startDate", "endDate", "createdAt", "updatedAt") VALUES ('seed_mfgxwk1p02', 'JTM-MAK-101', 'Higine & Keselamatan Makanan', 'Higine & Keselamatan Makanan', 'Kursus Higine & Keselamatan Makanan di bawah kategori makanan. Kursus ini direka bagi memenuhi keperluan kompetensi SKM/NOSS dan disampaikan secara online di kampus ADTEC. Peserta akan mempelajari konsep asas sehingga amali lanjut melalui modul video, SCORM dan kuiz interaktif.', 'seed_t2lv5id9di', 'seed_fu7lsny7qi', 'seed_sx3mmbakez', 'beginner', 'blended', 24, 3, 2, 250, 'MYR', 30, 8, 4.5, 20, 'violet', 'cpu', '["makanan","beginner","SKM","TVET"]', 'published', '2026-08-01', '2026-12-15', now(), now());
INSERT INTO "Module" (id, "courseId", title, description, "order", "durationMin", "isLocked", "createdAt", "updatedAt") VALUES ('seed_5q2if4z3yq', 'seed_mfgxwk1p02', 'Pengenalan & Objektif Kursus', 'Topik Pengenalan & Objektif Kursus bagi kursus Higine & Keselamatan Makanan.', 1, 67, FALSE, now(), now());
INSERT INTO "Content" (id, "moduleId", title, type, url, "durationSec", "sizeKb", description, "isDownloadable", "createdAt") VALUES ('seed_j4fjk1xg8', 'seed_5q2if4z3yq', 'Pengenalan & Objektif Kursus — Bahan 1 (VIDEO)', 'video', 'https://stream.jtm.gov.my/v/seed_d7ja711kya', 1335, 114728, 'Bahan pembelajaran format video untuk modul ini.', TRUE, now());
INSERT INTO "Content" (id, "moduleId", title, type, url, "durationSec", "sizeKb", description, "isDownloadable", "createdAt") VALUES ('seed_1x244ucw2u', 'seed_5q2if4z3yq', 'Pengenalan & Objektif Kursus — Bahan 2 (VIDEO)', 'video', 'https://stream.jtm.gov.my/v/seed_7wql3d9ool', 1770, 200113, 'Bahan pembelajaran format video untuk modul ini.', TRUE, now());
INSERT INTO "Module" (id, "courseId", title, description, "order", "durationMin", "isLocked", "createdAt", "updatedAt") VALUES ('seed_3lah4s50se', 'seed_mfgxwk1p02', 'Konsep Asas & Terminologi', 'Topik Konsep Asas & Terminologi bagi kursus Higine & Keselamatan Makanan.', 2, 57, FALSE, now(), now());
INSERT INTO "Content" (id, "moduleId", title, type, url, "durationSec", "sizeKb", description, "isDownloadable", "createdAt") VALUES ('seed_9vmwuo78zn', 'seed_3lah4s50se', 'Konsep Asas & Terminologi — Bahan 1 (PDF)', 'pdf', '/content/sample.pdf', 0, 4223, 'Bahan pembelajaran format pdf untuk modul ini.', TRUE, now());
INSERT INTO "Content" (id, "moduleId", title, type, url, "durationSec", "sizeKb", description, "isDownloadable", "createdAt") VALUES ('seed_i56loa3qmu', 'seed_3lah4s50se', 'Konsep Asas & Terminologi — Bahan 2 (ARTICLE)', 'article', NULL, 0, 17043, 'Bahan pembelajaran format article untuk modul ini.', TRUE, now());
INSERT INTO "Content" (id, "moduleId", title, type, url, "durationSec", "sizeKb", description, "isDownloadable", "createdAt") VALUES ('seed_9pa3qqyers', 'seed_3lah4s50se', 'Konsep Asas & Terminologi — Bahan 3 (SCORM)', 'scorm', NULL, 2210, 5960, 'Bahan pembelajaran format scorm untuk modul ini.', FALSE, now());
INSERT INTO "Module" (id, "courseId", title, description, "order", "durationMin", "isLocked", "createdAt", "updatedAt") VALUES ('seed_96vcblwtc5', 'seed_mfgxwk1p02', 'Alat & Keselamatan', 'Topik Alat & Keselamatan bagi kursus Higine & Keselamatan Makanan.', 3, 79, FALSE, now(), now());
INSERT INTO "Content" (id, "moduleId", title, type, url, "durationSec", "sizeKb", description, "isDownloadable", "createdAt") VALUES ('seed_zmcsm9v87n', 'seed_96vcblwtc5', 'Alat & Keselamatan — Bahan 1 (VIDEO)', 'video', 'https://stream.jtm.gov.my/v/seed_cdy6kd7ylb', 886, 226801, 'Bahan pembelajaran format video untuk modul ini.', TRUE, now());
INSERT INTO "Content" (id, "moduleId", title, type, url, "durationSec", "sizeKb", description, "isDownloadable", "createdAt") VALUES ('seed_wt58n5uzgq', 'seed_96vcblwtc5', 'Alat & Keselamatan — Bahan 2 (VIDEO)', 'video', 'https://stream.jtm.gov.my/v/seed_2nuelf8uu1', 1685, 162513, 'Bahan pembelajaran format video untuk modul ini.', TRUE, now());
INSERT INTO "Content" (id, "moduleId", title, type, url, "durationSec", "sizeKb", description, "isDownloadable", "createdAt") VALUES ('seed_tjtfj95xt3', 'seed_96vcblwtc5', 'Alat & Keselamatan — Bahan 3 (ARTICLE)', 'article', NULL, 0, 2549, 'Bahan pembelajaran format article untuk modul ini.', TRUE, now());
INSERT INTO "Content" (id, "moduleId", title, type, url, "durationSec", "sizeKb", description, "isDownloadable", "createdAt") VALUES ('seed_8ixmk005d7', 'seed_96vcblwtc5', 'Alat & Keselamatan — Bahan 4 (ARTICLE)', 'article', NULL, 0, 2260, 'Bahan pembelajaran format article untuk modul ini.', TRUE, now());
INSERT INTO "Module" (id, "courseId", title, description, "order", "durationMin", "isLocked", "createdAt", "updatedAt") VALUES ('seed_rzx3f01gze', 'seed_mfgxwk1p02', 'Komponen Utama Sistem', 'Topik Komponen Utama Sistem bagi kursus Higine & Keselamatan Makanan.', 4, 117, FALSE, now(), now());
INSERT INTO "Content" (id, "moduleId", title, type, url, "durationSec", "sizeKb", description, "isDownloadable", "createdAt") VALUES ('seed_17okqf74em', 'seed_rzx3f01gze', 'Komponen Utama Sistem — Bahan 1 (PDF)', 'pdf', '/content/sample.pdf', 0, 3531, 'Bahan pembelajaran format pdf untuk modul ini.', TRUE, now());
INSERT INTO "Content" (id, "moduleId", title, type, url, "durationSec", "sizeKb", description, "isDownloadable", "createdAt") VALUES ('seed_tjdsgqq55w', 'seed_rzx3f01gze', 'Komponen Utama Sistem — Bahan 2 (PDF)', 'pdf', '/content/sample.pdf', 0, 2143, 'Bahan pembelajaran format pdf untuk modul ini.', TRUE, now());
INSERT INTO "Content" (id, "moduleId", title, type, url, "durationSec", "sizeKb", description, "isDownloadable", "createdAt") VALUES ('seed_yhqra0pq9h', 'seed_rzx3f01gze', 'Komponen Utama Sistem — Bahan 3 (ARTICLE)', 'article', NULL, 0, 8300, 'Bahan pembelajaran format article untuk modul ini.', TRUE, now());
INSERT INTO "Content" (id, "moduleId", title, type, url, "durationSec", "sizeKb", description, "isDownloadable", "createdAt") VALUES ('seed_m6tr5axksc', 'seed_rzx3f01gze', 'Komponen Utama Sistem — Bahan 4 (PDF)', 'pdf', '/content/sample.pdf', 0, 4563, 'Bahan pembelajaran format pdf untuk modul ini.', TRUE, now());
INSERT INTO "Module" (id, "courseId", title, description, "order", "durationMin", "isLocked", "createdAt", "updatedAt") VALUES ('seed_q21r00i50z', 'seed_mfgxwk1p02', 'Prinsip Operasi', 'Topik Prinsip Operasi bagi kursus Higine & Keselamatan Makanan.', 5, 73, TRUE, now(), now());
INSERT INTO "Content" (id, "moduleId", title, type, url, "durationSec", "sizeKb", description, "isDownloadable", "createdAt") VALUES ('seed_79kxk9min9', 'seed_q21r00i50z', 'Prinsip Operasi — Bahan 1 (ARTICLE)', 'article', NULL, 0, 10807, 'Bahan pembelajaran format article untuk modul ini.', TRUE, now());
INSERT INTO "Content" (id, "moduleId", title, type, url, "durationSec", "sizeKb", description, "isDownloadable", "createdAt") VALUES ('seed_dh0crjoo6t', 'seed_q21r00i50z', 'Prinsip Operasi — Bahan 2 (SCORM)', 'scorm', NULL, 1157, 13402, 'Bahan pembelajaran format scorm untuk modul ini.', FALSE, now());
INSERT INTO "Content" (id, "moduleId", title, type, url, "durationSec", "sizeKb", description, "isDownloadable", "createdAt") VALUES ('seed_60ytouo10b', 'seed_q21r00i50z', 'Prinsip Operasi — Bahan 3 (SCORM)', 'scorm', NULL, 1917, 17278, 'Bahan pembelajaran format scorm untuk modul ini.', FALSE, now());
INSERT INTO "Module" (id, "courseId", title, description, "order", "durationMin", "isLocked", "createdAt", "updatedAt") VALUES ('seed_q7898om3kq', 'seed_mfgxwk1p02', 'Amali Langkah Demi Langkah', 'Topik Amali Langkah Demi Langkah bagi kursus Higine & Keselamatan Makanan.', 6, 51, FALSE, now(), now());
INSERT INTO "Content" (id, "moduleId", title, type, url, "durationSec", "sizeKb", description, "isDownloadable", "createdAt") VALUES ('seed_1401wlhjc7', 'seed_q7898om3kq', 'Amali Langkah Demi Langkah — Bahan 1 (SCORM)', 'scorm', NULL, 1560, 9873, 'Bahan pembelajaran format scorm untuk modul ini.', FALSE, now());
INSERT INTO "Content" (id, "moduleId", title, type, url, "durationSec", "sizeKb", description, "isDownloadable", "createdAt") VALUES ('seed_vw5j0wcra2', 'seed_q7898om3kq', 'Amali Langkah Demi Langkah — Bahan 2 (SCORM)', 'scorm', NULL, 629, 16968, 'Bahan pembelajaran format scorm untuk modul ini.', FALSE, now());
INSERT INTO "Content" (id, "moduleId", title, type, url, "durationSec", "sizeKb", description, "isDownloadable", "createdAt") VALUES ('seed_135g6eaxnd', 'seed_q7898om3kq', 'Amali Langkah Demi Langkah — Bahan 3 (VIDEO)', 'video', 'https://stream.jtm.gov.my/v/seed_g7l13kbvm8', 1613, 92129, 'Bahan pembelajaran format video untuk modul ini.', TRUE, now());
INSERT INTO "Content" (id, "moduleId", title, type, url, "durationSec", "sizeKb", description, "isDownloadable", "createdAt") VALUES ('seed_679mynjgnh', 'seed_q7898om3kq', 'Amali Langkah Demi Langkah — Bahan 4 (PDF)', 'pdf', '/content/sample.pdf', 0, 1268, 'Bahan pembelajaran format pdf untuk modul ini.', TRUE, now());
INSERT INTO "Quiz" (id, "courseId", "moduleId", title, description, "questionCount", "passMark", "timeLimitMin", "maxAttempts", weight, "createdAt") VALUES ('seed_hvamjcbvqd', 'seed_mfgxwk1p02', NULL, 'Kuiz Akhir — Higine & Keselamatan Makanan', 'Penilaian kompetensi berdasarkan modul yang dipelajari.', 5, 60, 30, 3, 1, now());
INSERT INTO "Question" (id, "quizId", type, text, options, "correctAnswer", explanation, marks, "order") VALUES ('seed_b8rbbshfz0', 'seed_hvamjcbvqd', 'mcq', 'Pilih kata kunci SQL yang betul untuk menapis rekod.', '[{"id":"a","text":"FILTER"},{"id":"b","text":"WHERE"},{"id":"c","text":"SEARCH"},{"id":"d","text":"MATCH"}]', '["b"]', 'Rujuk modul berkaitan untuk penjelasan terperinci.', 1, 1);
INSERT INTO "Question" (id, "quizId", type, text, options, "correctAnswer", explanation, marks, "order") VALUES ('seed_viwyf428n8', 'seed_hvamjcbvqd', 'mcq', 'Apakah fungsi utama sebuah PLC dalam sistem automasi?', '[{"id":"a","text":"Memproses isyarat input dan mengawal output"},{"id":"b","text":"Menyimpan data pelanggan"},{"id":"c","text":"Menghantar emel automatik"},{"id":"d","text":"Memainkan muzik latar"}]', '["a"]', 'Rujuk modul berkaitan untuk penjelasan terperinci.', 1, 2);
INSERT INTO "Question" (id, "quizId", type, text, options, "correctAnswer", explanation, marks, "order") VALUES ('seed_x7zvghk2wa', 'seed_hvamjcbvqd', 'fill_blank', 'Singkatan CNC dalam pembuatan bermaksud Computer ___ Control.', '[]', '"Numerical"', 'Rujuk modul berkaitan untuk penjelasan terperinci.', 1, 3);
INSERT INTO "Question" (id, "quizId", type, text, options, "correctAnswer", explanation, marks, "order") VALUES ('seed_ea214q4652', 'seed_hvamjcbvqd', 'true_false', 'Bateri HV pada kenderaan hibrid boleh dicas semula menggunakan bekalan kuasa biasa 240V.', '[]', '"true"', 'Rujuk modul berkaitan untuk penjelasan terperinci.', 1, 4);
INSERT INTO "Question" (id, "quizId", type, text, options, "correctAnswer", explanation, marks, "order") VALUES ('seed_5m80hz3yon', 'seed_hvamjcbvqd', 'mcq', 'Standard kompetensi kebangsaan Malaysia dikenali sebagai?', '[{"id":"a","text":"ISO 9001"},{"id":"b","text":"SKM/NOSS"},{"id":"c","text":"MQA"},{"id":"d","text":"OSHA"}]', '["b"]', 'Rujuk modul berkaitan untuk penjelasan terperinci.', 1, 5);
INSERT INTO "Course" (id, code, title, "titleEn", description, "categoryId", "campusId", "instructorId", level, format, "durationHours", "durationDays", credits, price, currency, quota, "enrolledCount", rating, "ratingCount", "coverColor", "coverIcon", tags, status, "startDate", "endDate", "createdAt", "updatedAt") VALUES ('seed_cc0w60buhd', 'JTM-FES-101', 'Reka Bentuk Pakaian Digital', 'Reka Bentuk Pakaian Digital', 'Kursus Reka Bentuk Pakaian Digital di bawah kategori fesyen. Kursus ini direka bagi memenuhi keperluan kompetensi SKM/NOSS dan disampaikan secara blended di kampus ADTEC. Peserta akan mempelajari konsep asas sehingga amali lanjut melalui modul video, SCORM dan kuiz interaktif.', 'seed_q3g1o3e0fs', 'seed_5jq8o5bo96', 'seed_qea23anbc8', 'intermediate', 'physical', 40, 5, 4, 0, 'MYR', 30, 15, 3.9, 60, 'amber', 'cog', '["fesyen","intermediate","SKM","TVET"]', 'published', '2026-08-01', '2026-12-15', now(), now());
INSERT INTO "Module" (id, "courseId", title, description, "order", "durationMin", "isLocked", "createdAt", "updatedAt") VALUES ('seed_cdajduorpz', 'seed_cc0w60buhd', 'Pengenalan & Objektif Kursus', 'Topik Pengenalan & Objektif Kursus bagi kursus Reka Bentuk Pakaian Digital.', 1, 92, FALSE, now(), now());
INSERT INTO "Content" (id, "moduleId", title, type, url, "durationSec", "sizeKb", description, "isDownloadable", "createdAt") VALUES ('seed_4pn2astnz6', 'seed_cdajduorpz', 'Pengenalan & Objektif Kursus — Bahan 1 (VIDEO)', 'video', 'https://stream.jtm.gov.my/v/seed_3c5n1s3uhm', 1430, 218799, 'Bahan pembelajaran format video untuk modul ini.', TRUE, now());
INSERT INTO "Content" (id, "moduleId", title, type, url, "durationSec", "sizeKb", description, "isDownloadable", "createdAt") VALUES ('seed_m8j90f8dsh', 'seed_cdajduorpz', 'Pengenalan & Objektif Kursus — Bahan 2 (H5P)', 'h5p', NULL, 0, 7326, 'Bahan pembelajaran format h5p untuk modul ini.', FALSE, now());
INSERT INTO "Module" (id, "courseId", title, description, "order", "durationMin", "isLocked", "createdAt", "updatedAt") VALUES ('seed_gh9tbvg72z', 'seed_cc0w60buhd', 'Konsep Asas & Terminologi', 'Topik Konsep Asas & Terminologi bagi kursus Reka Bentuk Pakaian Digital.', 2, 81, FALSE, now(), now());
INSERT INTO "Content" (id, "moduleId", title, type, url, "durationSec", "sizeKb", description, "isDownloadable", "createdAt") VALUES ('seed_kwhs5k5pqp', 'seed_gh9tbvg72z', 'Konsep Asas & Terminologi — Bahan 1 (H5P)', 'h5p', NULL, 0, 3872, 'Bahan pembelajaran format h5p untuk modul ini.', FALSE, now());
INSERT INTO "Content" (id, "moduleId", title, type, url, "durationSec", "sizeKb", description, "isDownloadable", "createdAt") VALUES ('seed_dyi66uddwr', 'seed_gh9tbvg72z', 'Konsep Asas & Terminologi — Bahan 2 (SCORM)', 'scorm', NULL, 2327, 15856, 'Bahan pembelajaran format scorm untuk modul ini.', FALSE, now());
INSERT INTO "Content" (id, "moduleId", title, type, url, "durationSec", "sizeKb", description, "isDownloadable", "createdAt") VALUES ('seed_vpp3808rk8', 'seed_gh9tbvg72z', 'Konsep Asas & Terminologi — Bahan 3 (ARTICLE)', 'article', NULL, 0, 9469, 'Bahan pembelajaran format article untuk modul ini.', TRUE, now());
INSERT INTO "Content" (id, "moduleId", title, type, url, "durationSec", "sizeKb", description, "isDownloadable", "createdAt") VALUES ('seed_xchdkion8i', 'seed_gh9tbvg72z', 'Konsep Asas & Terminologi — Bahan 4 (VIDEO)', 'video', 'https://stream.jtm.gov.my/v/seed_w2ia1f2zfl', 373, 145098, 'Bahan pembelajaran format video untuk modul ini.', TRUE, now());
INSERT INTO "Module" (id, "courseId", title, description, "order", "durationMin", "isLocked", "createdAt", "updatedAt") VALUES ('seed_s66p0a5q1o', 'seed_cc0w60buhd', 'Alat & Keselamatan', 'Topik Alat & Keselamatan bagi kursus Reka Bentuk Pakaian Digital.', 3, 77, FALSE, now(), now());
INSERT INTO "Content" (id, "moduleId", title, type, url, "durationSec", "sizeKb", description, "isDownloadable", "createdAt") VALUES ('seed_7cdaw6zjkq', 'seed_s66p0a5q1o', 'Alat & Keselamatan — Bahan 1 (PDF)', 'pdf', '/content/sample.pdf', 0, 1461, 'Bahan pembelajaran format pdf untuk modul ini.', TRUE, now());
INSERT INTO "Content" (id, "moduleId", title, type, url, "durationSec", "sizeKb", description, "isDownloadable", "createdAt") VALUES ('seed_53mgs3vygn', 'seed_s66p0a5q1o', 'Alat & Keselamatan — Bahan 2 (VIDEO)', 'video', 'https://stream.jtm.gov.my/v/seed_7rr7me12u1', 1588, 227929, 'Bahan pembelajaran format video untuk modul ini.', TRUE, now());
INSERT INTO "Content" (id, "moduleId", title, type, url, "durationSec", "sizeKb", description, "isDownloadable", "createdAt") VALUES ('seed_nf6l6gh3lz', 'seed_s66p0a5q1o', 'Alat & Keselamatan — Bahan 3 (SCORM)', 'scorm', NULL, 646, 11567, 'Bahan pembelajaran format scorm untuk modul ini.', FALSE, now());
INSERT INTO "Module" (id, "courseId", title, description, "order", "durationMin", "isLocked", "createdAt", "updatedAt") VALUES ('seed_wrblhpap9z', 'seed_cc0w60buhd', 'Komponen Utama Sistem', 'Topik Komponen Utama Sistem bagi kursus Reka Bentuk Pakaian Digital.', 4, 73, TRUE, now(), now());
INSERT INTO "Content" (id, "moduleId", title, type, url, "durationSec", "sizeKb", description, "isDownloadable", "createdAt") VALUES ('seed_vp9rjbx8en', 'seed_wrblhpap9z', 'Komponen Utama Sistem — Bahan 1 (VIDEO)', 'video', 'https://stream.jtm.gov.my/v/seed_zswqrs03yw', 1487, 222078, 'Bahan pembelajaran format video untuk modul ini.', TRUE, now());
INSERT INTO "Content" (id, "moduleId", title, type, url, "durationSec", "sizeKb", description, "isDownloadable", "createdAt") VALUES ('seed_lh3w6kjl7q', 'seed_wrblhpap9z', 'Komponen Utama Sistem — Bahan 2 (SCORM)', 'scorm', NULL, 2005, 4571, 'Bahan pembelajaran format scorm untuk modul ini.', FALSE, now());
INSERT INTO "Module" (id, "courseId", title, description, "order", "durationMin", "isLocked", "createdAt", "updatedAt") VALUES ('seed_8y5xmkj91v', 'seed_cc0w60buhd', 'Prinsip Operasi', 'Topik Prinsip Operasi bagi kursus Reka Bentuk Pakaian Digital.', 5, 69, FALSE, now(), now());
INSERT INTO "Content" (id, "moduleId", title, type, url, "durationSec", "sizeKb", description, "isDownloadable", "createdAt") VALUES ('seed_4unyborfoq', 'seed_8y5xmkj91v', 'Prinsip Operasi — Bahan 1 (PDF)', 'pdf', '/content/sample.pdf', 0, 2946, 'Bahan pembelajaran format pdf untuk modul ini.', TRUE, now());
INSERT INTO "Content" (id, "moduleId", title, type, url, "durationSec", "sizeKb", description, "isDownloadable", "createdAt") VALUES ('seed_ca5m2zlhnf', 'seed_8y5xmkj91v', 'Prinsip Operasi — Bahan 2 (ARTICLE)', 'article', NULL, 0, 19481, 'Bahan pembelajaran format article untuk modul ini.', TRUE, now());
INSERT INTO "Quiz" (id, "courseId", "moduleId", title, description, "questionCount", "passMark", "timeLimitMin", "maxAttempts", weight, "createdAt") VALUES ('seed_8hio18vcnc', 'seed_cc0w60buhd', NULL, 'Kuiz Akhir — Reka Bentuk Pakaian Digital', 'Penilaian kompetensi berdasarkan modul yang dipelajari.', 5, 60, 30, 3, 1, now());
INSERT INTO "Question" (id, "quizId", type, text, options, "correctAnswer", explanation, marks, "order") VALUES ('seed_2qy0eai2k7', 'seed_8hio18vcnc', 'fill_blank', 'Singkatan CNC dalam pembuatan bermaksud Computer ___ Control.', '[]', '"Numerical"', 'Rujuk modul berkaitan untuk penjelasan terperinci.', 1, 1);
INSERT INTO "Question" (id, "quizId", type, text, options, "correctAnswer", explanation, marks, "order") VALUES ('seed_kwjq92iu6m', 'seed_8hio18vcnc', 'mcq', 'Pilih kata kunci SQL yang betul untuk menapis rekod.', '[{"id":"a","text":"FILTER"},{"id":"b","text":"WHERE"},{"id":"c","text":"SEARCH"},{"id":"d","text":"MATCH"}]', '["b"]', 'Rujuk modul berkaitan untuk penjelasan terperinci.', 1, 2);
INSERT INTO "Question" (id, "quizId", type, text, options, "correctAnswer", explanation, marks, "order") VALUES ('seed_nknwfuz9q6', 'seed_8hio18vcnc', 'mcq', 'Apakah langkah pertama dalam diagnostik kerosakan elektrik?', '[{"id":"a","text":"Tukar komponen terus"},{"id":"b","text":"Periksa bekalan kuasa & litar"},{"id":"c","text":"Padam kod DTC"},{"id":"d","text":"Restart sistem"}]', '["b"]', 'Rujuk modul berkaitan untuk penjelasan terperinci.', 1, 3);
INSERT INTO "Question" (id, "quizId", type, text, options, "correctAnswer", explanation, marks, "order") VALUES ('seed_d4o3ds4cya', 'seed_8hio18vcnc', 'true_false', 'Bateri HV pada kenderaan hibrid boleh dicas semula menggunakan bekalan kuasa biasa 240V.', '[]', '"true"', 'Rujuk modul berkaitan untuk penjelasan terperinci.', 1, 4);
INSERT INTO "Question" (id, "quizId", type, text, options, "correctAnswer", explanation, marks, "order") VALUES ('seed_u4b3eznyew', 'seed_8hio18vcnc', 'mcq', 'Standard kompetensi kebangsaan Malaysia dikenali sebagai?', '[{"id":"a","text":"ISO 9001"},{"id":"b","text":"SKM/NOSS"},{"id":"c","text":"MQA"},{"id":"d","text":"OSHA"}]', '["b"]', 'Rujuk modul berkaitan untuk penjelasan terperinci.', 1, 5);
INSERT INTO "Course" (id, code, title, "titleEn", description, "categoryId", "campusId", "instructorId", level, format, "durationHours", "durationDays", credits, price, currency, quota, "enrolledCount", rating, "ratingCount", "coverColor", "coverIcon", tags, status, "startDate", "endDate", "createdAt", "updatedAt") VALUES ('seed_72famd8zty', 'JTM-FES-101-ADTEC-SPR', 'Reka Bentuk Pakaian Digital', 'Reka Bentuk Pakaian Digital', 'Kursus Reka Bentuk Pakaian Digital di bawah kategori fesyen. Kursus ini direka bagi memenuhi keperluan kompetensi SKM/NOSS dan disampaikan secara physical di kampus ADTEC. Peserta akan mempelajari konsep asas sehingga amali lanjut melalui modul video, SCORM dan kuiz interaktif.', 'seed_q3g1o3e0fs', 'seed_wyl14s03uv', 'seed_x39uzdxbus', 'intermediate', 'physical', 40, 5, 4, 350, 'MYR', 30, 8, 5, 20, 'rose', 'cog', '["fesyen","intermediate","SKM","TVET"]', 'published', '2026-08-01', '2026-12-15', now(), now());
INSERT INTO "Module" (id, "courseId", title, description, "order", "durationMin", "isLocked", "createdAt", "updatedAt") VALUES ('seed_l7g0p68a56', 'seed_72famd8zty', 'Pengenalan & Objektif Kursus', 'Topik Pengenalan & Objektif Kursus bagi kursus Reka Bentuk Pakaian Digital.', 1, 107, FALSE, now(), now());
INSERT INTO "Content" (id, "moduleId", title, type, url, "durationSec", "sizeKb", description, "isDownloadable", "createdAt") VALUES ('seed_hgn06anoe4', 'seed_l7g0p68a56', 'Pengenalan & Objektif Kursus — Bahan 1 (H5P)', 'h5p', NULL, 0, 12606, 'Bahan pembelajaran format h5p untuk modul ini.', FALSE, now());
INSERT INTO "Content" (id, "moduleId", title, type, url, "durationSec", "sizeKb", description, "isDownloadable", "createdAt") VALUES ('seed_55nis51okl', 'seed_l7g0p68a56', 'Pengenalan & Objektif Kursus — Bahan 2 (H5P)', 'h5p', NULL, 0, 16554, 'Bahan pembelajaran format h5p untuk modul ini.', FALSE, now());
INSERT INTO "Content" (id, "moduleId", title, type, url, "durationSec", "sizeKb", description, "isDownloadable", "createdAt") VALUES ('seed_0s9e53qkyr', 'seed_l7g0p68a56', 'Pengenalan & Objektif Kursus — Bahan 3 (PDF)', 'pdf', '/content/sample.pdf', 0, 2532, 'Bahan pembelajaran format pdf untuk modul ini.', TRUE, now());
INSERT INTO "Module" (id, "courseId", title, description, "order", "durationMin", "isLocked", "createdAt", "updatedAt") VALUES ('seed_x216t6k3e2', 'seed_72famd8zty', 'Konsep Asas & Terminologi', 'Topik Konsep Asas & Terminologi bagi kursus Reka Bentuk Pakaian Digital.', 2, 89, FALSE, now(), now());
INSERT INTO "Content" (id, "moduleId", title, type, url, "durationSec", "sizeKb", description, "isDownloadable", "createdAt") VALUES ('seed_1ladgztm31', 'seed_x216t6k3e2', 'Konsep Asas & Terminologi — Bahan 1 (PDF)', 'pdf', '/content/sample.pdf', 0, 3254, 'Bahan pembelajaran format pdf untuk modul ini.', TRUE, now());
INSERT INTO "Content" (id, "moduleId", title, type, url, "durationSec", "sizeKb", description, "isDownloadable", "createdAt") VALUES ('seed_mroza9h1kx', 'seed_x216t6k3e2', 'Konsep Asas & Terminologi — Bahan 2 (PDF)', 'pdf', '/content/sample.pdf', 0, 4359, 'Bahan pembelajaran format pdf untuk modul ini.', TRUE, now());
INSERT INTO "Module" (id, "courseId", title, description, "order", "durationMin", "isLocked", "createdAt", "updatedAt") VALUES ('seed_6tywi3nayz', 'seed_72famd8zty', 'Alat & Keselamatan', 'Topik Alat & Keselamatan bagi kursus Reka Bentuk Pakaian Digital.', 3, 94, FALSE, now(), now());
INSERT INTO "Content" (id, "moduleId", title, type, url, "durationSec", "sizeKb", description, "isDownloadable", "createdAt") VALUES ('seed_3nlc5vr1tv', 'seed_6tywi3nayz', 'Alat & Keselamatan — Bahan 1 (ARTICLE)', 'article', NULL, 0, 11780, 'Bahan pembelajaran format article untuk modul ini.', TRUE, now());
INSERT INTO "Content" (id, "moduleId", title, type, url, "durationSec", "sizeKb", description, "isDownloadable", "createdAt") VALUES ('seed_3brl0p2swz', 'seed_6tywi3nayz', 'Alat & Keselamatan — Bahan 2 (VIDEO)', 'video', 'https://stream.jtm.gov.my/v/seed_vy5orwmzzd', 461, 146006, 'Bahan pembelajaran format video untuk modul ini.', TRUE, now());
INSERT INTO "Content" (id, "moduleId", title, type, url, "durationSec", "sizeKb", description, "isDownloadable", "createdAt") VALUES ('seed_26iyjk2irr', 'seed_6tywi3nayz', 'Alat & Keselamatan — Bahan 3 (PDF)', 'pdf', '/content/sample.pdf', 0, 2095, 'Bahan pembelajaran format pdf untuk modul ini.', TRUE, now());
INSERT INTO "Content" (id, "moduleId", title, type, url, "durationSec", "sizeKb", description, "isDownloadable", "createdAt") VALUES ('seed_vtcxq218j4', 'seed_6tywi3nayz', 'Alat & Keselamatan — Bahan 4 (ARTICLE)', 'article', NULL, 0, 17376, 'Bahan pembelajaran format article untuk modul ini.', TRUE, now());
INSERT INTO "Module" (id, "courseId", title, description, "order", "durationMin", "isLocked", "createdAt", "updatedAt") VALUES ('seed_1kva0bv61p', 'seed_72famd8zty', 'Komponen Utama Sistem', 'Topik Komponen Utama Sistem bagi kursus Reka Bentuk Pakaian Digital.', 4, 113, FALSE, now(), now());
INSERT INTO "Content" (id, "moduleId", title, type, url, "durationSec", "sizeKb", description, "isDownloadable", "createdAt") VALUES ('seed_i98ddslcqw', 'seed_1kva0bv61p', 'Komponen Utama Sistem — Bahan 1 (PDF)', 'pdf', '/content/sample.pdf', 0, 3614, 'Bahan pembelajaran format pdf untuk modul ini.', TRUE, now());
INSERT INTO "Content" (id, "moduleId", title, type, url, "durationSec", "sizeKb", description, "isDownloadable", "createdAt") VALUES ('seed_1ocmu5x83e', 'seed_1kva0bv61p', 'Komponen Utama Sistem — Bahan 2 (ARTICLE)', 'article', NULL, 0, 19045, 'Bahan pembelajaran format article untuk modul ini.', TRUE, now());
INSERT INTO "Content" (id, "moduleId", title, type, url, "durationSec", "sizeKb", description, "isDownloadable", "createdAt") VALUES ('seed_z5f6sb2y1a', 'seed_1kva0bv61p', 'Komponen Utama Sistem — Bahan 3 (PDF)', 'pdf', '/content/sample.pdf', 0, 3960, 'Bahan pembelajaran format pdf untuk modul ini.', TRUE, now());
INSERT INTO "Module" (id, "courseId", title, description, "order", "durationMin", "isLocked", "createdAt", "updatedAt") VALUES ('seed_sibbhqftms', 'seed_72famd8zty', 'Prinsip Operasi', 'Topik Prinsip Operasi bagi kursus Reka Bentuk Pakaian Digital.', 5, 90, FALSE, now(), now());
INSERT INTO "Content" (id, "moduleId", title, type, url, "durationSec", "sizeKb", description, "isDownloadable", "createdAt") VALUES ('seed_wrb6bc56zr', 'seed_sibbhqftms', 'Prinsip Operasi — Bahan 1 (VIDEO)', 'video', 'https://stream.jtm.gov.my/v/seed_2cm44h8z1n', 1103, 68271, 'Bahan pembelajaran format video untuk modul ini.', TRUE, now());
INSERT INTO "Content" (id, "moduleId", title, type, url, "durationSec", "sizeKb", description, "isDownloadable", "createdAt") VALUES ('seed_qn74pzdhoq', 'seed_sibbhqftms', 'Prinsip Operasi — Bahan 2 (VIDEO)', 'video', 'https://stream.jtm.gov.my/v/seed_z4u93iqzon', 1394, 201586, 'Bahan pembelajaran format video untuk modul ini.', TRUE, now());
INSERT INTO "Quiz" (id, "courseId", "moduleId", title, description, "questionCount", "passMark", "timeLimitMin", "maxAttempts", weight, "createdAt") VALUES ('seed_13c5wg9luc', 'seed_72famd8zty', NULL, 'Kuiz Akhir — Reka Bentuk Pakaian Digital', 'Penilaian kompetensi berdasarkan modul yang dipelajari.', 5, 60, 30, 3, 1, now());
INSERT INTO "Question" (id, "quizId", type, text, options, "correctAnswer", explanation, marks, "order") VALUES ('seed_rcax2o1c9p', 'seed_13c5wg9luc', 'mcq', 'Apakah fungsi utama sebuah PLC dalam sistem automasi?', '[{"id":"a","text":"Memproses isyarat input dan mengawal output"},{"id":"b","text":"Menyimpan data pelanggan"},{"id":"c","text":"Menghantar emel automatik"},{"id":"d","text":"Memainkan muzik latar"}]', '["a"]', 'Rujuk modul berkaitan untuk penjelasan terperinci.', 1, 1);
INSERT INTO "Question" (id, "quizId", type, text, options, "correctAnswer", explanation, marks, "order") VALUES ('seed_qemuq9xmpf', 'seed_13c5wg9luc', 'mcq', 'Standard kompetensi kebangsaan Malaysia dikenali sebagai?', '[{"id":"a","text":"ISO 9001"},{"id":"b","text":"SKM/NOSS"},{"id":"c","text":"MQA"},{"id":"d","text":"OSHA"}]', '["b"]', 'Rujuk modul berkaitan untuk penjelasan terperinci.', 1, 2);
INSERT INTO "Question" (id, "quizId", type, text, options, "correctAnswer", explanation, marks, "order") VALUES ('seed_hhnpw9xzc9', 'seed_13c5wg9luc', 'true_false', 'Bateri HV pada kenderaan hibrid boleh dicas semula menggunakan bekalan kuasa biasa 240V.', '[]', '"true"', 'Rujuk modul berkaitan untuk penjelasan terperinci.', 1, 3);
INSERT INTO "Question" (id, "quizId", type, text, options, "correctAnswer", explanation, marks, "order") VALUES ('seed_x4xhxdnag3', 'seed_13c5wg9luc', 'mcq', 'Apakah langkah pertama dalam diagnostik kerosakan elektrik?', '[{"id":"a","text":"Tukar komponen terus"},{"id":"b","text":"Periksa bekalan kuasa & litar"},{"id":"c","text":"Padam kod DTC"},{"id":"d","text":"Restart sistem"}]', '["b"]', 'Rujuk modul berkaitan untuk penjelasan terperinci.', 1, 4);
INSERT INTO "Question" (id, "quizId", type, text, options, "correctAnswer", explanation, marks, "order") VALUES ('seed_152pxgdu5g', 'seed_13c5wg9luc', 'mcq', 'Pilih kata kunci SQL yang betul untuk menapis rekod.', '[{"id":"a","text":"FILTER"},{"id":"b","text":"WHERE"},{"id":"c","text":"SEARCH"},{"id":"d","text":"MATCH"}]', '["b"]', 'Rujuk modul berkaitan untuk penjelasan terperinci.', 1, 5);
INSERT INTO "Course" (id, code, title, "titleEn", description, "categoryId", "campusId", "instructorId", level, format, "durationHours", "durationDays", credits, price, currency, quota, "enrolledCount", rating, "ratingCount", "coverColor", "coverIcon", tags, status, "startDate", "endDate", "createdAt", "updatedAt") VALUES ('seed_5z264ndb0n', 'JTM-BNA-101', 'Pengurusan Tapak Bina', 'Pengurusan Tapak Bina', 'Kursus Pengurusan Tapak Bina di bawah kategori binaan. Kursus ini direka bagi memenuhi keperluan kompetensi SKM/NOSS dan disampaikan secara blended di kampus ADTEC. Peserta akan mempelajari konsep asas sehingga amali lanjut melalui modul video, SCORM dan kuiz interaktif.', 'seed_gnzoa9hm3w', 'seed_5jq8o5bo96', 'seed_qea23anbc8', 'intermediate', 'physical', 44, 6, 5, 0, 'MYR', 30, 9, 4.2, 32, 'amber', 'utensils', '["binaan","intermediate","SKM","TVET"]', 'published', '2026-08-01', '2026-12-15', now(), now());
INSERT INTO "Module" (id, "courseId", title, description, "order", "durationMin", "isLocked", "createdAt", "updatedAt") VALUES ('seed_pfjxfgn3x9', 'seed_5z264ndb0n', 'Pengenalan & Objektif Kursus', 'Topik Pengenalan & Objektif Kursus bagi kursus Pengurusan Tapak Bina.', 1, 47, FALSE, now(), now());
INSERT INTO "Content" (id, "moduleId", title, type, url, "durationSec", "sizeKb", description, "isDownloadable", "createdAt") VALUES ('seed_g2d2kh2ori', 'seed_pfjxfgn3x9', 'Pengenalan & Objektif Kursus — Bahan 1 (SCORM)', 'scorm', NULL, 1133, 7352, 'Bahan pembelajaran format scorm untuk modul ini.', FALSE, now());
INSERT INTO "Content" (id, "moduleId", title, type, url, "durationSec", "sizeKb", description, "isDownloadable", "createdAt") VALUES ('seed_x8kq6c143e', 'seed_pfjxfgn3x9', 'Pengenalan & Objektif Kursus — Bahan 2 (SCORM)', 'scorm', NULL, 1860, 11814, 'Bahan pembelajaran format scorm untuk modul ini.', FALSE, now());
INSERT INTO "Content" (id, "moduleId", title, type, url, "durationSec", "sizeKb", description, "isDownloadable", "createdAt") VALUES ('seed_pbvc36te8v', 'seed_pfjxfgn3x9', 'Pengenalan & Objektif Kursus — Bahan 3 (H5P)', 'h5p', NULL, 0, 10879, 'Bahan pembelajaran format h5p untuk modul ini.', FALSE, now());
INSERT INTO "Content" (id, "moduleId", title, type, url, "durationSec", "sizeKb", description, "isDownloadable", "createdAt") VALUES ('seed_b9mqxgb990', 'seed_pfjxfgn3x9', 'Pengenalan & Objektif Kursus — Bahan 4 (ARTICLE)', 'article', NULL, 0, 9117, 'Bahan pembelajaran format article untuk modul ini.', TRUE, now());
INSERT INTO "Module" (id, "courseId", title, description, "order", "durationMin", "isLocked", "createdAt", "updatedAt") VALUES ('seed_gcenya4ggn', 'seed_5z264ndb0n', 'Konsep Asas & Terminologi', 'Topik Konsep Asas & Terminologi bagi kursus Pengurusan Tapak Bina.', 2, 56, FALSE, now(), now());
INSERT INTO "Content" (id, "moduleId", title, type, url, "durationSec", "sizeKb", description, "isDownloadable", "createdAt") VALUES ('seed_3gwe1wnpyw', 'seed_gcenya4ggn', 'Konsep Asas & Terminologi — Bahan 1 (H5P)', 'h5p', NULL, 0, 2689, 'Bahan pembelajaran format h5p untuk modul ini.', FALSE, now());
INSERT INTO "Content" (id, "moduleId", title, type, url, "durationSec", "sizeKb", description, "isDownloadable", "createdAt") VALUES ('seed_u634pqosln', 'seed_gcenya4ggn', 'Konsep Asas & Terminologi — Bahan 2 (ARTICLE)', 'article', NULL, 0, 6283, 'Bahan pembelajaran format article untuk modul ini.', TRUE, now());
INSERT INTO "Module" (id, "courseId", title, description, "order", "durationMin", "isLocked", "createdAt", "updatedAt") VALUES ('seed_2bel66wffv', 'seed_5z264ndb0n', 'Alat & Keselamatan', 'Topik Alat & Keselamatan bagi kursus Pengurusan Tapak Bina.', 3, 54, FALSE, now(), now());
INSERT INTO "Content" (id, "moduleId", title, type, url, "durationSec", "sizeKb", description, "isDownloadable", "createdAt") VALUES ('seed_z41322917p', 'seed_2bel66wffv', 'Alat & Keselamatan — Bahan 1 (PDF)', 'pdf', '/content/sample.pdf', 0, 2464, 'Bahan pembelajaran format pdf untuk modul ini.', TRUE, now());
INSERT INTO "Content" (id, "moduleId", title, type, url, "durationSec", "sizeKb", description, "isDownloadable", "createdAt") VALUES ('seed_fhxursu4jl', 'seed_2bel66wffv', 'Alat & Keselamatan — Bahan 2 (SCORM)', 'scorm', NULL, 712, 9784, 'Bahan pembelajaran format scorm untuk modul ini.', FALSE, now());
INSERT INTO "Content" (id, "moduleId", title, type, url, "durationSec", "sizeKb", description, "isDownloadable", "createdAt") VALUES ('seed_hml88sqbne', 'seed_2bel66wffv', 'Alat & Keselamatan — Bahan 3 (PDF)', 'pdf', '/content/sample.pdf', 0, 3267, 'Bahan pembelajaran format pdf untuk modul ini.', TRUE, now());
INSERT INTO "Content" (id, "moduleId", title, type, url, "durationSec", "sizeKb", description, "isDownloadable", "createdAt") VALUES ('seed_yy1h8mblwo', 'seed_2bel66wffv', 'Alat & Keselamatan — Bahan 4 (PDF)', 'pdf', '/content/sample.pdf', 0, 2028, 'Bahan pembelajaran format pdf untuk modul ini.', TRUE, now());
INSERT INTO "Module" (id, "courseId", title, description, "order", "durationMin", "isLocked", "createdAt", "updatedAt") VALUES ('seed_ph495qzmvy', 'seed_5z264ndb0n', 'Komponen Utama Sistem', 'Topik Komponen Utama Sistem bagi kursus Pengurusan Tapak Bina.', 4, 117, TRUE, now(), now());
INSERT INTO "Content" (id, "moduleId", title, type, url, "durationSec", "sizeKb", description, "isDownloadable", "createdAt") VALUES ('seed_csels69qfz', 'seed_ph495qzmvy', 'Komponen Utama Sistem — Bahan 1 (ARTICLE)', 'article', NULL, 0, 3851, 'Bahan pembelajaran format article untuk modul ini.', TRUE, now());
INSERT INTO "Content" (id, "moduleId", title, type, url, "durationSec", "sizeKb", description, "isDownloadable", "createdAt") VALUES ('seed_qa2meqg8tq', 'seed_ph495qzmvy', 'Komponen Utama Sistem — Bahan 2 (VIDEO)', 'video', 'https://stream.jtm.gov.my/v/seed_e8iaqa6qgp', 1684, 116956, 'Bahan pembelajaran format video untuk modul ini.', TRUE, now());
INSERT INTO "Content" (id, "moduleId", title, type, url, "durationSec", "sizeKb", description, "isDownloadable", "createdAt") VALUES ('seed_2dmsidp7ca', 'seed_ph495qzmvy', 'Komponen Utama Sistem — Bahan 3 (PDF)', 'pdf', '/content/sample.pdf', 0, 4008, 'Bahan pembelajaran format pdf untuk modul ini.', TRUE, now());
INSERT INTO "Content" (id, "moduleId", title, type, url, "durationSec", "sizeKb", description, "isDownloadable", "createdAt") VALUES ('seed_mqxwt6sbv0', 'seed_ph495qzmvy', 'Komponen Utama Sistem — Bahan 4 (PDF)', 'pdf', '/content/sample.pdf', 0, 2860, 'Bahan pembelajaran format pdf untuk modul ini.', TRUE, now());
INSERT INTO "Quiz" (id, "courseId", "moduleId", title, description, "questionCount", "passMark", "timeLimitMin", "maxAttempts", weight, "createdAt") VALUES ('seed_4b4rw4gapz', 'seed_5z264ndb0n', NULL, 'Kuiz Akhir — Pengurusan Tapak Bina', 'Penilaian kompetensi berdasarkan modul yang dipelajari.', 5, 60, 30, 3, 1, now());
INSERT INTO "Question" (id, "quizId", type, text, options, "correctAnswer", explanation, marks, "order") VALUES ('seed_1gzh4nia9i', 'seed_4b4rw4gapz', 'mcq', 'Apakah fungsi utama sebuah PLC dalam sistem automasi?', '[{"id":"a","text":"Memproses isyarat input dan mengawal output"},{"id":"b","text":"Menyimpan data pelanggan"},{"id":"c","text":"Menghantar emel automatik"},{"id":"d","text":"Memainkan muzik latar"}]', '["a"]', 'Rujuk modul berkaitan untuk penjelasan terperinci.', 1, 1);
INSERT INTO "Question" (id, "quizId", type, text, options, "correctAnswer", explanation, marks, "order") VALUES ('seed_k43n90k7th', 'seed_4b4rw4gapz', 'mcq', 'Apakah langkah pertama dalam diagnostik kerosakan elektrik?', '[{"id":"a","text":"Tukar komponen terus"},{"id":"b","text":"Periksa bekalan kuasa & litar"},{"id":"c","text":"Padam kod DTC"},{"id":"d","text":"Restart sistem"}]', '["b"]', 'Rujuk modul berkaitan untuk penjelasan terperinci.', 1, 2);
INSERT INTO "Question" (id, "quizId", type, text, options, "correctAnswer", explanation, marks, "order") VALUES ('seed_vdr70yz8gz', 'seed_4b4rw4gapz', 'mcq', 'Standard kompetensi kebangsaan Malaysia dikenali sebagai?', '[{"id":"a","text":"ISO 9001"},{"id":"b","text":"SKM/NOSS"},{"id":"c","text":"MQA"},{"id":"d","text":"OSHA"}]', '["b"]', 'Rujuk modul berkaitan untuk penjelasan terperinci.', 1, 3);
INSERT INTO "Question" (id, "quizId", type, text, options, "correctAnswer", explanation, marks, "order") VALUES ('seed_8ozni8ftvr', 'seed_4b4rw4gapz', 'fill_blank', 'Singkatan CNC dalam pembuatan bermaksud Computer ___ Control.', '[]', '"Numerical"', 'Rujuk modul berkaitan untuk penjelasan terperinci.', 1, 4);
INSERT INTO "Question" (id, "quizId", type, text, options, "correctAnswer", explanation, marks, "order") VALUES ('seed_7s2yvq6nxc', 'seed_4b4rw4gapz', 'mcq', 'Pilih kata kunci SQL yang betul untuk menapis rekod.', '[{"id":"a","text":"FILTER"},{"id":"b","text":"WHERE"},{"id":"c","text":"SEARCH"},{"id":"d","text":"MATCH"}]', '["b"]', 'Rujuk modul berkaitan untuk penjelasan terperinci.', 1, 5);
INSERT INTO "Course" (id, code, title, "titleEn", description, "categoryId", "campusId", "instructorId", level, format, "durationHours", "durationDays", credits, price, currency, quota, "enrolledCount", rating, "ratingCount", "coverColor", "coverIcon", tags, status, "startDate", "endDate", "createdAt", "updatedAt") VALUES ('seed_1il16th4b', 'JTM-BNA-101-ADTEC-KK', 'Pengurusan Tapak Bina', 'Pengurusan Tapak Bina', 'Kursus Pengurusan Tapak Bina di bawah kategori binaan. Kursus ini direka bagi memenuhi keperluan kompetensi SKM/NOSS dan disampaikan secara physical di kampus ADTEC. Peserta akan mempelajari konsep asas sehingga amali lanjut melalui modul video, SCORM dan kuiz interaktif.', 'seed_gnzoa9hm3w', 'seed_ryi24ou8o8', 'seed_7cm60wpveo', 'intermediate', 'physical', 44, 6, 5, 0, 'MYR', 30, 10, 4.9, 35, 'amber', 'shirt', '["binaan","intermediate","SKM","TVET"]', 'published', '2026-08-01', '2026-12-15', now(), now());
INSERT INTO "Module" (id, "courseId", title, description, "order", "durationMin", "isLocked", "createdAt", "updatedAt") VALUES ('seed_g6encoejp1', 'seed_1il16th4b', 'Pengenalan & Objektif Kursus', 'Topik Pengenalan & Objektif Kursus bagi kursus Pengurusan Tapak Bina.', 1, 100, FALSE, now(), now());
INSERT INTO "Content" (id, "moduleId", title, type, url, "durationSec", "sizeKb", description, "isDownloadable", "createdAt") VALUES ('seed_ezbg00arzp', 'seed_g6encoejp1', 'Pengenalan & Objektif Kursus — Bahan 1 (ARTICLE)', 'article', NULL, 0, 7569, 'Bahan pembelajaran format article untuk modul ini.', TRUE, now());
INSERT INTO "Content" (id, "moduleId", title, type, url, "durationSec", "sizeKb", description, "isDownloadable", "createdAt") VALUES ('seed_3zjar99755', 'seed_g6encoejp1', 'Pengenalan & Objektif Kursus — Bahan 2 (PDF)', 'pdf', '/content/sample.pdf', 0, 1543, 'Bahan pembelajaran format pdf untuk modul ini.', TRUE, now());
INSERT INTO "Content" (id, "moduleId", title, type, url, "durationSec", "sizeKb", description, "isDownloadable", "createdAt") VALUES ('seed_iqpiikja8r', 'seed_g6encoejp1', 'Pengenalan & Objektif Kursus — Bahan 3 (H5P)', 'h5p', NULL, 0, 14829, 'Bahan pembelajaran format h5p untuk modul ini.', FALSE, now());
INSERT INTO "Content" (id, "moduleId", title, type, url, "durationSec", "sizeKb", description, "isDownloadable", "createdAt") VALUES ('seed_od8v1pz23k', 'seed_g6encoejp1', 'Pengenalan & Objektif Kursus — Bahan 4 (PDF)', 'pdf', '/content/sample.pdf', 0, 3331, 'Bahan pembelajaran format pdf untuk modul ini.', TRUE, now());
INSERT INTO "Module" (id, "courseId", title, description, "order", "durationMin", "isLocked", "createdAt", "updatedAt") VALUES ('seed_ir82dkop6y', 'seed_1il16th4b', 'Konsep Asas & Terminologi', 'Topik Konsep Asas & Terminologi bagi kursus Pengurusan Tapak Bina.', 2, 57, FALSE, now(), now());
INSERT INTO "Content" (id, "moduleId", title, type, url, "durationSec", "sizeKb", description, "isDownloadable", "createdAt") VALUES ('seed_2quf5qzan9', 'seed_ir82dkop6y', 'Konsep Asas & Terminologi — Bahan 1 (PDF)', 'pdf', '/content/sample.pdf', 0, 4492, 'Bahan pembelajaran format pdf untuk modul ini.', TRUE, now());
INSERT INTO "Content" (id, "moduleId", title, type, url, "durationSec", "sizeKb", description, "isDownloadable", "createdAt") VALUES ('seed_l8zc1p7tbx', 'seed_ir82dkop6y', 'Konsep Asas & Terminologi — Bahan 2 (PDF)', 'pdf', '/content/sample.pdf', 0, 3319, 'Bahan pembelajaran format pdf untuk modul ini.', TRUE, now());
INSERT INTO "Content" (id, "moduleId", title, type, url, "durationSec", "sizeKb", description, "isDownloadable", "createdAt") VALUES ('seed_dmhmsqsn8c', 'seed_ir82dkop6y', 'Konsep Asas & Terminologi — Bahan 3 (SCORM)', 'scorm', NULL, 1901, 9376, 'Bahan pembelajaran format scorm untuk modul ini.', FALSE, now());
INSERT INTO "Module" (id, "courseId", title, description, "order", "durationMin", "isLocked", "createdAt", "updatedAt") VALUES ('seed_1hq6xyhg50', 'seed_1il16th4b', 'Alat & Keselamatan', 'Topik Alat & Keselamatan bagi kursus Pengurusan Tapak Bina.', 3, 62, FALSE, now(), now());
INSERT INTO "Content" (id, "moduleId", title, type, url, "durationSec", "sizeKb", description, "isDownloadable", "createdAt") VALUES ('seed_gga0v01eem', 'seed_1hq6xyhg50', 'Alat & Keselamatan — Bahan 1 (H5P)', 'h5p', NULL, 0, 4989, 'Bahan pembelajaran format h5p untuk modul ini.', FALSE, now());
INSERT INTO "Content" (id, "moduleId", title, type, url, "durationSec", "sizeKb", description, "isDownloadable", "createdAt") VALUES ('seed_ixd0j56wdr', 'seed_1hq6xyhg50', 'Alat & Keselamatan — Bahan 2 (PDF)', 'pdf', '/content/sample.pdf', 0, 3274, 'Bahan pembelajaran format pdf untuk modul ini.', TRUE, now());
INSERT INTO "Content" (id, "moduleId", title, type, url, "durationSec", "sizeKb", description, "isDownloadable", "createdAt") VALUES ('seed_i60ohxvh8o', 'seed_1hq6xyhg50', 'Alat & Keselamatan — Bahan 3 (ARTICLE)', 'article', NULL, 0, 14646, 'Bahan pembelajaran format article untuk modul ini.', TRUE, now());
INSERT INTO "Module" (id, "courseId", title, description, "order", "durationMin", "isLocked", "createdAt", "updatedAt") VALUES ('seed_5lff4qc8mv', 'seed_1il16th4b', 'Komponen Utama Sistem', 'Topik Komponen Utama Sistem bagi kursus Pengurusan Tapak Bina.', 4, 68, FALSE, now(), now());
INSERT INTO "Content" (id, "moduleId", title, type, url, "durationSec", "sizeKb", description, "isDownloadable", "createdAt") VALUES ('seed_5qk43dng7l', 'seed_5lff4qc8mv', 'Komponen Utama Sistem — Bahan 1 (H5P)', 'h5p', NULL, 0, 8211, 'Bahan pembelajaran format h5p untuk modul ini.', FALSE, now());
INSERT INTO "Content" (id, "moduleId", title, type, url, "durationSec", "sizeKb", description, "isDownloadable", "createdAt") VALUES ('seed_ib2umocsjx', 'seed_5lff4qc8mv', 'Komponen Utama Sistem — Bahan 2 (H5P)', 'h5p', NULL, 0, 3797, 'Bahan pembelajaran format h5p untuk modul ini.', FALSE, now());
INSERT INTO "Module" (id, "courseId", title, description, "order", "durationMin", "isLocked", "createdAt", "updatedAt") VALUES ('seed_jfid9ah7rt', 'seed_1il16th4b', 'Prinsip Operasi', 'Topik Prinsip Operasi bagi kursus Pengurusan Tapak Bina.', 5, 97, FALSE, now(), now());
INSERT INTO "Content" (id, "moduleId", title, type, url, "durationSec", "sizeKb", description, "isDownloadable", "createdAt") VALUES ('seed_sjucktyvmh', 'seed_jfid9ah7rt', 'Prinsip Operasi — Bahan 1 (SCORM)', 'scorm', NULL, 694, 18978, 'Bahan pembelajaran format scorm untuk modul ini.', FALSE, now());
INSERT INTO "Content" (id, "moduleId", title, type, url, "durationSec", "sizeKb", description, "isDownloadable", "createdAt") VALUES ('seed_bp3f3uuork', 'seed_jfid9ah7rt', 'Prinsip Operasi — Bahan 2 (PDF)', 'pdf', '/content/sample.pdf', 0, 934, 'Bahan pembelajaran format pdf untuk modul ini.', TRUE, now());
INSERT INTO "Content" (id, "moduleId", title, type, url, "durationSec", "sizeKb", description, "isDownloadable", "createdAt") VALUES ('seed_a77jkzdti1', 'seed_jfid9ah7rt', 'Prinsip Operasi — Bahan 3 (VIDEO)', 'video', 'https://stream.jtm.gov.my/v/seed_v76j15wega', 899, 198227, 'Bahan pembelajaran format video untuk modul ini.', TRUE, now());
INSERT INTO "Content" (id, "moduleId", title, type, url, "durationSec", "sizeKb", description, "isDownloadable", "createdAt") VALUES ('seed_pn5r2cc7dz', 'seed_jfid9ah7rt', 'Prinsip Operasi — Bahan 4 (VIDEO)', 'video', 'https://stream.jtm.gov.my/v/seed_iph0alwozh', 1499, 194468, 'Bahan pembelajaran format video untuk modul ini.', TRUE, now());
INSERT INTO "Module" (id, "courseId", title, description, "order", "durationMin", "isLocked", "createdAt", "updatedAt") VALUES ('seed_ixy6fjfbjy', 'seed_1il16th4b', 'Amali Langkah Demi Langkah', 'Topik Amali Langkah Demi Langkah bagi kursus Pengurusan Tapak Bina.', 6, 86, FALSE, now(), now());
INSERT INTO "Content" (id, "moduleId", title, type, url, "durationSec", "sizeKb", description, "isDownloadable", "createdAt") VALUES ('seed_blctdpsz5w', 'seed_ixy6fjfbjy', 'Amali Langkah Demi Langkah — Bahan 1 (SCORM)', 'scorm', NULL, 1493, 3330, 'Bahan pembelajaran format scorm untuk modul ini.', FALSE, now());
INSERT INTO "Content" (id, "moduleId", title, type, url, "durationSec", "sizeKb", description, "isDownloadable", "createdAt") VALUES ('seed_p6102irdce', 'seed_ixy6fjfbjy', 'Amali Langkah Demi Langkah — Bahan 2 (VIDEO)', 'video', 'https://stream.jtm.gov.my/v/seed_pejvimwmjc', 1462, 207653, 'Bahan pembelajaran format video untuk modul ini.', TRUE, now());
INSERT INTO "Quiz" (id, "courseId", "moduleId", title, description, "questionCount", "passMark", "timeLimitMin", "maxAttempts", weight, "createdAt") VALUES ('seed_hnyrrz8g6m', 'seed_1il16th4b', NULL, 'Kuiz Akhir — Pengurusan Tapak Bina', 'Penilaian kompetensi berdasarkan modul yang dipelajari.', 5, 60, 30, 3, 1, now());
INSERT INTO "Question" (id, "quizId", type, text, options, "correctAnswer", explanation, marks, "order") VALUES ('seed_bo2vgncxh5', 'seed_hnyrrz8g6m', 'true_false', 'Bateri HV pada kenderaan hibrid boleh dicas semula menggunakan bekalan kuasa biasa 240V.', '[]', '"true"', 'Rujuk modul berkaitan untuk penjelasan terperinci.', 1, 1);
INSERT INTO "Question" (id, "quizId", type, text, options, "correctAnswer", explanation, marks, "order") VALUES ('seed_nzu5hgb1zl', 'seed_hnyrrz8g6m', 'mcq', 'Apakah fungsi utama sebuah PLC dalam sistem automasi?', '[{"id":"a","text":"Memproses isyarat input dan mengawal output"},{"id":"b","text":"Menyimpan data pelanggan"},{"id":"c","text":"Menghantar emel automatik"},{"id":"d","text":"Memainkan muzik latar"}]', '["a"]', 'Rujuk modul berkaitan untuk penjelasan terperinci.', 1, 2);
INSERT INTO "Question" (id, "quizId", type, text, options, "correctAnswer", explanation, marks, "order") VALUES ('seed_p87jjf9fn', 'seed_hnyrrz8g6m', 'fill_blank', 'Singkatan CNC dalam pembuatan bermaksud Computer ___ Control.', '[]', '"Numerical"', 'Rujuk modul berkaitan untuk penjelasan terperinci.', 1, 3);
INSERT INTO "Question" (id, "quizId", type, text, options, "correctAnswer", explanation, marks, "order") VALUES ('seed_3ttk4bg8gb', 'seed_hnyrrz8g6m', 'mcq', 'Standard kompetensi kebangsaan Malaysia dikenali sebagai?', '[{"id":"a","text":"ISO 9001"},{"id":"b","text":"SKM/NOSS"},{"id":"c","text":"MQA"},{"id":"d","text":"OSHA"}]', '["b"]', 'Rujuk modul berkaitan untuk penjelasan terperinci.', 1, 4);
INSERT INTO "Question" (id, "quizId", type, text, options, "correctAnswer", explanation, marks, "order") VALUES ('seed_73jhpbzi9c', 'seed_hnyrrz8g6m', 'mcq', 'Apakah langkah pertama dalam diagnostik kerosakan elektrik?', '[{"id":"a","text":"Tukar komponen terus"},{"id":"b","text":"Periksa bekalan kuasa & litar"},{"id":"c","text":"Padam kod DTC"},{"id":"d","text":"Restart sistem"}]', '["b"]', 'Rujuk modul berkaitan untuk penjelasan terperinci.', 1, 5);
INSERT INTO "Course" (id, code, title, "titleEn", description, "categoryId", "campusId", "instructorId", level, format, "durationHours", "durationDays", credits, price, currency, quota, "enrolledCount", rating, "ratingCount", "coverColor", "coverIcon", tags, status, "startDate", "endDate", "createdAt", "updatedAt") VALUES ('seed_eicszf6b92', 'JTM-PEG-101', 'Pengurusan Projek Latihan TVET', 'Pengurusan Projek Latihan TVET', 'Kursus Pengurusan Projek Latihan TVET di bawah kategori pengurusan. Kursus ini direka bagi memenuhi keperluan kompetensi SKM/NOSS dan disampaikan secara physical di kampus ADTEC. Peserta akan mempelajari konsep asas sehingga amali lanjut melalui modul video, SCORM dan kuiz interaktif.', 'seed_gx5fykvi87', 'seed_ydmfp9hceb', 'seed_8vzbkoks2y', 'advanced', 'blended', 36, 5, 4, 250, 'MYR', 30, 27, 4.7, 17, 'violet', 'code', '["pengurusan","advanced","SKM","TVET"]', 'published', '2026-08-01', '2026-12-15', now(), now());
INSERT INTO "CourseCompetency" (id, "courseId", "competencyId", weight) VALUES ('seed_emqhid9o9u', 'seed_eicszf6b92', 'seed_r5a1u66cpt', 1);
INSERT INTO "Module" (id, "courseId", title, description, "order", "durationMin", "isLocked", "createdAt", "updatedAt") VALUES ('seed_l8bzczb3js', 'seed_eicszf6b92', 'Pengenalan & Objektif Kursus', 'Topik Pengenalan & Objektif Kursus bagi kursus Pengurusan Projek Latihan TVET.', 1, 45, FALSE, now(), now());
INSERT INTO "Content" (id, "moduleId", title, type, url, "durationSec", "sizeKb", description, "isDownloadable", "createdAt") VALUES ('seed_1oimuszxsd', 'seed_l8bzczb3js', 'Pengenalan & Objektif Kursus — Bahan 1 (ARTICLE)', 'article', NULL, 0, 10493, 'Bahan pembelajaran format article untuk modul ini.', TRUE, now());
INSERT INTO "Content" (id, "moduleId", title, type, url, "durationSec", "sizeKb", description, "isDownloadable", "createdAt") VALUES ('seed_waqk0311ue', 'seed_l8bzczb3js', 'Pengenalan & Objektif Kursus — Bahan 2 (VIDEO)', 'video', 'https://stream.jtm.gov.my/v/seed_w401sf4bzm', 539, 193306, 'Bahan pembelajaran format video untuk modul ini.', TRUE, now());
INSERT INTO "Content" (id, "moduleId", title, type, url, "durationSec", "sizeKb", description, "isDownloadable", "createdAt") VALUES ('seed_1pdopkjjqd', 'seed_l8bzczb3js', 'Pengenalan & Objektif Kursus — Bahan 3 (SCORM)', 'scorm', NULL, 766, 15821, 'Bahan pembelajaran format scorm untuk modul ini.', FALSE, now());
INSERT INTO "Module" (id, "courseId", title, description, "order", "durationMin", "isLocked", "createdAt", "updatedAt") VALUES ('seed_1osoyk9f17', 'seed_eicszf6b92', 'Konsep Asas & Terminologi', 'Topik Konsep Asas & Terminologi bagi kursus Pengurusan Projek Latihan TVET.', 2, 45, FALSE, now(), now());
INSERT INTO "Content" (id, "moduleId", title, type, url, "durationSec", "sizeKb", description, "isDownloadable", "createdAt") VALUES ('seed_1zxhu6mepe', 'seed_1osoyk9f17', 'Konsep Asas & Terminologi — Bahan 1 (PDF)', 'pdf', '/content/sample.pdf', 0, 1392, 'Bahan pembelajaran format pdf untuk modul ini.', TRUE, now());
INSERT INTO "Content" (id, "moduleId", title, type, url, "durationSec", "sizeKb", description, "isDownloadable", "createdAt") VALUES ('seed_ju4xwj2qf1', 'seed_1osoyk9f17', 'Konsep Asas & Terminologi — Bahan 2 (ARTICLE)', 'article', NULL, 0, 3324, 'Bahan pembelajaran format article untuk modul ini.', TRUE, now());
INSERT INTO "Content" (id, "moduleId", title, type, url, "durationSec", "sizeKb", description, "isDownloadable", "createdAt") VALUES ('seed_0gqxm86sxl', 'seed_1osoyk9f17', 'Konsep Asas & Terminologi — Bahan 3 (PDF)', 'pdf', '/content/sample.pdf', 0, 3499, 'Bahan pembelajaran format pdf untuk modul ini.', TRUE, now());
INSERT INTO "Module" (id, "courseId", title, description, "order", "durationMin", "isLocked", "createdAt", "updatedAt") VALUES ('seed_alnqqi18g3', 'seed_eicszf6b92', 'Alat & Keselamatan', 'Topik Alat & Keselamatan bagi kursus Pengurusan Projek Latihan TVET.', 3, 92, FALSE, now(), now());
INSERT INTO "Content" (id, "moduleId", title, type, url, "durationSec", "sizeKb", description, "isDownloadable", "createdAt") VALUES ('seed_yfg8k9oi2r', 'seed_alnqqi18g3', 'Alat & Keselamatan — Bahan 1 (VIDEO)', 'video', 'https://stream.jtm.gov.my/v/seed_c7g83fipjh', 605, 187116, 'Bahan pembelajaran format video untuk modul ini.', TRUE, now());
INSERT INTO "Content" (id, "moduleId", title, type, url, "durationSec", "sizeKb", description, "isDownloadable", "createdAt") VALUES ('seed_iljqt59ki8', 'seed_alnqqi18g3', 'Alat & Keselamatan — Bahan 2 (H5P)', 'h5p', NULL, 0, 5618, 'Bahan pembelajaran format h5p untuk modul ini.', FALSE, now());
INSERT INTO "Content" (id, "moduleId", title, type, url, "durationSec", "sizeKb", description, "isDownloadable", "createdAt") VALUES ('seed_hd12me36hl', 'seed_alnqqi18g3', 'Alat & Keselamatan — Bahan 3 (H5P)', 'h5p', NULL, 0, 7018, 'Bahan pembelajaran format h5p untuk modul ini.', FALSE, now());
INSERT INTO "Content" (id, "moduleId", title, type, url, "durationSec", "sizeKb", description, "isDownloadable", "createdAt") VALUES ('seed_is6tujp9je', 'seed_alnqqi18g3', 'Alat & Keselamatan — Bahan 4 (H5P)', 'h5p', NULL, 0, 5650, 'Bahan pembelajaran format h5p untuk modul ini.', FALSE, now());
INSERT INTO "Module" (id, "courseId", title, description, "order", "durationMin", "isLocked", "createdAt", "updatedAt") VALUES ('seed_36a2qixkar', 'seed_eicszf6b92', 'Komponen Utama Sistem', 'Topik Komponen Utama Sistem bagi kursus Pengurusan Projek Latihan TVET.', 4, 49, TRUE, now(), now());
INSERT INTO "Content" (id, "moduleId", title, type, url, "durationSec", "sizeKb", description, "isDownloadable", "createdAt") VALUES ('seed_cdpa0zafv9', 'seed_36a2qixkar', 'Komponen Utama Sistem — Bahan 1 (PDF)', 'pdf', '/content/sample.pdf', 0, 2735, 'Bahan pembelajaran format pdf untuk modul ini.', TRUE, now());
INSERT INTO "Content" (id, "moduleId", title, type, url, "durationSec", "sizeKb", description, "isDownloadable", "createdAt") VALUES ('seed_qubj4zz0an', 'seed_36a2qixkar', 'Komponen Utama Sistem — Bahan 2 (H5P)', 'h5p', NULL, 0, 11064, 'Bahan pembelajaran format h5p untuk modul ini.', FALSE, now());
INSERT INTO "Quiz" (id, "courseId", "moduleId", title, description, "questionCount", "passMark", "timeLimitMin", "maxAttempts", weight, "createdAt") VALUES ('seed_8wbpp0y94y', 'seed_eicszf6b92', NULL, 'Kuiz Akhir — Pengurusan Projek Latihan TVET', 'Penilaian kompetensi berdasarkan modul yang dipelajari.', 5, 60, 30, 3, 1, now());
INSERT INTO "Question" (id, "quizId", type, text, options, "correctAnswer", explanation, marks, "order") VALUES ('seed_shvskuab9o', 'seed_8wbpp0y94y', 'mcq', 'Apakah langkah pertama dalam diagnostik kerosakan elektrik?', '[{"id":"a","text":"Tukar komponen terus"},{"id":"b","text":"Periksa bekalan kuasa & litar"},{"id":"c","text":"Padam kod DTC"},{"id":"d","text":"Restart sistem"}]', '["b"]', 'Rujuk modul berkaitan untuk penjelasan terperinci.', 1, 1);
INSERT INTO "Question" (id, "quizId", type, text, options, "correctAnswer", explanation, marks, "order") VALUES ('seed_v7v1it7uva', 'seed_8wbpp0y94y', 'mcq', 'Apakah fungsi utama sebuah PLC dalam sistem automasi?', '[{"id":"a","text":"Memproses isyarat input dan mengawal output"},{"id":"b","text":"Menyimpan data pelanggan"},{"id":"c","text":"Menghantar emel automatik"},{"id":"d","text":"Memainkan muzik latar"}]', '["a"]', 'Rujuk modul berkaitan untuk penjelasan terperinci.', 1, 2);
INSERT INTO "Question" (id, "quizId", type, text, options, "correctAnswer", explanation, marks, "order") VALUES ('seed_zlb9qgjp49', 'seed_8wbpp0y94y', 'fill_blank', 'Singkatan CNC dalam pembuatan bermaksud Computer ___ Control.', '[]', '"Numerical"', 'Rujuk modul berkaitan untuk penjelasan terperinci.', 1, 3);
INSERT INTO "Question" (id, "quizId", type, text, options, "correctAnswer", explanation, marks, "order") VALUES ('seed_epib9hgxd3', 'seed_8wbpp0y94y', 'mcq', 'Pilih kata kunci SQL yang betul untuk menapis rekod.', '[{"id":"a","text":"FILTER"},{"id":"b","text":"WHERE"},{"id":"c","text":"SEARCH"},{"id":"d","text":"MATCH"}]', '["b"]', 'Rujuk modul berkaitan untuk penjelasan terperinci.', 1, 4);
INSERT INTO "Question" (id, "quizId", type, text, options, "correctAnswer", explanation, marks, "order") VALUES ('seed_fhanbkrmnm', 'seed_8wbpp0y94y', 'mcq', 'Standard kompetensi kebangsaan Malaysia dikenali sebagai?', '[{"id":"a","text":"ISO 9001"},{"id":"b","text":"SKM/NOSS"},{"id":"c","text":"MQA"},{"id":"d","text":"OSHA"}]', '["b"]', 'Rujuk modul berkaitan untuk penjelasan terperinci.', 1, 5);
INSERT INTO "Course" (id, code, title, "titleEn", description, "categoryId", "campusId", "instructorId", level, format, "durationHours", "durationDays", credits, price, currency, quota, "enrolledCount", rating, "ratingCount", "coverColor", "coverIcon", tags, status, "startDate", "endDate", "createdAt", "updatedAt") VALUES ('seed_kexkh585q6', 'JTM-PEG-201', 'Penilaian & Pentaksiran Kompetensi', 'Penilaian & Pentaksiran Kompetensi', 'Kursus Penilaian & Pentaksiran Kompetensi di bawah kategori pengurusan. Kursus ini direka bagi memenuhi keperluan kompetensi SKM/NOSS dan disampaikan secara online di kampus ADTEC. Peserta akan mempelajari konsep asas sehingga amali lanjut melalui modul video, SCORM dan kuiz interaktif.', 'seed_gx5fykvi87', 'seed_n45y5hgap9', 'seed_8vzbkoks2y', 'intermediate', 'online', 30, 4, 3, 500, 'MYR', 30, 20, 5.1, 58, 'emerald', 'cog', '["pengurusan","intermediate","SKM","TVET"]', 'published', '2026-08-01', '2026-12-15', now(), now());
INSERT INTO "CourseCompetency" (id, "courseId", "competencyId", weight) VALUES ('seed_q7wyvfjtt5', 'seed_kexkh585q6', 'seed_r5a1u66cpt', 1);
INSERT INTO "Module" (id, "courseId", title, description, "order", "durationMin", "isLocked", "createdAt", "updatedAt") VALUES ('seed_yq9r7iz548', 'seed_kexkh585q6', 'Pengenalan & Objektif Kursus', 'Topik Pengenalan & Objektif Kursus bagi kursus Penilaian & Pentaksiran Kompetensi.', 1, 110, FALSE, now(), now());
INSERT INTO "Content" (id, "moduleId", title, type, url, "durationSec", "sizeKb", description, "isDownloadable", "createdAt") VALUES ('seed_lxoi48ad27', 'seed_yq9r7iz548', 'Pengenalan & Objektif Kursus — Bahan 1 (ARTICLE)', 'article', NULL, 0, 4909, 'Bahan pembelajaran format article untuk modul ini.', TRUE, now());
INSERT INTO "Content" (id, "moduleId", title, type, url, "durationSec", "sizeKb", description, "isDownloadable", "createdAt") VALUES ('seed_wrkjc276gx', 'seed_yq9r7iz548', 'Pengenalan & Objektif Kursus — Bahan 2 (SCORM)', 'scorm', NULL, 1883, 10081, 'Bahan pembelajaran format scorm untuk modul ini.', FALSE, now());
INSERT INTO "Content" (id, "moduleId", title, type, url, "durationSec", "sizeKb", description, "isDownloadable", "createdAt") VALUES ('seed_wqg08tzbba', 'seed_yq9r7iz548', 'Pengenalan & Objektif Kursus — Bahan 3 (VIDEO)', 'video', 'https://stream.jtm.gov.my/v/seed_4f1rjizwge', 818, 173005, 'Bahan pembelajaran format video untuk modul ini.', TRUE, now());
INSERT INTO "Module" (id, "courseId", title, description, "order", "durationMin", "isLocked", "createdAt", "updatedAt") VALUES ('seed_k2ynbtkicv', 'seed_kexkh585q6', 'Konsep Asas & Terminologi', 'Topik Konsep Asas & Terminologi bagi kursus Penilaian & Pentaksiran Kompetensi.', 2, 63, FALSE, now(), now());
INSERT INTO "Content" (id, "moduleId", title, type, url, "durationSec", "sizeKb", description, "isDownloadable", "createdAt") VALUES ('seed_nxp7unyubv', 'seed_k2ynbtkicv', 'Konsep Asas & Terminologi — Bahan 1 (SCORM)', 'scorm', NULL, 1505, 8039, 'Bahan pembelajaran format scorm untuk modul ini.', FALSE, now());
INSERT INTO "Content" (id, "moduleId", title, type, url, "durationSec", "sizeKb", description, "isDownloadable", "createdAt") VALUES ('seed_ud5b21q4fs', 'seed_k2ynbtkicv', 'Konsep Asas & Terminologi — Bahan 2 (H5P)', 'h5p', NULL, 0, 3821, 'Bahan pembelajaran format h5p untuk modul ini.', FALSE, now());
INSERT INTO "Content" (id, "moduleId", title, type, url, "durationSec", "sizeKb", description, "isDownloadable", "createdAt") VALUES ('seed_go5an3vae8', 'seed_k2ynbtkicv', 'Konsep Asas & Terminologi — Bahan 3 (VIDEO)', 'video', 'https://stream.jtm.gov.my/v/seed_qz5ds15w6e', 790, 162653, 'Bahan pembelajaran format video untuk modul ini.', TRUE, now());
INSERT INTO "Content" (id, "moduleId", title, type, url, "durationSec", "sizeKb", description, "isDownloadable", "createdAt") VALUES ('seed_bn9rtngk7q', 'seed_k2ynbtkicv', 'Konsep Asas & Terminologi — Bahan 4 (H5P)', 'h5p', NULL, 0, 11044, 'Bahan pembelajaran format h5p untuk modul ini.', FALSE, now());
INSERT INTO "Module" (id, "courseId", title, description, "order", "durationMin", "isLocked", "createdAt", "updatedAt") VALUES ('seed_ftnbx01ypj', 'seed_kexkh585q6', 'Alat & Keselamatan', 'Topik Alat & Keselamatan bagi kursus Penilaian & Pentaksiran Kompetensi.', 3, 75, FALSE, now(), now());
INSERT INTO "Content" (id, "moduleId", title, type, url, "durationSec", "sizeKb", description, "isDownloadable", "createdAt") VALUES ('seed_fnkwhyj637', 'seed_ftnbx01ypj', 'Alat & Keselamatan — Bahan 1 (VIDEO)', 'video', 'https://stream.jtm.gov.my/v/seed_phuuz70uuf', 879, 123225, 'Bahan pembelajaran format video untuk modul ini.', TRUE, now());
INSERT INTO "Content" (id, "moduleId", title, type, url, "durationSec", "sizeKb", description, "isDownloadable", "createdAt") VALUES ('seed_pafdhqa2nq', 'seed_ftnbx01ypj', 'Alat & Keselamatan — Bahan 2 (ARTICLE)', 'article', NULL, 0, 12304, 'Bahan pembelajaran format article untuk modul ini.', TRUE, now());
INSERT INTO "Module" (id, "courseId", title, description, "order", "durationMin", "isLocked", "createdAt", "updatedAt") VALUES ('seed_jlgw3qr1z2', 'seed_kexkh585q6', 'Komponen Utama Sistem', 'Topik Komponen Utama Sistem bagi kursus Penilaian & Pentaksiran Kompetensi.', 4, 85, TRUE, now(), now());
INSERT INTO "Content" (id, "moduleId", title, type, url, "durationSec", "sizeKb", description, "isDownloadable", "createdAt") VALUES ('seed_kl5sdmzbit', 'seed_jlgw3qr1z2', 'Komponen Utama Sistem — Bahan 1 (SCORM)', 'scorm', NULL, 1582, 8946, 'Bahan pembelajaran format scorm untuk modul ini.', FALSE, now());
INSERT INTO "Content" (id, "moduleId", title, type, url, "durationSec", "sizeKb", description, "isDownloadable", "createdAt") VALUES ('seed_j0xgmf8h6y', 'seed_jlgw3qr1z2', 'Komponen Utama Sistem — Bahan 2 (H5P)', 'h5p', NULL, 0, 5272, 'Bahan pembelajaran format h5p untuk modul ini.', FALSE, now());
INSERT INTO "Content" (id, "moduleId", title, type, url, "durationSec", "sizeKb", description, "isDownloadable", "createdAt") VALUES ('seed_vra9qnstxv', 'seed_jlgw3qr1z2', 'Komponen Utama Sistem — Bahan 3 (SCORM)', 'scorm', NULL, 1173, 3111, 'Bahan pembelajaran format scorm untuk modul ini.', FALSE, now());
INSERT INTO "Module" (id, "courseId", title, description, "order", "durationMin", "isLocked", "createdAt", "updatedAt") VALUES ('seed_mh209ekpgv', 'seed_kexkh585q6', 'Prinsip Operasi', 'Topik Prinsip Operasi bagi kursus Penilaian & Pentaksiran Kompetensi.', 5, 80, FALSE, now(), now());
INSERT INTO "Content" (id, "moduleId", title, type, url, "durationSec", "sizeKb", description, "isDownloadable", "createdAt") VALUES ('seed_5n00xfpnzl', 'seed_mh209ekpgv', 'Prinsip Operasi — Bahan 1 (SCORM)', 'scorm', NULL, 2159, 15790, 'Bahan pembelajaran format scorm untuk modul ini.', FALSE, now());
INSERT INTO "Content" (id, "moduleId", title, type, url, "durationSec", "sizeKb", description, "isDownloadable", "createdAt") VALUES ('seed_9ozecng15x', 'seed_mh209ekpgv', 'Prinsip Operasi — Bahan 2 (PDF)', 'pdf', '/content/sample.pdf', 0, 878, 'Bahan pembelajaran format pdf untuk modul ini.', TRUE, now());
INSERT INTO "Quiz" (id, "courseId", "moduleId", title, description, "questionCount", "passMark", "timeLimitMin", "maxAttempts", weight, "createdAt") VALUES ('seed_33kzues24g', 'seed_kexkh585q6', NULL, 'Kuiz Akhir — Penilaian & Pentaksiran Kompetensi', 'Penilaian kompetensi berdasarkan modul yang dipelajari.', 5, 60, 30, 3, 1, now());
INSERT INTO "Question" (id, "quizId", type, text, options, "correctAnswer", explanation, marks, "order") VALUES ('seed_z7jn23k148', 'seed_33kzues24g', 'mcq', 'Apakah fungsi utama sebuah PLC dalam sistem automasi?', '[{"id":"a","text":"Memproses isyarat input dan mengawal output"},{"id":"b","text":"Menyimpan data pelanggan"},{"id":"c","text":"Menghantar emel automatik"},{"id":"d","text":"Memainkan muzik latar"}]', '["a"]', 'Rujuk modul berkaitan untuk penjelasan terperinci.', 1, 1);
INSERT INTO "Question" (id, "quizId", type, text, options, "correctAnswer", explanation, marks, "order") VALUES ('seed_7i8285ypeu', 'seed_33kzues24g', 'fill_blank', 'Singkatan CNC dalam pembuatan bermaksud Computer ___ Control.', '[]', '"Numerical"', 'Rujuk modul berkaitan untuk penjelasan terperinci.', 1, 2);
INSERT INTO "Question" (id, "quizId", type, text, options, "correctAnswer", explanation, marks, "order") VALUES ('seed_h7o1pd650h', 'seed_33kzues24g', 'mcq', 'Pilih kata kunci SQL yang betul untuk menapis rekod.', '[{"id":"a","text":"FILTER"},{"id":"b","text":"WHERE"},{"id":"c","text":"SEARCH"},{"id":"d","text":"MATCH"}]', '["b"]', 'Rujuk modul berkaitan untuk penjelasan terperinci.', 1, 3);
INSERT INTO "Question" (id, "quizId", type, text, options, "correctAnswer", explanation, marks, "order") VALUES ('seed_5pacq9tp9e', 'seed_33kzues24g', 'mcq', 'Standard kompetensi kebangsaan Malaysia dikenali sebagai?', '[{"id":"a","text":"ISO 9001"},{"id":"b","text":"SKM/NOSS"},{"id":"c","text":"MQA"},{"id":"d","text":"OSHA"}]', '["b"]', 'Rujuk modul berkaitan untuk penjelasan terperinci.', 1, 4);
INSERT INTO "Question" (id, "quizId", type, text, options, "correctAnswer", explanation, marks, "order") VALUES ('seed_5lnz42iab9', 'seed_33kzues24g', 'true_false', 'Bateri HV pada kenderaan hibrid boleh dicas semula menggunakan bekalan kuasa biasa 240V.', '[]', '"true"', 'Rujuk modul berkaitan untuk penjelasan terperinci.', 1, 5);
INSERT INTO "Course" (id, code, title, "titleEn", description, "categoryId", "campusId", "instructorId", level, format, "durationHours", "durationDays", credits, price, currency, quota, "enrolledCount", rating, "ratingCount", "coverColor", "coverIcon", tags, status, "startDate", "endDate", "createdAt", "updatedAt") VALUES ('seed_stnjq5tleu', 'JTM-PEG-201-ADTEC-PN', 'Penilaian & Pentaksiran Kompetensi', 'Penilaian & Pentaksiran Kompetensi', 'Kursus Penilaian & Pentaksiran Kompetensi di bawah kategori pengurusan. Kursus ini direka bagi memenuhi keperluan kompetensi SKM/NOSS dan disampaikan secara physical di kampus ADTEC. Peserta akan mempelajari konsep asas sehingga amali lanjut melalui modul video, SCORM dan kuiz interaktif.', 'seed_gx5fykvi87', 'seed_2u2ynx3qot', 'seed_zyzprbs8mr', 'intermediate', 'blended', 30, 4, 3, 0, 'MYR', 30, 20, 5, 20, 'teal', 'utensils', '["pengurusan","intermediate","SKM","TVET"]', 'published', '2026-08-01', '2026-12-15', now(), now());
INSERT INTO "CourseCompetency" (id, "courseId", "competencyId", weight) VALUES ('seed_jyjzzyu5rh', 'seed_stnjq5tleu', 'seed_r5a1u66cpt', 1);
INSERT INTO "Module" (id, "courseId", title, description, "order", "durationMin", "isLocked", "createdAt", "updatedAt") VALUES ('seed_1xjzh23jvb', 'seed_stnjq5tleu', 'Pengenalan & Objektif Kursus', 'Topik Pengenalan & Objektif Kursus bagi kursus Penilaian & Pentaksiran Kompetensi.', 1, 38, FALSE, now(), now());
INSERT INTO "Content" (id, "moduleId", title, type, url, "durationSec", "sizeKb", description, "isDownloadable", "createdAt") VALUES ('seed_7pegn3f7au', 'seed_1xjzh23jvb', 'Pengenalan & Objektif Kursus — Bahan 1 (ARTICLE)', 'article', NULL, 0, 14519, 'Bahan pembelajaran format article untuk modul ini.', TRUE, now());
INSERT INTO "Content" (id, "moduleId", title, type, url, "durationSec", "sizeKb", description, "isDownloadable", "createdAt") VALUES ('seed_6iu2evjg04', 'seed_1xjzh23jvb', 'Pengenalan & Objektif Kursus — Bahan 2 (VIDEO)', 'video', 'https://stream.jtm.gov.my/v/seed_r2sbvcjehy', 1754, 87230, 'Bahan pembelajaran format video untuk modul ini.', TRUE, now());
INSERT INTO "Content" (id, "moduleId", title, type, url, "durationSec", "sizeKb", description, "isDownloadable", "createdAt") VALUES ('seed_cg7ijwuri7', 'seed_1xjzh23jvb', 'Pengenalan & Objektif Kursus — Bahan 3 (H5P)', 'h5p', NULL, 0, 14736, 'Bahan pembelajaran format h5p untuk modul ini.', FALSE, now());
INSERT INTO "Module" (id, "courseId", title, description, "order", "durationMin", "isLocked", "createdAt", "updatedAt") VALUES ('seed_m9ghj0fnkq', 'seed_stnjq5tleu', 'Konsep Asas & Terminologi', 'Topik Konsep Asas & Terminologi bagi kursus Penilaian & Pentaksiran Kompetensi.', 2, 30, FALSE, now(), now());
INSERT INTO "Content" (id, "moduleId", title, type, url, "durationSec", "sizeKb", description, "isDownloadable", "createdAt") VALUES ('seed_8g7b6w1bs4', 'seed_m9ghj0fnkq', 'Konsep Asas & Terminologi — Bahan 1 (VIDEO)', 'video', 'https://stream.jtm.gov.my/v/seed_xg7q3m2arv', 218, 164769, 'Bahan pembelajaran format video untuk modul ini.', TRUE, now());
INSERT INTO "Content" (id, "moduleId", title, type, url, "durationSec", "sizeKb", description, "isDownloadable", "createdAt") VALUES ('seed_xwckq1qlbb', 'seed_m9ghj0fnkq', 'Konsep Asas & Terminologi — Bahan 2 (SCORM)', 'scorm', NULL, 1167, 17340, 'Bahan pembelajaran format scorm untuk modul ini.', FALSE, now());
INSERT INTO "Content" (id, "moduleId", title, type, url, "durationSec", "sizeKb", description, "isDownloadable", "createdAt") VALUES ('seed_obay7ipnpl', 'seed_m9ghj0fnkq', 'Konsep Asas & Terminologi — Bahan 3 (PDF)', 'pdf', '/content/sample.pdf', 0, 841, 'Bahan pembelajaran format pdf untuk modul ini.', TRUE, now());
INSERT INTO "Content" (id, "moduleId", title, type, url, "durationSec", "sizeKb", description, "isDownloadable", "createdAt") VALUES ('seed_4bhnc0vikk', 'seed_m9ghj0fnkq', 'Konsep Asas & Terminologi — Bahan 4 (SCORM)', 'scorm', NULL, 614, 7972, 'Bahan pembelajaran format scorm untuk modul ini.', FALSE, now());
INSERT INTO "Module" (id, "courseId", title, description, "order", "durationMin", "isLocked", "createdAt", "updatedAt") VALUES ('seed_79iw0l0jii', 'seed_stnjq5tleu', 'Alat & Keselamatan', 'Topik Alat & Keselamatan bagi kursus Penilaian & Pentaksiran Kompetensi.', 3, 111, FALSE, now(), now());
INSERT INTO "Content" (id, "moduleId", title, type, url, "durationSec", "sizeKb", description, "isDownloadable", "createdAt") VALUES ('seed_frj6qc4hso', 'seed_79iw0l0jii', 'Alat & Keselamatan — Bahan 1 (ARTICLE)', 'article', NULL, 0, 10159, 'Bahan pembelajaran format article untuk modul ini.', TRUE, now());
INSERT INTO "Content" (id, "moduleId", title, type, url, "durationSec", "sizeKb", description, "isDownloadable", "createdAt") VALUES ('seed_x8ylkzw1e5', 'seed_79iw0l0jii', 'Alat & Keselamatan — Bahan 2 (VIDEO)', 'video', 'https://stream.jtm.gov.my/v/seed_dg1cj4ytvf', 1582, 199995, 'Bahan pembelajaran format video untuk modul ini.', TRUE, now());
INSERT INTO "Content" (id, "moduleId", title, type, url, "durationSec", "sizeKb", description, "isDownloadable", "createdAt") VALUES ('seed_7aa2mzk9p0', 'seed_79iw0l0jii', 'Alat & Keselamatan — Bahan 3 (SCORM)', 'scorm', NULL, 1394, 2293, 'Bahan pembelajaran format scorm untuk modul ini.', FALSE, now());
INSERT INTO "Module" (id, "courseId", title, description, "order", "durationMin", "isLocked", "createdAt", "updatedAt") VALUES ('seed_tza13dpyyi', 'seed_stnjq5tleu', 'Komponen Utama Sistem', 'Topik Komponen Utama Sistem bagi kursus Penilaian & Pentaksiran Kompetensi.', 4, 91, TRUE, now(), now());
INSERT INTO "Content" (id, "moduleId", title, type, url, "durationSec", "sizeKb", description, "isDownloadable", "createdAt") VALUES ('seed_j87obkm2l1', 'seed_tza13dpyyi', 'Komponen Utama Sistem — Bahan 1 (ARTICLE)', 'article', NULL, 0, 2954, 'Bahan pembelajaran format article untuk modul ini.', TRUE, now());
INSERT INTO "Content" (id, "moduleId", title, type, url, "durationSec", "sizeKb", description, "isDownloadable", "createdAt") VALUES ('seed_488566ip2k', 'seed_tza13dpyyi', 'Komponen Utama Sistem — Bahan 2 (ARTICLE)', 'article', NULL, 0, 18957, 'Bahan pembelajaran format article untuk modul ini.', TRUE, now());
INSERT INTO "Module" (id, "courseId", title, description, "order", "durationMin", "isLocked", "createdAt", "updatedAt") VALUES ('seed_22g87fom1d', 'seed_stnjq5tleu', 'Prinsip Operasi', 'Topik Prinsip Operasi bagi kursus Penilaian & Pentaksiran Kompetensi.', 5, 55, FALSE, now(), now());
INSERT INTO "Content" (id, "moduleId", title, type, url, "durationSec", "sizeKb", description, "isDownloadable", "createdAt") VALUES ('seed_q09jwpr5jh', 'seed_22g87fom1d', 'Prinsip Operasi — Bahan 1 (VIDEO)', 'video', 'https://stream.jtm.gov.my/v/seed_q0ebenexyn', 1183, 59348, 'Bahan pembelajaran format video untuk modul ini.', TRUE, now());
INSERT INTO "Content" (id, "moduleId", title, type, url, "durationSec", "sizeKb", description, "isDownloadable", "createdAt") VALUES ('seed_puf4safdqb', 'seed_22g87fom1d', 'Prinsip Operasi — Bahan 2 (PDF)', 'pdf', '/content/sample.pdf', 0, 4104, 'Bahan pembelajaran format pdf untuk modul ini.', TRUE, now());
INSERT INTO "Content" (id, "moduleId", title, type, url, "durationSec", "sizeKb", description, "isDownloadable", "createdAt") VALUES ('seed_8u52ykvbuh', 'seed_22g87fom1d', 'Prinsip Operasi — Bahan 3 (H5P)', 'h5p', NULL, 0, 5268, 'Bahan pembelajaran format h5p untuk modul ini.', FALSE, now());
INSERT INTO "Module" (id, "courseId", title, description, "order", "durationMin", "isLocked", "createdAt", "updatedAt") VALUES ('seed_78o3tr4dd5', 'seed_stnjq5tleu', 'Amali Langkah Demi Langkah', 'Topik Amali Langkah Demi Langkah bagi kursus Penilaian & Pentaksiran Kompetensi.', 6, 60, TRUE, now(), now());
INSERT INTO "Content" (id, "moduleId", title, type, url, "durationSec", "sizeKb", description, "isDownloadable", "createdAt") VALUES ('seed_bgrcqsnanh', 'seed_78o3tr4dd5', 'Amali Langkah Demi Langkah — Bahan 1 (PDF)', 'pdf', '/content/sample.pdf', 0, 3394, 'Bahan pembelajaran format pdf untuk modul ini.', TRUE, now());
INSERT INTO "Content" (id, "moduleId", title, type, url, "durationSec", "sizeKb", description, "isDownloadable", "createdAt") VALUES ('seed_5vjppsnm0p', 'seed_78o3tr4dd5', 'Amali Langkah Demi Langkah — Bahan 2 (SCORM)', 'scorm', NULL, 829, 17900, 'Bahan pembelajaran format scorm untuk modul ini.', FALSE, now());
INSERT INTO "Content" (id, "moduleId", title, type, url, "durationSec", "sizeKb", description, "isDownloadable", "createdAt") VALUES ('seed_ulhdykuvjd', 'seed_78o3tr4dd5', 'Amali Langkah Demi Langkah — Bahan 3 (SCORM)', 'scorm', NULL, 1511, 7501, 'Bahan pembelajaran format scorm untuk modul ini.', FALSE, now());
INSERT INTO "Quiz" (id, "courseId", "moduleId", title, description, "questionCount", "passMark", "timeLimitMin", "maxAttempts", weight, "createdAt") VALUES ('seed_611umdgdam', 'seed_stnjq5tleu', NULL, 'Kuiz Akhir — Penilaian & Pentaksiran Kompetensi', 'Penilaian kompetensi berdasarkan modul yang dipelajari.', 5, 60, 30, 3, 1, now());
INSERT INTO "Question" (id, "quizId", type, text, options, "correctAnswer", explanation, marks, "order") VALUES ('seed_xjgi50qxke', 'seed_611umdgdam', 'mcq', 'Pilih kata kunci SQL yang betul untuk menapis rekod.', '[{"id":"a","text":"FILTER"},{"id":"b","text":"WHERE"},{"id":"c","text":"SEARCH"},{"id":"d","text":"MATCH"}]', '["b"]', 'Rujuk modul berkaitan untuk penjelasan terperinci.', 1, 1);
INSERT INTO "Question" (id, "quizId", type, text, options, "correctAnswer", explanation, marks, "order") VALUES ('seed_iyfb0bn0an', 'seed_611umdgdam', 'mcq', 'Apakah fungsi utama sebuah PLC dalam sistem automasi?', '[{"id":"a","text":"Memproses isyarat input dan mengawal output"},{"id":"b","text":"Menyimpan data pelanggan"},{"id":"c","text":"Menghantar emel automatik"},{"id":"d","text":"Memainkan muzik latar"}]', '["a"]', 'Rujuk modul berkaitan untuk penjelasan terperinci.', 1, 2);
INSERT INTO "Question" (id, "quizId", type, text, options, "correctAnswer", explanation, marks, "order") VALUES ('seed_silqv02m3n', 'seed_611umdgdam', 'true_false', 'Bateri HV pada kenderaan hibrid boleh dicas semula menggunakan bekalan kuasa biasa 240V.', '[]', '"true"', 'Rujuk modul berkaitan untuk penjelasan terperinci.', 1, 3);
INSERT INTO "Question" (id, "quizId", type, text, options, "correctAnswer", explanation, marks, "order") VALUES ('seed_9g03jnpip5', 'seed_611umdgdam', 'fill_blank', 'Singkatan CNC dalam pembuatan bermaksud Computer ___ Control.', '[]', '"Numerical"', 'Rujuk modul berkaitan untuk penjelasan terperinci.', 1, 4);
INSERT INTO "Question" (id, "quizId", type, text, options, "correctAnswer", explanation, marks, "order") VALUES ('seed_qi8qxqcer9', 'seed_611umdgdam', 'mcq', 'Standard kompetensi kebangsaan Malaysia dikenali sebagai?', '[{"id":"a","text":"ISO 9001"},{"id":"b","text":"SKM/NOSS"},{"id":"c","text":"MQA"},{"id":"d","text":"OSHA"}]', '["b"]', 'Rujuk modul berkaitan untuk penjelasan terperinci.', 1, 5);

-- Enrollments, Progress, Certificates, Quiz Attempts
INSERT INTO "Enrollment" (id, "userId", "courseId", "campusId", status, "progressPct", "enrolledAt", "completedAt", "finalScore", "createdAt", "updatedAt") VALUES ('seed_9ccrhivv0k', 'seed_2byimvb9le', 'seed_gwlvt0vqrr', 'seed_d2wugb6gke', 'dropped', 75, '2026-06-06T01:34:52.140Z', NULL, NULL, now(), now());
INSERT INTO "Progress" (id, "enrollmentId", "userId", "contentId", status, "timeSpentSec", score, "completedAt", "updatedAt")
SELECT 'seed_2gdu0isqqe', 'seed_9ccrhivv0k', 'seed_2byimvb9le', c.id,
  CASE WHEN 75 = 0 THEN 'not_started' WHEN random() < 75/100.0 THEN 'completed' ELSE 'in_progress' END,
  293, 78,
  CASE WHEN random() < 75/100.0 THEN now() ELSE NULL END, now()
FROM "Content" c JOIN "Module" m ON c."moduleId" = m.id WHERE m."courseId" = 'seed_gwlvt0vqrr' LIMIT 5;
INSERT INTO "QuizAttempt" (id, "quizId", "enrollmentId", "userId", answers, score, "maxScore", percentage, passed, "startedAt", "submittedAt")
SELECT 'seed_1ng4uqlad6', q.id, 'seed_9ccrhivv0k', 'seed_2byimvb9le', '{}'::jsonb, 2.8, 5, 55, FALSE, now(), now()
FROM "Quiz" q WHERE q."courseId" = 'seed_gwlvt0vqrr' LIMIT 1;
INSERT INTO "Enrollment" (id, "userId", "courseId", "campusId", status, "progressPct", "enrolledAt", "completedAt", "finalScore", "createdAt", "updatedAt") VALUES ('seed_v8ku4nf896', 'seed_2byimvb9le', 'seed_nbwohj4ytb', 'seed_d2wugb6gke', 'dropped', 75, '2026-05-14T01:34:52.140Z', NULL, NULL, now(), now());
INSERT INTO "Progress" (id, "enrollmentId", "userId", "contentId", status, "timeSpentSec", score, "completedAt", "updatedAt")
SELECT 'seed_m6265fay3o', 'seed_v8ku4nf896', 'seed_2byimvb9le', c.id,
  CASE WHEN 75 = 0 THEN 'not_started' WHEN random() < 75/100.0 THEN 'completed' ELSE 'in_progress' END,
  1776, 100,
  CASE WHEN random() < 75/100.0 THEN now() ELSE NULL END, now()
FROM "Content" c JOIN "Module" m ON c."moduleId" = m.id WHERE m."courseId" = 'seed_nbwohj4ytb' LIMIT 5;
INSERT INTO "QuizAttempt" (id, "quizId", "enrollmentId", "userId", answers, score, "maxScore", percentage, passed, "startedAt", "submittedAt")
SELECT 'seed_9aq5v4j5h4', q.id, 'seed_v8ku4nf896', 'seed_2byimvb9le', '{}'::jsonb, 4.4, 5, 88, TRUE, now(), now()
FROM "Quiz" q WHERE q."courseId" = 'seed_nbwohj4ytb' LIMIT 1;
INSERT INTO "Enrollment" (id, "userId", "courseId", "campusId", status, "progressPct", "enrolledAt", "completedAt", "finalScore", "createdAt", "updatedAt") VALUES ('seed_meu1tt9m5p', 'seed_2byimvb9le', 'seed_kexkh585q6', 'seed_d2wugb6gke', 'completed', 100, '2026-07-04T01:34:52.140Z', '2026-07-11T01:34:52.140Z', 92, now(), now());
INSERT INTO "Progress" (id, "enrollmentId", "userId", "contentId", status, "timeSpentSec", score, "completedAt", "updatedAt")
SELECT 'seed_g5tfu547lu', 'seed_meu1tt9m5p', 'seed_2byimvb9le', c.id,
  CASE WHEN 100 = 0 THEN 'not_started' WHEN random() < 100/100.0 THEN 'completed' ELSE 'in_progress' END,
  617, 84,
  CASE WHEN random() < 100/100.0 THEN now() ELSE NULL END, now()
FROM "Content" c JOIN "Module" m ON c."moduleId" = m.id WHERE m."courseId" = 'seed_kexkh585q6' LIMIT 5;
INSERT INTO "QuizAttempt" (id, "quizId", "enrollmentId", "userId", answers, score, "maxScore", percentage, passed, "startedAt", "submittedAt")
SELECT 'seed_jiq8e3333j', q.id, 'seed_meu1tt9m5p', 'seed_2byimvb9le', '{}'::jsonb, 4.8, 5, 95, TRUE, now(), now()
FROM "Quiz" q WHERE q."courseId" = 'seed_kexkh585q6' LIMIT 1;
INSERT INTO "Certificate" (id, "certNumber", "userId", "courseId", "campusId", "enrollmentId", "verifyCode", title, "recipientName", "recipientIc", score, grade, "issuedAt", status, signature, "createdAt") VALUES ('seed_s1edmfsma8', 'JTM-2026-00001', 'seed_2byimvb9le', 'seed_kexkh585q6', 'seed_d2wugb6gke', 'seed_meu1tt9m5p', 'JTM-SEED_8GTP9HDQ6H', 'Sijil Penyiapan Kursus — Penilaian & Pentaksiran Kompetensi', 'Amir binti Abu', '0950157-57-8077', 92, 'A+', '2026-07-11T01:34:52.140Z', 'valid', 'Jabatan Tenaga Manusia (JTM)', now());
INSERT INTO "Enrollment" (id, "userId", "courseId", "campusId", status, "progressPct", "enrolledAt", "completedAt", "finalScore", "createdAt", "updatedAt") VALUES ('seed_4akgmk1w3k', 'seed_2byimvb9le', 'seed_1il16th4b', 'seed_d2wugb6gke', 'active', 15, '2026-07-02T01:34:52.140Z', NULL, NULL, now(), now());
INSERT INTO "Progress" (id, "enrollmentId", "userId", "contentId", status, "timeSpentSec", score, "completedAt", "updatedAt")
SELECT 'seed_dq8v1ya7rc', 'seed_4akgmk1w3k', 'seed_2byimvb9le', c.id,
  CASE WHEN 15 = 0 THEN 'not_started' WHEN random() < 15/100.0 THEN 'completed' ELSE 'in_progress' END,
  1749, NULL,
  CASE WHEN random() < 15/100.0 THEN now() ELSE NULL END, now()
FROM "Content" c JOIN "Module" m ON c."moduleId" = m.id WHERE m."courseId" = 'seed_1il16th4b' LIMIT 5;
INSERT INTO "Enrollment" (id, "userId", "courseId", "campusId", status, "progressPct", "enrolledAt", "completedAt", "finalScore", "createdAt", "updatedAt") VALUES ('seed_tm4psc53ti', 'seed_5ugcje1zcb', 'seed_9ymihyeggu', 'seed_d2wugb6gke', 'dropped', 60, '2026-06-14T01:34:52.140Z', NULL, NULL, now(), now());
INSERT INTO "Progress" (id, "enrollmentId", "userId", "contentId", status, "timeSpentSec", score, "completedAt", "updatedAt")
SELECT 'seed_fyq94xvg4k', 'seed_tm4psc53ti', 'seed_5ugcje1zcb', c.id,
  CASE WHEN 60 = 0 THEN 'not_started' WHEN random() < 60/100.0 THEN 'completed' ELSE 'in_progress' END,
  1287, 96,
  CASE WHEN random() < 60/100.0 THEN now() ELSE NULL END, now()
FROM "Content" c JOIN "Module" m ON c."moduleId" = m.id WHERE m."courseId" = 'seed_9ymihyeggu' LIMIT 5;
INSERT INTO "QuizAttempt" (id, "quizId", "enrollmentId", "userId", answers, score, "maxScore", percentage, passed, "startedAt", "submittedAt")
SELECT 'seed_jbfgwy6xnn', q.id, 'seed_tm4psc53ti', 'seed_5ugcje1zcb', '{}'::jsonb, 4.8, 5, 95, TRUE, now(), now()
FROM "Quiz" q WHERE q."courseId" = 'seed_9ymihyeggu' LIMIT 1;
INSERT INTO "Enrollment" (id, "userId", "courseId", "campusId", status, "progressPct", "enrolledAt", "completedAt", "finalScore", "createdAt", "updatedAt") VALUES ('seed_tyedlrpzq1', 'seed_5ugcje1zcb', 'seed_o9v14nv64z', 'seed_d2wugb6gke', 'active', 75, '2026-05-26T01:34:52.140Z', NULL, NULL, now(), now());
INSERT INTO "Progress" (id, "enrollmentId", "userId", "contentId", status, "timeSpentSec", score, "completedAt", "updatedAt")
SELECT 'seed_8h1dnpm60w', 'seed_tyedlrpzq1', 'seed_5ugcje1zcb', c.id,
  CASE WHEN 75 = 0 THEN 'not_started' WHEN random() < 75/100.0 THEN 'completed' ELSE 'in_progress' END,
  306, 87,
  CASE WHEN random() < 75/100.0 THEN now() ELSE NULL END, now()
FROM "Content" c JOIN "Module" m ON c."moduleId" = m.id WHERE m."courseId" = 'seed_o9v14nv64z' LIMIT 5;
INSERT INTO "QuizAttempt" (id, "quizId", "enrollmentId", "userId", answers, score, "maxScore", percentage, passed, "startedAt", "submittedAt")
SELECT 'seed_1mn3f2o2kk', q.id, 'seed_tyedlrpzq1', 'seed_5ugcje1zcb', '{}'::jsonb, 4.8, 5, 95, TRUE, now(), now()
FROM "Quiz" q WHERE q."courseId" = 'seed_o9v14nv64z' LIMIT 1;
INSERT INTO "Enrollment" (id, "userId", "courseId", "campusId", status, "progressPct", "enrolledAt", "completedAt", "finalScore", "createdAt", "updatedAt") VALUES ('seed_xadnroplf4', 'seed_m8g7gpoysz', 'seed_o9v14nv64z', 'seed_d2wugb6gke', 'completed', 100, '2026-04-21T01:34:52.140Z', '2026-07-10T01:34:52.140Z', 88, now(), now());
INSERT INTO "Progress" (id, "enrollmentId", "userId", "contentId", status, "timeSpentSec", score, "completedAt", "updatedAt")
SELECT 'seed_dkhf7qqyf0', 'seed_xadnroplf4', 'seed_m8g7gpoysz', c.id,
  CASE WHEN 100 = 0 THEN 'not_started' WHEN random() < 100/100.0 THEN 'completed' ELSE 'in_progress' END,
  948, 82,
  CASE WHEN random() < 100/100.0 THEN now() ELSE NULL END, now()
FROM "Content" c JOIN "Module" m ON c."moduleId" = m.id WHERE m."courseId" = 'seed_o9v14nv64z' LIMIT 5;
INSERT INTO "QuizAttempt" (id, "quizId", "enrollmentId", "userId", answers, score, "maxScore", percentage, passed, "startedAt", "submittedAt")
SELECT 'seed_rmdx13goz3', q.id, 'seed_xadnroplf4', 'seed_m8g7gpoysz', '{}'::jsonb, 2.8, 5, 55, FALSE, now(), now()
FROM "Quiz" q WHERE q."courseId" = 'seed_o9v14nv64z' LIMIT 1;
INSERT INTO "Certificate" (id, "certNumber", "userId", "courseId", "campusId", "enrollmentId", "verifyCode", title, "recipientName", "recipientIc", score, grade, "issuedAt", status, signature, "createdAt") VALUES ('seed_943ythtasm', 'JTM-2026-00002', 'seed_m8g7gpoysz', 'seed_o9v14nv64z', 'seed_d2wugb6gke', 'seed_xadnroplf4', 'JTM-SEED_K6T09RHGZK', 'Sijil Penyiapan Kursus — Asas Mekatronik & Automasi', 'Daniel bin Goh', '0194800-81-3719', 88, 'A', '2026-07-10T01:34:52.140Z', 'valid', 'Jabatan Tenaga Manusia (JTM)', now());
INSERT INTO "Enrollment" (id, "userId", "courseId", "campusId", status, "progressPct", "enrolledAt", "completedAt", "finalScore", "createdAt", "updatedAt") VALUES ('seed_t5hjz1mtsb', 'seed_m8g7gpoysz', 'seed_syhudgyexr', 'seed_d2wugb6gke', 'dropped', 75, '2026-05-30T01:34:52.140Z', NULL, NULL, now(), now());
INSERT INTO "Progress" (id, "enrollmentId", "userId", "contentId", status, "timeSpentSec", score, "completedAt", "updatedAt")
SELECT 'seed_msjoxy1116', 'seed_t5hjz1mtsb', 'seed_m8g7gpoysz', c.id,
  CASE WHEN 75 = 0 THEN 'not_started' WHEN random() < 75/100.0 THEN 'completed' ELSE 'in_progress' END,
  1449, 87,
  CASE WHEN random() < 75/100.0 THEN now() ELSE NULL END, now()
FROM "Content" c JOIN "Module" m ON c."moduleId" = m.id WHERE m."courseId" = 'seed_syhudgyexr' LIMIT 5;
INSERT INTO "QuizAttempt" (id, "quizId", "enrollmentId", "userId", answers, score, "maxScore", percentage, passed, "startedAt", "submittedAt")
SELECT 'seed_a32gybtahq', q.id, 'seed_t5hjz1mtsb', 'seed_m8g7gpoysz', '{}'::jsonb, 3.6, 5, 72, TRUE, now(), now()
FROM "Quiz" q WHERE q."courseId" = 'seed_syhudgyexr' LIMIT 1;
INSERT INTO "Enrollment" (id, "userId", "courseId", "campusId", status, "progressPct", "enrolledAt", "completedAt", "finalScore", "createdAt", "updatedAt") VALUES ('seed_zb54sfoqnm', 'seed_m8g7gpoysz', 'seed_5z264ndb0n', 'seed_d2wugb6gke', 'active', 60, '2026-06-03T01:34:52.140Z', NULL, NULL, now(), now());
INSERT INTO "Progress" (id, "enrollmentId", "userId", "contentId", status, "timeSpentSec", score, "completedAt", "updatedAt")
SELECT 'seed_gtdknwf4aj', 'seed_zb54sfoqnm', 'seed_m8g7gpoysz', c.id,
  CASE WHEN 60 = 0 THEN 'not_started' WHEN random() < 60/100.0 THEN 'completed' ELSE 'in_progress' END,
  564, 100,
  CASE WHEN random() < 60/100.0 THEN now() ELSE NULL END, now()
FROM "Content" c JOIN "Module" m ON c."moduleId" = m.id WHERE m."courseId" = 'seed_5z264ndb0n' LIMIT 5;
INSERT INTO "QuizAttempt" (id, "quizId", "enrollmentId", "userId", answers, score, "maxScore", percentage, passed, "startedAt", "submittedAt")
SELECT 'seed_v3mbbmt0zc', q.id, 'seed_zb54sfoqnm', 'seed_m8g7gpoysz', '{}'::jsonb, 2.8, 5, 55, FALSE, now(), now()
FROM "Quiz" q WHERE q."courseId" = 'seed_5z264ndb0n' LIMIT 1;
INSERT INTO "Enrollment" (id, "userId", "courseId", "campusId", status, "progressPct", "enrolledAt", "completedAt", "finalScore", "createdAt", "updatedAt") VALUES ('seed_2m6xluob2n', 'seed_m8g7gpoysz', 'seed_stnjq5tleu', 'seed_d2wugb6gke', 'dropped', 30, '2026-04-29T01:34:52.140Z', NULL, NULL, now(), now());
INSERT INTO "Progress" (id, "enrollmentId", "userId", "contentId", status, "timeSpentSec", score, "completedAt", "updatedAt")
SELECT 'seed_rweke4fafs', 'seed_2m6xluob2n', 'seed_m8g7gpoysz', c.id,
  CASE WHEN 30 = 0 THEN 'not_started' WHEN random() < 30/100.0 THEN 'completed' ELSE 'in_progress' END,
  514, 89,
  CASE WHEN random() < 30/100.0 THEN now() ELSE NULL END, now()
FROM "Content" c JOIN "Module" m ON c."moduleId" = m.id WHERE m."courseId" = 'seed_stnjq5tleu' LIMIT 5;
INSERT INTO "QuizAttempt" (id, "quizId", "enrollmentId", "userId", answers, score, "maxScore", percentage, passed, "startedAt", "submittedAt")
SELECT 'seed_9zvsm2rl1y', q.id, 'seed_2m6xluob2n', 'seed_m8g7gpoysz', '{}'::jsonb, 4, 5, 80, TRUE, now(), now()
FROM "Quiz" q WHERE q."courseId" = 'seed_stnjq5tleu' LIMIT 1;
INSERT INTO "Enrollment" (id, "userId", "courseId", "campusId", status, "progressPct", "enrolledAt", "completedAt", "finalScore", "createdAt", "updatedAt") VALUES ('seed_mhvx0k1zwl', 'seed_w756k3hoeq', 'seed_hwrkmeo2iv', 'seed_easf1g4whj', 'completed', 100, '2026-05-07T01:34:52.140Z', '2026-07-09T01:34:52.140Z', 72, now(), now());
INSERT INTO "Progress" (id, "enrollmentId", "userId", "contentId", status, "timeSpentSec", score, "completedAt", "updatedAt")
SELECT 'seed_ixrlxxmy7w', 'seed_mhvx0k1zwl', 'seed_w756k3hoeq', c.id,
  CASE WHEN 100 = 0 THEN 'not_started' WHEN random() < 100/100.0 THEN 'completed' ELSE 'in_progress' END,
  147, 89,
  CASE WHEN random() < 100/100.0 THEN now() ELSE NULL END, now()
FROM "Content" c JOIN "Module" m ON c."moduleId" = m.id WHERE m."courseId" = 'seed_hwrkmeo2iv' LIMIT 5;
INSERT INTO "QuizAttempt" (id, "quizId", "enrollmentId", "userId", answers, score, "maxScore", percentage, passed, "startedAt", "submittedAt")
SELECT 'seed_xihk8hl4nr', q.id, 'seed_mhvx0k1zwl', 'seed_w756k3hoeq', '{}'::jsonb, 4.8, 5, 95, TRUE, now(), now()
FROM "Quiz" q WHERE q."courseId" = 'seed_hwrkmeo2iv' LIMIT 1;
INSERT INTO "Certificate" (id, "certNumber", "userId", "courseId", "campusId", "enrollmentId", "verifyCode", title, "recipientName", "recipientIc", score, grade, "issuedAt", status, signature, "createdAt") VALUES ('seed_23crrh5foj', 'JTM-2026-00003', 'seed_w756k3hoeq', 'seed_hwrkmeo2iv', 'seed_easf1g4whj', 'seed_mhvx0k1zwl', 'JTM-SEED_LXTDN74BR1', 'Sijil Penyiapan Kursus — Pembaikan Litar Elektronik', 'Farah binti Lee', '0571132-52-5928', 72, 'B+', '2026-07-09T01:34:52.140Z', 'valid', 'Jabatan Tenaga Manusia (JTM)', now());
INSERT INTO "Enrollment" (id, "userId", "courseId", "campusId", status, "progressPct", "enrolledAt", "completedAt", "finalScore", "createdAt", "updatedAt") VALUES ('seed_pk295sxlri', 'seed_w756k3hoeq', 'seed_jq28ekd6w1', 'seed_easf1g4whj', 'active', 15, '2026-06-13T01:34:52.140Z', NULL, NULL, now(), now());
INSERT INTO "Progress" (id, "enrollmentId", "userId", "contentId", status, "timeSpentSec", score, "completedAt", "updatedAt")
SELECT 'seed_rjulvnhvtj', 'seed_pk295sxlri', 'seed_w756k3hoeq', c.id,
  CASE WHEN 15 = 0 THEN 'not_started' WHEN random() < 15/100.0 THEN 'completed' ELSE 'in_progress' END,
  1169, NULL,
  CASE WHEN random() < 15/100.0 THEN now() ELSE NULL END, now()
FROM "Content" c JOIN "Module" m ON c."moduleId" = m.id WHERE m."courseId" = 'seed_jq28ekd6w1' LIMIT 5;
INSERT INTO "Enrollment" (id, "userId", "courseId", "campusId", status, "progressPct", "enrolledAt", "completedAt", "finalScore", "createdAt", "updatedAt") VALUES ('seed_mts3bwrbit', 'seed_w756k3hoeq', 'seed_9ymihyeggu', 'seed_easf1g4whj', 'active', 60, '2026-04-28T01:34:52.140Z', NULL, NULL, now(), now());
INSERT INTO "Progress" (id, "enrollmentId", "userId", "contentId", status, "timeSpentSec", score, "completedAt", "updatedAt")
SELECT 'seed_bjtkfkt4as', 'seed_mts3bwrbit', 'seed_w756k3hoeq', c.id,
  CASE WHEN 60 = 0 THEN 'not_started' WHEN random() < 60/100.0 THEN 'completed' ELSE 'in_progress' END,
  854, 77,
  CASE WHEN random() < 60/100.0 THEN now() ELSE NULL END, now()
FROM "Content" c JOIN "Module" m ON c."moduleId" = m.id WHERE m."courseId" = 'seed_9ymihyeggu' LIMIT 5;
INSERT INTO "QuizAttempt" (id, "quizId", "enrollmentId", "userId", answers, score, "maxScore", percentage, passed, "startedAt", "submittedAt")
SELECT 'seed_i7m76xvdtj', q.id, 'seed_mts3bwrbit', 'seed_w756k3hoeq', '{}'::jsonb, 3.3, 5, 65, TRUE, now(), now()
FROM "Quiz" q WHERE q."courseId" = 'seed_9ymihyeggu' LIMIT 1;
INSERT INTO "Enrollment" (id, "userId", "courseId", "campusId", status, "progressPct", "enrolledAt", "completedAt", "finalScore", "createdAt", "updatedAt") VALUES ('seed_3qvygdhp16', 'seed_w756k3hoeq', 'seed_y1g3nc1n2h', 'seed_easf1g4whj', 'active', 60, '2026-07-01T01:34:52.140Z', NULL, NULL, now(), now());
INSERT INTO "Progress" (id, "enrollmentId", "userId", "contentId", status, "timeSpentSec", score, "completedAt", "updatedAt")
SELECT 'seed_f8rd97uu61', 'seed_3qvygdhp16', 'seed_w756k3hoeq', c.id,
  CASE WHEN 60 = 0 THEN 'not_started' WHEN random() < 60/100.0 THEN 'completed' ELSE 'in_progress' END,
  71, 79,
  CASE WHEN random() < 60/100.0 THEN now() ELSE NULL END, now()
FROM "Content" c JOIN "Module" m ON c."moduleId" = m.id WHERE m."courseId" = 'seed_y1g3nc1n2h' LIMIT 5;
INSERT INTO "QuizAttempt" (id, "quizId", "enrollmentId", "userId", answers, score, "maxScore", percentage, passed, "startedAt", "submittedAt")
SELECT 'seed_mf6r7lxzjp', q.id, 'seed_3qvygdhp16', 'seed_w756k3hoeq', '{}'::jsonb, 2.8, 5, 55, FALSE, now(), now()
FROM "Quiz" q WHERE q."courseId" = 'seed_y1g3nc1n2h' LIMIT 1;
INSERT INTO "Enrollment" (id, "userId", "courseId", "campusId", status, "progressPct", "enrolledAt", "completedAt", "finalScore", "createdAt", "updatedAt") VALUES ('seed_vkyj80wvgc', 'seed_ehq80jv59h', 'seed_2eu7xhrc4p', 'seed_easf1g4whj', 'completed', 100, '2026-05-05T01:34:52.140Z', '2026-07-05T01:34:52.140Z', 88, now(), now());
INSERT INTO "Progress" (id, "enrollmentId", "userId", "contentId", status, "timeSpentSec", score, "completedAt", "updatedAt")
SELECT 'seed_w67jwitm7w', 'seed_vkyj80wvgc', 'seed_ehq80jv59h', c.id,
  CASE WHEN 100 = 0 THEN 'not_started' WHEN random() < 100/100.0 THEN 'completed' ELSE 'in_progress' END,
  1757, 83,
  CASE WHEN random() < 100/100.0 THEN now() ELSE NULL END, now()
FROM "Content" c JOIN "Module" m ON c."moduleId" = m.id WHERE m."courseId" = 'seed_2eu7xhrc4p' LIMIT 5;
INSERT INTO "QuizAttempt" (id, "quizId", "enrollmentId", "userId", answers, score, "maxScore", percentage, passed, "startedAt", "submittedAt")
SELECT 'seed_hvugqek02r', q.id, 'seed_vkyj80wvgc', 'seed_ehq80jv59h', '{}'::jsonb, 4.8, 5, 95, TRUE, now(), now()
FROM "Quiz" q WHERE q."courseId" = 'seed_2eu7xhrc4p' LIMIT 1;
INSERT INTO "Certificate" (id, "certNumber", "userId", "courseId", "campusId", "enrollmentId", "verifyCode", title, "recipientName", "recipientIc", score, grade, "issuedAt", status, signature, "createdAt") VALUES ('seed_fwhny1g0wh', 'JTM-2026-00004', 'seed_ehq80jv59h', 'seed_2eu7xhrc4p', 'seed_easf1g4whj', 'seed_vkyj80wvgc', 'JTM-SEED_1241F8BERZ', 'Sijil Penyiapan Kursus — Pangkalan Data & SQL Lanjut', 'Hakim bin Goh', '0912636-69-6043', 88, 'A', '2026-07-05T01:34:52.140Z', 'valid', 'Jabatan Tenaga Manusia (JTM)', now());
INSERT INTO "Enrollment" (id, "userId", "courseId", "campusId", status, "progressPct", "enrolledAt", "completedAt", "finalScore", "createdAt", "updatedAt") VALUES ('seed_z1zlj7e4xn', 'seed_ehq80jv59h', 'seed_qzqoic5n7v', 'seed_easf1g4whj', 'active', 75, '2026-04-20T01:34:52.140Z', NULL, NULL, now(), now());
INSERT INTO "Progress" (id, "enrollmentId", "userId", "contentId", status, "timeSpentSec", score, "completedAt", "updatedAt")
SELECT 'seed_01a90ja62m', 'seed_z1zlj7e4xn', 'seed_ehq80jv59h', c.id,
  CASE WHEN 75 = 0 THEN 'not_started' WHEN random() < 75/100.0 THEN 'completed' ELSE 'in_progress' END,
  261, 85,
  CASE WHEN random() < 75/100.0 THEN now() ELSE NULL END, now()
FROM "Content" c JOIN "Module" m ON c."moduleId" = m.id WHERE m."courseId" = 'seed_qzqoic5n7v' LIMIT 5;
INSERT INTO "QuizAttempt" (id, "quizId", "enrollmentId", "userId", answers, score, "maxScore", percentage, passed, "startedAt", "submittedAt")
SELECT 'seed_s4jtod92o2', q.id, 'seed_z1zlj7e4xn', 'seed_ehq80jv59h', '{}'::jsonb, 3.6, 5, 72, TRUE, now(), now()
FROM "Quiz" q WHERE q."courseId" = 'seed_qzqoic5n7v' LIMIT 1;
INSERT INTO "Enrollment" (id, "userId", "courseId", "campusId", status, "progressPct", "enrolledAt", "completedAt", "finalScore", "createdAt", "updatedAt") VALUES ('seed_lr9u9tdv6q', 'seed_ehq80jv59h', 'seed_syhudgyexr', 'seed_easf1g4whj', 'active', 75, '2026-05-09T01:34:52.140Z', NULL, NULL, now(), now());
INSERT INTO "Progress" (id, "enrollmentId", "userId", "contentId", status, "timeSpentSec", score, "completedAt", "updatedAt")
SELECT 'seed_sp2sykhvf1', 'seed_lr9u9tdv6q', 'seed_ehq80jv59h', c.id,
  CASE WHEN 75 = 0 THEN 'not_started' WHEN random() < 75/100.0 THEN 'completed' ELSE 'in_progress' END,
  447, 92,
  CASE WHEN random() < 75/100.0 THEN now() ELSE NULL END, now()
FROM "Content" c JOIN "Module" m ON c."moduleId" = m.id WHERE m."courseId" = 'seed_syhudgyexr' LIMIT 5;
INSERT INTO "QuizAttempt" (id, "quizId", "enrollmentId", "userId", answers, score, "maxScore", percentage, passed, "startedAt", "submittedAt")
SELECT 'seed_5hc8il9uuh', q.id, 'seed_lr9u9tdv6q', 'seed_ehq80jv59h', '{}'::jsonb, 4, 5, 80, TRUE, now(), now()
FROM "Quiz" q WHERE q."courseId" = 'seed_syhudgyexr' LIMIT 1;
INSERT INTO "Enrollment" (id, "userId", "courseId", "campusId", status, "progressPct", "enrolledAt", "completedAt", "finalScore", "createdAt", "updatedAt") VALUES ('seed_rqcgxlztg8', 'seed_ehq80jv59h', 'seed_eicszf6b92', 'seed_easf1g4whj', 'active', 0, '2026-04-28T01:34:52.140Z', NULL, NULL, now(), now());
INSERT INTO "Progress" (id, "enrollmentId", "userId", "contentId", status, "timeSpentSec", score, "completedAt", "updatedAt")
SELECT 'seed_a0clfe1ieh', 'seed_rqcgxlztg8', 'seed_ehq80jv59h', c.id,
  CASE WHEN 0 = 0 THEN 'not_started' WHEN random() < 0/100.0 THEN 'completed' ELSE 'in_progress' END,
  774, NULL,
  CASE WHEN random() < 0/100.0 THEN now() ELSE NULL END, now()
FROM "Content" c JOIN "Module" m ON c."moduleId" = m.id WHERE m."courseId" = 'seed_eicszf6b92' LIMIT 5;
INSERT INTO "Enrollment" (id, "userId", "courseId", "campusId", status, "progressPct", "enrolledAt", "completedAt", "finalScore", "createdAt", "updatedAt") VALUES ('seed_wf8c3j3vmn', 'seed_judmi6i79u', 'seed_p042jx6oqv', 'seed_2u2ynx3qot', 'completed', 100, '2026-05-23T01:34:52.140Z', '2026-07-09T01:34:52.140Z', 72, now(), now());
INSERT INTO "Progress" (id, "enrollmentId", "userId", "contentId", status, "timeSpentSec", score, "completedAt", "updatedAt")
SELECT 'seed_z34erwy59k', 'seed_wf8c3j3vmn', 'seed_judmi6i79u', c.id,
  CASE WHEN 100 = 0 THEN 'not_started' WHEN random() < 100/100.0 THEN 'completed' ELSE 'in_progress' END,
  488, 80,
  CASE WHEN random() < 100/100.0 THEN now() ELSE NULL END, now()
FROM "Content" c JOIN "Module" m ON c."moduleId" = m.id WHERE m."courseId" = 'seed_p042jx6oqv' LIMIT 5;
INSERT INTO "QuizAttempt" (id, "quizId", "enrollmentId", "userId", answers, score, "maxScore", percentage, passed, "startedAt", "submittedAt")
SELECT 'seed_n5e6zh2rqk', q.id, 'seed_wf8c3j3vmn', 'seed_judmi6i79u', '{}'::jsonb, 2.8, 5, 55, FALSE, now(), now()
FROM "Quiz" q WHERE q."courseId" = 'seed_p042jx6oqv' LIMIT 1;
INSERT INTO "Certificate" (id, "certNumber", "userId", "courseId", "campusId", "enrollmentId", "verifyCode", title, "recipientName", "recipientIc", score, grade, "issuedAt", status, signature, "createdAt") VALUES ('seed_4l3s1wb3vs', 'JTM-2026-00005', 'seed_judmi6i79u', 'seed_p042jx6oqv', 'seed_2u2ynx3qot', 'seed_wf8c3j3vmn', 'JTM-SEED_TLA6CNUTL', 'Sijil Penyiapan Kursus — Pengendalian Mesin CNC', 'Nadia binti Lee', '0243141-48-4235', 72, 'B+', '2026-07-09T01:34:52.140Z', 'valid', 'Jabatan Tenaga Manusia (JTM)', now());
INSERT INTO "Enrollment" (id, "userId", "courseId", "campusId", status, "progressPct", "enrolledAt", "completedAt", "finalScore", "createdAt", "updatedAt") VALUES ('seed_baieb3rof4', 'seed_judmi6i79u', 'seed_72famd8zty', 'seed_2u2ynx3qot', 'active', 30, '2026-04-28T01:34:52.140Z', NULL, NULL, now(), now());
INSERT INTO "Progress" (id, "enrollmentId", "userId", "contentId", status, "timeSpentSec", score, "completedAt", "updatedAt")
SELECT 'seed_qmdieii78l', 'seed_baieb3rof4', 'seed_judmi6i79u', c.id,
  CASE WHEN 30 = 0 THEN 'not_started' WHEN random() < 30/100.0 THEN 'completed' ELSE 'in_progress' END,
  189, 73,
  CASE WHEN random() < 30/100.0 THEN now() ELSE NULL END, now()
FROM "Content" c JOIN "Module" m ON c."moduleId" = m.id WHERE m."courseId" = 'seed_72famd8zty' LIMIT 5;
INSERT INTO "QuizAttempt" (id, "quizId", "enrollmentId", "userId", answers, score, "maxScore", percentage, passed, "startedAt", "submittedAt")
SELECT 'seed_xgz366j9y6', q.id, 'seed_baieb3rof4', 'seed_judmi6i79u', '{}'::jsonb, 3.3, 5, 65, TRUE, now(), now()
FROM "Quiz" q WHERE q."courseId" = 'seed_72famd8zty' LIMIT 1;
INSERT INTO "Enrollment" (id, "userId", "courseId", "campusId", status, "progressPct", "enrolledAt", "completedAt", "finalScore", "createdAt", "updatedAt") VALUES ('seed_u6go0ts07s', 'seed_judmi6i79u', 'seed_jq28ekd6w1', 'seed_2u2ynx3qot', 'active', 45, '2026-06-19T01:34:52.140Z', NULL, NULL, now(), now());
INSERT INTO "Progress" (id, "enrollmentId", "userId", "contentId", status, "timeSpentSec", score, "completedAt", "updatedAt")
SELECT 'seed_rxvj0xd8xj', 'seed_u6go0ts07s', 'seed_judmi6i79u', c.id,
  CASE WHEN 45 = 0 THEN 'not_started' WHEN random() < 45/100.0 THEN 'completed' ELSE 'in_progress' END,
  824, 74,
  CASE WHEN random() < 45/100.0 THEN now() ELSE NULL END, now()
FROM "Content" c JOIN "Module" m ON c."moduleId" = m.id WHERE m."courseId" = 'seed_jq28ekd6w1' LIMIT 5;
INSERT INTO "QuizAttempt" (id, "quizId", "enrollmentId", "userId", answers, score, "maxScore", percentage, passed, "startedAt", "submittedAt")
SELECT 'seed_gd1z6okt6w', q.id, 'seed_u6go0ts07s', 'seed_judmi6i79u', '{}'::jsonb, 3.3, 5, 65, TRUE, now(), now()
FROM "Quiz" q WHERE q."courseId" = 'seed_jq28ekd6w1' LIMIT 1;
INSERT INTO "Enrollment" (id, "userId", "courseId", "campusId", status, "progressPct", "enrolledAt", "completedAt", "finalScore", "createdAt", "updatedAt") VALUES ('seed_7qdf7dcf9o', 'seed_88ai0ke5wr', 'seed_wvic8hdr1l', 'seed_n7cfvq4mxg', 'completed', 100, '2026-06-05T01:34:52.140Z', '2026-07-15T01:34:52.140Z', 98, now(), now());
INSERT INTO "Progress" (id, "enrollmentId", "userId", "contentId", status, "timeSpentSec", score, "completedAt", "updatedAt")
SELECT 'seed_gkvz4gw6be', 'seed_7qdf7dcf9o', 'seed_88ai0ke5wr', c.id,
  CASE WHEN 100 = 0 THEN 'not_started' WHEN random() < 100/100.0 THEN 'completed' ELSE 'in_progress' END,
  1185, 95,
  CASE WHEN random() < 100/100.0 THEN now() ELSE NULL END, now()
FROM "Content" c JOIN "Module" m ON c."moduleId" = m.id WHERE m."courseId" = 'seed_wvic8hdr1l' LIMIT 5;
INSERT INTO "QuizAttempt" (id, "quizId", "enrollmentId", "userId", answers, score, "maxScore", percentage, passed, "startedAt", "submittedAt")
SELECT 'seed_oz8nyfkuca', q.id, 'seed_7qdf7dcf9o', 'seed_88ai0ke5wr', '{}'::jsonb, 3.6, 5, 72, TRUE, now(), now()
FROM "Quiz" q WHERE q."courseId" = 'seed_wvic8hdr1l' LIMIT 1;
INSERT INTO "Certificate" (id, "certNumber", "userId", "courseId", "campusId", "enrollmentId", "verifyCode", title, "recipientName", "recipientIc", score, grade, "issuedAt", status, signature, "createdAt") VALUES ('seed_yjq7numjsc', 'JTM-2026-00006', 'seed_88ai0ke5wr', 'seed_wvic8hdr1l', 'seed_n7cfvq4mxg', 'seed_7qdf7dcf9o', 'JTM-SEED_54VCXD84DN', 'Sijil Penyiapan Kursus — Penyelenggaraan Enjin Kenderaan Moden', 'Ariff bin Raju', '0546779-34-9889', 98, 'A+', '2026-07-15T01:34:52.140Z', 'valid', 'Jabatan Tenaga Manusia (JTM)', now());
INSERT INTO "Enrollment" (id, "userId", "courseId", "campusId", status, "progressPct", "enrolledAt", "completedAt", "finalScore", "createdAt", "updatedAt") VALUES ('seed_a9or36d6q1', 'seed_88ai0ke5wr', 'seed_1il16th4b', 'seed_n7cfvq4mxg', 'active', 75, '2026-05-23T01:34:52.141Z', NULL, NULL, now(), now());
INSERT INTO "Progress" (id, "enrollmentId", "userId", "contentId", status, "timeSpentSec", score, "completedAt", "updatedAt")
SELECT 'seed_j89q4sjdby', 'seed_a9or36d6q1', 'seed_88ai0ke5wr', c.id,
  CASE WHEN 75 = 0 THEN 'not_started' WHEN random() < 75/100.0 THEN 'completed' ELSE 'in_progress' END,
  712, 74,
  CASE WHEN random() < 75/100.0 THEN now() ELSE NULL END, now()
FROM "Content" c JOIN "Module" m ON c."moduleId" = m.id WHERE m."courseId" = 'seed_1il16th4b' LIMIT 5;
INSERT INTO "QuizAttempt" (id, "quizId", "enrollmentId", "userId", answers, score, "maxScore", percentage, passed, "startedAt", "submittedAt")
SELECT 'seed_s4gparqrf1', q.id, 'seed_a9or36d6q1', 'seed_88ai0ke5wr', '{}'::jsonb, 4, 5, 80, TRUE, now(), now()
FROM "Quiz" q WHERE q."courseId" = 'seed_1il16th4b' LIMIT 1;
INSERT INTO "Enrollment" (id, "userId", "courseId", "campusId", status, "progressPct", "enrolledAt", "completedAt", "finalScore", "createdAt", "updatedAt") VALUES ('seed_nelip8t0qr', 'seed_88ai0ke5wr', 'seed_stnjq5tleu', 'seed_n7cfvq4mxg', 'completed', 100, '2026-04-21T01:34:52.141Z', '2026-07-14T01:34:52.141Z', 65, now(), now());
INSERT INTO "Progress" (id, "enrollmentId", "userId", "contentId", status, "timeSpentSec", score, "completedAt", "updatedAt")
SELECT 'seed_47mj1fl4tm', 'seed_nelip8t0qr', 'seed_88ai0ke5wr', c.id,
  CASE WHEN 100 = 0 THEN 'not_started' WHEN random() < 100/100.0 THEN 'completed' ELSE 'in_progress' END,
  1643, 87,
  CASE WHEN random() < 100/100.0 THEN now() ELSE NULL END, now()
FROM "Content" c JOIN "Module" m ON c."moduleId" = m.id WHERE m."courseId" = 'seed_stnjq5tleu' LIMIT 5;
INSERT INTO "QuizAttempt" (id, "quizId", "enrollmentId", "userId", answers, score, "maxScore", percentage, passed, "startedAt", "submittedAt")
SELECT 'seed_87q6o4vzzc', q.id, 'seed_nelip8t0qr', 'seed_88ai0ke5wr', '{}'::jsonb, 4, 5, 80, TRUE, now(), now()
FROM "Quiz" q WHERE q."courseId" = 'seed_stnjq5tleu' LIMIT 1;
INSERT INTO "Certificate" (id, "certNumber", "userId", "courseId", "campusId", "enrollmentId", "verifyCode", title, "recipientName", "recipientIc", score, grade, "issuedAt", status, signature, "createdAt") VALUES ('seed_b1i0td3uat', 'JTM-2026-00007', 'seed_88ai0ke5wr', 'seed_stnjq5tleu', 'seed_n7cfvq4mxg', 'seed_nelip8t0qr', 'JTM-SEED_IR6OQ0Q2C8', 'Sijil Penyiapan Kursus — Penilaian & Pentaksiran Kompetensi', 'Ariff bin Raju', '0534050-11-9684', 65, 'B', '2026-07-14T01:34:52.141Z', 'valid', 'Jabatan Tenaga Manusia (JTM)', now());
INSERT INTO "Enrollment" (id, "userId", "courseId", "campusId", status, "progressPct", "enrolledAt", "completedAt", "finalScore", "createdAt", "updatedAt") VALUES ('seed_hhb175isfn', 'seed_cqck03d9qi', 'seed_2eu7xhrc4p', 'seed_ydmfp9hceb', 'completed', 100, '2026-06-08T01:34:52.141Z', '2026-07-14T01:34:52.141Z', 95, now(), now());
INSERT INTO "Progress" (id, "enrollmentId", "userId", "contentId", status, "timeSpentSec", score, "completedAt", "updatedAt")
SELECT 'seed_k7htab3tf9', 'seed_hhb175isfn', 'seed_cqck03d9qi', c.id,
  CASE WHEN 100 = 0 THEN 'not_started' WHEN random() < 100/100.0 THEN 'completed' ELSE 'in_progress' END,
  1509, 96,
  CASE WHEN random() < 100/100.0 THEN now() ELSE NULL END, now()
FROM "Content" c JOIN "Module" m ON c."moduleId" = m.id WHERE m."courseId" = 'seed_2eu7xhrc4p' LIMIT 5;
INSERT INTO "QuizAttempt" (id, "quizId", "enrollmentId", "userId", answers, score, "maxScore", percentage, passed, "startedAt", "submittedAt")
SELECT 'seed_ghksre0uy0', q.id, 'seed_hhb175isfn', 'seed_cqck03d9qi', '{}'::jsonb, 4.8, 5, 95, TRUE, now(), now()
FROM "Quiz" q WHERE q."courseId" = 'seed_2eu7xhrc4p' LIMIT 1;
INSERT INTO "Certificate" (id, "certNumber", "userId", "courseId", "campusId", "enrollmentId", "verifyCode", title, "recipientName", "recipientIc", score, grade, "issuedAt", status, signature, "createdAt") VALUES ('seed_fo8d0jv67r', 'JTM-2026-00008', 'seed_cqck03d9qi', 'seed_2eu7xhrc4p', 'seed_ydmfp9hceb', 'seed_hhb175isfn', 'JTM-SEED_H0PCWTH6AL', 'Sijil Penyiapan Kursus — Pangkalan Data & SQL Lanjut', 'Zara binti Abu', '0221407-22-3646', 95, 'A+', '2026-07-14T01:34:52.141Z', 'valid', 'Jabatan Tenaga Manusia (JTM)', now());
INSERT INTO "Enrollment" (id, "userId", "courseId", "campusId", status, "progressPct", "enrolledAt", "completedAt", "finalScore", "createdAt", "updatedAt") VALUES ('seed_g1iwec144z', 'seed_cqck03d9qi', 'seed_72famd8zty', 'seed_ydmfp9hceb', 'completed', 100, '2026-06-15T01:34:52.141Z', '2026-07-11T01:34:52.141Z', 92, now(), now());
INSERT INTO "Progress" (id, "enrollmentId", "userId", "contentId", status, "timeSpentSec", score, "completedAt", "updatedAt")
SELECT 'seed_bzrlsrc30f', 'seed_g1iwec144z', 'seed_cqck03d9qi', c.id,
  CASE WHEN 100 = 0 THEN 'not_started' WHEN random() < 100/100.0 THEN 'completed' ELSE 'in_progress' END,
  1159, 85,
  CASE WHEN random() < 100/100.0 THEN now() ELSE NULL END, now()
FROM "Content" c JOIN "Module" m ON c."moduleId" = m.id WHERE m."courseId" = 'seed_72famd8zty' LIMIT 5;
INSERT INTO "QuizAttempt" (id, "quizId", "enrollmentId", "userId", answers, score, "maxScore", percentage, passed, "startedAt", "submittedAt")
SELECT 'seed_y7yrmttng1', q.id, 'seed_g1iwec144z', 'seed_cqck03d9qi', '{}'::jsonb, 4, 5, 80, TRUE, now(), now()
FROM "Quiz" q WHERE q."courseId" = 'seed_72famd8zty' LIMIT 1;
INSERT INTO "Certificate" (id, "certNumber", "userId", "courseId", "campusId", "enrollmentId", "verifyCode", title, "recipientName", "recipientIc", score, grade, "issuedAt", status, signature, "createdAt") VALUES ('seed_d5qlhftovp', 'JTM-2026-00009', 'seed_cqck03d9qi', 'seed_72famd8zty', 'seed_ydmfp9hceb', 'seed_g1iwec144z', 'JTM-SEED_I1F6UZUA9A', 'Sijil Penyiapan Kursus — Reka Bentuk Pakaian Digital', 'Zara binti Abu', '0985740-15-5916', 92, 'A+', '2026-07-11T01:34:52.141Z', 'valid', 'Jabatan Tenaga Manusia (JTM)', now());
INSERT INTO "Enrollment" (id, "userId", "courseId", "campusId", status, "progressPct", "enrolledAt", "completedAt", "finalScore", "createdAt", "updatedAt") VALUES ('seed_pxecgc397c', 'seed_q3qfsutpsr', 'seed_cc0w60buhd', 'seed_2u2ynx3qot', 'dropped', 15, '2026-04-20T01:34:52.141Z', NULL, NULL, now(), now());
INSERT INTO "Progress" (id, "enrollmentId", "userId", "contentId", status, "timeSpentSec", score, "completedAt", "updatedAt")
SELECT 'seed_dx7hhg67dm', 'seed_pxecgc397c', 'seed_q3qfsutpsr', c.id,
  CASE WHEN 15 = 0 THEN 'not_started' WHEN random() < 15/100.0 THEN 'completed' ELSE 'in_progress' END,
  180, NULL,
  CASE WHEN random() < 15/100.0 THEN now() ELSE NULL END, now()
FROM "Content" c JOIN "Module" m ON c."moduleId" = m.id WHERE m."courseId" = 'seed_cc0w60buhd' LIMIT 5;
INSERT INTO "Enrollment" (id, "userId", "courseId", "campusId", status, "progressPct", "enrolledAt", "completedAt", "finalScore", "createdAt", "updatedAt") VALUES ('seed_i07lazw1m3', 'seed_q3qfsutpsr', 'seed_stnjq5tleu', 'seed_2u2ynx3qot', 'active', 75, '2026-06-12T01:34:52.141Z', NULL, NULL, now(), now());
INSERT INTO "Progress" (id, "enrollmentId", "userId", "contentId", status, "timeSpentSec", score, "completedAt", "updatedAt")
SELECT 'seed_u2pybzfxnb', 'seed_i07lazw1m3', 'seed_q3qfsutpsr', c.id,
  CASE WHEN 75 = 0 THEN 'not_started' WHEN random() < 75/100.0 THEN 'completed' ELSE 'in_progress' END,
  1142, 77,
  CASE WHEN random() < 75/100.0 THEN now() ELSE NULL END, now()
FROM "Content" c JOIN "Module" m ON c."moduleId" = m.id WHERE m."courseId" = 'seed_stnjq5tleu' LIMIT 5;
INSERT INTO "QuizAttempt" (id, "quizId", "enrollmentId", "userId", answers, score, "maxScore", percentage, passed, "startedAt", "submittedAt")
SELECT 'seed_floddduzcq', q.id, 'seed_i07lazw1m3', 'seed_q3qfsutpsr', '{}'::jsonb, 3.6, 5, 72, TRUE, now(), now()
FROM "Quiz" q WHERE q."courseId" = 'seed_stnjq5tleu' LIMIT 1;
INSERT INTO "Enrollment" (id, "userId", "courseId", "campusId", status, "progressPct", "enrolledAt", "completedAt", "finalScore", "createdAt", "updatedAt") VALUES ('seed_14ygv2zgmc', 'seed_q3qfsutpsr', 'seed_mfgxwk1p02', 'seed_2u2ynx3qot', 'dropped', 45, '2026-06-15T01:34:52.141Z', NULL, NULL, now(), now());
INSERT INTO "Progress" (id, "enrollmentId", "userId", "contentId", status, "timeSpentSec", score, "completedAt", "updatedAt")
SELECT 'seed_qzahycxu8v', 'seed_14ygv2zgmc', 'seed_q3qfsutpsr', c.id,
  CASE WHEN 45 = 0 THEN 'not_started' WHEN random() < 45/100.0 THEN 'completed' ELSE 'in_progress' END,
  332, 97,
  CASE WHEN random() < 45/100.0 THEN now() ELSE NULL END, now()
FROM "Content" c JOIN "Module" m ON c."moduleId" = m.id WHERE m."courseId" = 'seed_mfgxwk1p02' LIMIT 5;
INSERT INTO "QuizAttempt" (id, "quizId", "enrollmentId", "userId", answers, score, "maxScore", percentage, passed, "startedAt", "submittedAt")
SELECT 'seed_q4b55ol4f', q.id, 'seed_14ygv2zgmc', 'seed_q3qfsutpsr', '{}'::jsonb, 4.8, 5, 95, TRUE, now(), now()
FROM "Quiz" q WHERE q."courseId" = 'seed_mfgxwk1p02' LIMIT 1;
INSERT INTO "Enrollment" (id, "userId", "courseId", "campusId", status, "progressPct", "enrolledAt", "completedAt", "finalScore", "createdAt", "updatedAt") VALUES ('seed_kodn95mdva', 'seed_p5qw2imedc', 'seed_6mxw545vkp', 'seed_easf1g4whj', 'dropped', 75, '2026-07-05T01:34:52.141Z', NULL, NULL, now(), now());
INSERT INTO "Progress" (id, "enrollmentId", "userId", "contentId", status, "timeSpentSec", score, "completedAt", "updatedAt")
SELECT 'seed_7fphgt2etq', 'seed_kodn95mdva', 'seed_p5qw2imedc', c.id,
  CASE WHEN 75 = 0 THEN 'not_started' WHEN random() < 75/100.0 THEN 'completed' ELSE 'in_progress' END,
  162, 88,
  CASE WHEN random() < 75/100.0 THEN now() ELSE NULL END, now()
FROM "Content" c JOIN "Module" m ON c."moduleId" = m.id WHERE m."courseId" = 'seed_6mxw545vkp' LIMIT 5;
INSERT INTO "QuizAttempt" (id, "quizId", "enrollmentId", "userId", answers, score, "maxScore", percentage, passed, "startedAt", "submittedAt")
SELECT 'seed_9h3xi2qxqm', q.id, 'seed_kodn95mdva', 'seed_p5qw2imedc', '{}'::jsonb, 3.3, 5, 65, TRUE, now(), now()
FROM "Quiz" q WHERE q."courseId" = 'seed_6mxw545vkp' LIMIT 1;
INSERT INTO "Enrollment" (id, "userId", "courseId", "campusId", status, "progressPct", "enrolledAt", "completedAt", "finalScore", "createdAt", "updatedAt") VALUES ('seed_suuvl9wrwr', 'seed_p5qw2imedc', 'seed_p042jx6oqv', 'seed_easf1g4whj', 'dropped', 45, '2026-05-31T01:34:52.141Z', NULL, NULL, now(), now());
INSERT INTO "Progress" (id, "enrollmentId", "userId", "contentId", status, "timeSpentSec", score, "completedAt", "updatedAt")
SELECT 'seed_y6u7d2eejt', 'seed_suuvl9wrwr', 'seed_p5qw2imedc', c.id,
  CASE WHEN 45 = 0 THEN 'not_started' WHEN random() < 45/100.0 THEN 'completed' ELSE 'in_progress' END,
  1341, 74,
  CASE WHEN random() < 45/100.0 THEN now() ELSE NULL END, now()
FROM "Content" c JOIN "Module" m ON c."moduleId" = m.id WHERE m."courseId" = 'seed_p042jx6oqv' LIMIT 5;
INSERT INTO "QuizAttempt" (id, "quizId", "enrollmentId", "userId", answers, score, "maxScore", percentage, passed, "startedAt", "submittedAt")
SELECT 'seed_ups2evsqmb', q.id, 'seed_suuvl9wrwr', 'seed_p5qw2imedc', '{}'::jsonb, 4.4, 5, 88, TRUE, now(), now()
FROM "Quiz" q WHERE q."courseId" = 'seed_p042jx6oqv' LIMIT 1;
INSERT INTO "Enrollment" (id, "userId", "courseId", "campusId", status, "progressPct", "enrolledAt", "completedAt", "finalScore", "createdAt", "updatedAt") VALUES ('seed_30tje9m7t7', 'seed_p5qw2imedc', 'seed_2eu7xhrc4p', 'seed_easf1g4whj', 'dropped', 15, '2026-07-01T01:34:52.141Z', NULL, NULL, now(), now());
INSERT INTO "Progress" (id, "enrollmentId", "userId", "contentId", status, "timeSpentSec", score, "completedAt", "updatedAt")
SELECT 'seed_rrh1s5o28t', 'seed_30tje9m7t7', 'seed_p5qw2imedc', c.id,
  CASE WHEN 15 = 0 THEN 'not_started' WHEN random() < 15/100.0 THEN 'completed' ELSE 'in_progress' END,
  485, NULL,
  CASE WHEN random() < 15/100.0 THEN now() ELSE NULL END, now()
FROM "Content" c JOIN "Module" m ON c."moduleId" = m.id WHERE m."courseId" = 'seed_2eu7xhrc4p' LIMIT 5;
INSERT INTO "Enrollment" (id, "userId", "courseId", "campusId", status, "progressPct", "enrolledAt", "completedAt", "finalScore", "createdAt", "updatedAt") VALUES ('seed_35hbf27643', 'seed_p5qw2imedc', 'seed_72famd8zty', 'seed_easf1g4whj', 'dropped', 60, '2026-06-23T01:34:52.141Z', NULL, NULL, now(), now());
INSERT INTO "Progress" (id, "enrollmentId", "userId", "contentId", status, "timeSpentSec", score, "completedAt", "updatedAt")
SELECT 'seed_gaqaqtdy77', 'seed_35hbf27643', 'seed_p5qw2imedc', c.id,
  CASE WHEN 60 = 0 THEN 'not_started' WHEN random() < 60/100.0 THEN 'completed' ELSE 'in_progress' END,
  813, 85,
  CASE WHEN random() < 60/100.0 THEN now() ELSE NULL END, now()
FROM "Content" c JOIN "Module" m ON c."moduleId" = m.id WHERE m."courseId" = 'seed_72famd8zty' LIMIT 5;
INSERT INTO "QuizAttempt" (id, "quizId", "enrollmentId", "userId", answers, score, "maxScore", percentage, passed, "startedAt", "submittedAt")
SELECT 'seed_jzs09d93du', q.id, 'seed_35hbf27643', 'seed_p5qw2imedc', '{}'::jsonb, 2.8, 5, 55, FALSE, now(), now()
FROM "Quiz" q WHERE q."courseId" = 'seed_72famd8zty' LIMIT 1;
INSERT INTO "Enrollment" (id, "userId", "courseId", "campusId", status, "progressPct", "enrolledAt", "completedAt", "finalScore", "createdAt", "updatedAt") VALUES ('seed_m3yf4f7m8p', 'seed_25gvdm0y7z', 'seed_cc0w60buhd', 'seed_3555iwre23', 'active', 75, '2026-06-11T01:34:52.141Z', NULL, NULL, now(), now());
INSERT INTO "Progress" (id, "enrollmentId", "userId", "contentId", status, "timeSpentSec", score, "completedAt", "updatedAt")
SELECT 'seed_n1vw8gkcbn', 'seed_m3yf4f7m8p', 'seed_25gvdm0y7z', c.id,
  CASE WHEN 75 = 0 THEN 'not_started' WHEN random() < 75/100.0 THEN 'completed' ELSE 'in_progress' END,
  855, 75,
  CASE WHEN random() < 75/100.0 THEN now() ELSE NULL END, now()
FROM "Content" c JOIN "Module" m ON c."moduleId" = m.id WHERE m."courseId" = 'seed_cc0w60buhd' LIMIT 5;
INSERT INTO "QuizAttempt" (id, "quizId", "enrollmentId", "userId", answers, score, "maxScore", percentage, passed, "startedAt", "submittedAt")
SELECT 'seed_s8r9whztnf', q.id, 'seed_m3yf4f7m8p', 'seed_25gvdm0y7z', '{}'::jsonb, 3.6, 5, 72, TRUE, now(), now()
FROM "Quiz" q WHERE q."courseId" = 'seed_cc0w60buhd' LIMIT 1;
INSERT INTO "Enrollment" (id, "userId", "courseId", "campusId", status, "progressPct", "enrolledAt", "completedAt", "finalScore", "createdAt", "updatedAt") VALUES ('seed_8vtv1pvz5o', 'seed_25gvdm0y7z', 'seed_1il16th4b', 'seed_3555iwre23', 'active', 15, '2026-06-01T01:34:52.141Z', NULL, NULL, now(), now());
INSERT INTO "Progress" (id, "enrollmentId", "userId", "contentId", status, "timeSpentSec", score, "completedAt", "updatedAt")
SELECT 'seed_2ekjp5o9nx', 'seed_8vtv1pvz5o', 'seed_25gvdm0y7z', c.id,
  CASE WHEN 15 = 0 THEN 'not_started' WHEN random() < 15/100.0 THEN 'completed' ELSE 'in_progress' END,
  1586, NULL,
  CASE WHEN random() < 15/100.0 THEN now() ELSE NULL END, now()
FROM "Content" c JOIN "Module" m ON c."moduleId" = m.id WHERE m."courseId" = 'seed_1il16th4b' LIMIT 5;
INSERT INTO "Enrollment" (id, "userId", "courseId", "campusId", status, "progressPct", "enrolledAt", "completedAt", "finalScore", "createdAt", "updatedAt") VALUES ('seed_3rmw2xvfha', 'seed_25gvdm0y7z', 'seed_gwlvt0vqrr', 'seed_3555iwre23', 'dropped', 15, '2026-05-21T01:34:52.141Z', NULL, NULL, now(), now());
INSERT INTO "Progress" (id, "enrollmentId", "userId", "contentId", status, "timeSpentSec", score, "completedAt", "updatedAt")
SELECT 'seed_bi8kn9b4g2', 'seed_3rmw2xvfha', 'seed_25gvdm0y7z', c.id,
  CASE WHEN 15 = 0 THEN 'not_started' WHEN random() < 15/100.0 THEN 'completed' ELSE 'in_progress' END,
  1164, NULL,
  CASE WHEN random() < 15/100.0 THEN now() ELSE NULL END, now()
FROM "Content" c JOIN "Module" m ON c."moduleId" = m.id WHERE m."courseId" = 'seed_gwlvt0vqrr' LIMIT 5;
INSERT INTO "Enrollment" (id, "userId", "courseId", "campusId", status, "progressPct", "enrolledAt", "completedAt", "finalScore", "createdAt", "updatedAt") VALUES ('seed_d553lqo62h', 'seed_25gvdm0y7z', 'seed_5z264ndb0n', 'seed_3555iwre23', 'completed', 100, '2026-05-05T01:34:52.141Z', '2026-07-10T01:34:52.141Z', 92, now(), now());
INSERT INTO "Progress" (id, "enrollmentId", "userId", "contentId", status, "timeSpentSec", score, "completedAt", "updatedAt")
SELECT 'seed_tnpfev8ww3', 'seed_d553lqo62h', 'seed_25gvdm0y7z', c.id,
  CASE WHEN 100 = 0 THEN 'not_started' WHEN random() < 100/100.0 THEN 'completed' ELSE 'in_progress' END,
  524, 70,
  CASE WHEN random() < 100/100.0 THEN now() ELSE NULL END, now()
FROM "Content" c JOIN "Module" m ON c."moduleId" = m.id WHERE m."courseId" = 'seed_5z264ndb0n' LIMIT 5;
INSERT INTO "QuizAttempt" (id, "quizId", "enrollmentId", "userId", answers, score, "maxScore", percentage, passed, "startedAt", "submittedAt")
SELECT 'seed_gw018rertb', q.id, 'seed_d553lqo62h', 'seed_25gvdm0y7z', '{}'::jsonb, 2.8, 5, 55, FALSE, now(), now()
FROM "Quiz" q WHERE q."courseId" = 'seed_5z264ndb0n' LIMIT 1;
INSERT INTO "Certificate" (id, "certNumber", "userId", "courseId", "campusId", "enrollmentId", "verifyCode", title, "recipientName", "recipientIc", score, grade, "issuedAt", status, signature, "createdAt") VALUES ('seed_asfo2sq3u7', 'JTM-2026-00010', 'seed_25gvdm0y7z', 'seed_5z264ndb0n', 'seed_3555iwre23', 'seed_d553lqo62h', 'JTM-SEED_700UEH8L7X', 'Sijil Penyiapan Kursus — Pengurusan Tapak Bina', 'Sofia bin Goh', '0547322-25-1944', 92, 'A+', '2026-07-10T01:34:52.141Z', 'valid', 'Jabatan Tenaga Manusia (JTM)', now());
INSERT INTO "Enrollment" (id, "userId", "courseId", "campusId", status, "progressPct", "enrolledAt", "completedAt", "finalScore", "createdAt", "updatedAt") VALUES ('seed_7ua30wjvxr', 'seed_ez2dovp6rn', 'seed_tpceipmdu5', 'seed_fu7lsny7qi', 'dropped', 30, '2026-06-17T01:34:52.141Z', NULL, NULL, now(), now());
INSERT INTO "Progress" (id, "enrollmentId", "userId", "contentId", status, "timeSpentSec", score, "completedAt", "updatedAt")
SELECT 'seed_c1ilhstq35', 'seed_7ua30wjvxr', 'seed_ez2dovp6rn', c.id,
  CASE WHEN 30 = 0 THEN 'not_started' WHEN random() < 30/100.0 THEN 'completed' ELSE 'in_progress' END,
  436, 95,
  CASE WHEN random() < 30/100.0 THEN now() ELSE NULL END, now()
FROM "Content" c JOIN "Module" m ON c."moduleId" = m.id WHERE m."courseId" = 'seed_tpceipmdu5' LIMIT 5;
INSERT INTO "QuizAttempt" (id, "quizId", "enrollmentId", "userId", answers, score, "maxScore", percentage, passed, "startedAt", "submittedAt")
SELECT 'seed_4rz1p8x1e2', q.id, 'seed_7ua30wjvxr', 'seed_ez2dovp6rn', '{}'::jsonb, 4.8, 5, 95, TRUE, now(), now()
FROM "Quiz" q WHERE q."courseId" = 'seed_tpceipmdu5' LIMIT 1;
INSERT INTO "Enrollment" (id, "userId", "courseId", "campusId", status, "progressPct", "enrolledAt", "completedAt", "finalScore", "createdAt", "updatedAt") VALUES ('seed_u5q8vkbzf2', 'seed_ez2dovp6rn', 'seed_hwrkmeo2iv', 'seed_fu7lsny7qi', 'dropped', 15, '2026-06-10T01:34:52.141Z', NULL, NULL, now(), now());
INSERT INTO "Progress" (id, "enrollmentId", "userId", "contentId", status, "timeSpentSec", score, "completedAt", "updatedAt")
SELECT 'seed_9w2703t95w', 'seed_u5q8vkbzf2', 'seed_ez2dovp6rn', c.id,
  CASE WHEN 15 = 0 THEN 'not_started' WHEN random() < 15/100.0 THEN 'completed' ELSE 'in_progress' END,
  261, NULL,
  CASE WHEN random() < 15/100.0 THEN now() ELSE NULL END, now()
FROM "Content" c JOIN "Module" m ON c."moduleId" = m.id WHERE m."courseId" = 'seed_hwrkmeo2iv' LIMIT 5;
INSERT INTO "Enrollment" (id, "userId", "courseId", "campusId", status, "progressPct", "enrolledAt", "completedAt", "finalScore", "createdAt", "updatedAt") VALUES ('seed_980ibx4e6p', 'seed_jihnvq5htz', 'seed_stnjq5tleu', 'seed_fu7lsny7qi', 'active', 75, '2026-06-29T01:34:52.141Z', NULL, NULL, now(), now());
INSERT INTO "Progress" (id, "enrollmentId", "userId", "contentId", status, "timeSpentSec", score, "completedAt", "updatedAt")
SELECT 'seed_s3wpt7qyt1', 'seed_980ibx4e6p', 'seed_jihnvq5htz', c.id,
  CASE WHEN 75 = 0 THEN 'not_started' WHEN random() < 75/100.0 THEN 'completed' ELSE 'in_progress' END,
  336, 98,
  CASE WHEN random() < 75/100.0 THEN now() ELSE NULL END, now()
FROM "Content" c JOIN "Module" m ON c."moduleId" = m.id WHERE m."courseId" = 'seed_stnjq5tleu' LIMIT 5;
INSERT INTO "QuizAttempt" (id, "quizId", "enrollmentId", "userId", answers, score, "maxScore", percentage, passed, "startedAt", "submittedAt")
SELECT 'seed_xcy7cfjox1', q.id, 'seed_980ibx4e6p', 'seed_jihnvq5htz', '{}'::jsonb, 3.6, 5, 72, TRUE, now(), now()
FROM "Quiz" q WHERE q."courseId" = 'seed_stnjq5tleu' LIMIT 1;
INSERT INTO "Enrollment" (id, "userId", "courseId", "campusId", status, "progressPct", "enrolledAt", "completedAt", "finalScore", "createdAt", "updatedAt") VALUES ('seed_jd7ggxummp', 'seed_jihnvq5htz', 'seed_kexkh585q6', 'seed_fu7lsny7qi', 'active', 45, '2026-06-21T01:34:52.141Z', NULL, NULL, now(), now());
INSERT INTO "Progress" (id, "enrollmentId", "userId", "contentId", status, "timeSpentSec", score, "completedAt", "updatedAt")
SELECT 'seed_an36wa8v2u', 'seed_jd7ggxummp', 'seed_jihnvq5htz', c.id,
  CASE WHEN 45 = 0 THEN 'not_started' WHEN random() < 45/100.0 THEN 'completed' ELSE 'in_progress' END,
  845, 94,
  CASE WHEN random() < 45/100.0 THEN now() ELSE NULL END, now()
FROM "Content" c JOIN "Module" m ON c."moduleId" = m.id WHERE m."courseId" = 'seed_kexkh585q6' LIMIT 5;
INSERT INTO "QuizAttempt" (id, "quizId", "enrollmentId", "userId", answers, score, "maxScore", percentage, passed, "startedAt", "submittedAt")
SELECT 'seed_lnwoopam06', q.id, 'seed_jd7ggxummp', 'seed_jihnvq5htz', '{}'::jsonb, 4.4, 5, 88, TRUE, now(), now()
FROM "Quiz" q WHERE q."courseId" = 'seed_kexkh585q6' LIMIT 1;
INSERT INTO "Enrollment" (id, "userId", "courseId", "campusId", status, "progressPct", "enrolledAt", "completedAt", "finalScore", "createdAt", "updatedAt") VALUES ('seed_fcvt7rcl9s', 'seed_jihnvq5htz', 'seed_p042jx6oqv', 'seed_fu7lsny7qi', 'completed', 100, '2026-04-25T01:34:52.141Z', '2026-07-05T01:34:52.141Z', 81, now(), now());
INSERT INTO "Progress" (id, "enrollmentId", "userId", "contentId", status, "timeSpentSec", score, "completedAt", "updatedAt")
SELECT 'seed_hwqnf6u0vo', 'seed_fcvt7rcl9s', 'seed_jihnvq5htz', c.id,
  CASE WHEN 100 = 0 THEN 'not_started' WHEN random() < 100/100.0 THEN 'completed' ELSE 'in_progress' END,
  1762, 98,
  CASE WHEN random() < 100/100.0 THEN now() ELSE NULL END, now()
FROM "Content" c JOIN "Module" m ON c."moduleId" = m.id WHERE m."courseId" = 'seed_p042jx6oqv' LIMIT 5;
INSERT INTO "QuizAttempt" (id, "quizId", "enrollmentId", "userId", answers, score, "maxScore", percentage, passed, "startedAt", "submittedAt")
SELECT 'seed_tm9kaezz3e', q.id, 'seed_fcvt7rcl9s', 'seed_jihnvq5htz', '{}'::jsonb, 4.8, 5, 95, TRUE, now(), now()
FROM "Quiz" q WHERE q."courseId" = 'seed_p042jx6oqv' LIMIT 1;
INSERT INTO "Certificate" (id, "certNumber", "userId", "courseId", "campusId", "enrollmentId", "verifyCode", title, "recipientName", "recipientIc", score, grade, "issuedAt", status, signature, "createdAt") VALUES ('seed_xrxiegy2o1', 'JTM-2026-00011', 'seed_jihnvq5htz', 'seed_p042jx6oqv', 'seed_fu7lsny7qi', 'seed_fcvt7rcl9s', 'JTM-SEED_9NLP39Y16I', 'Sijil Penyiapan Kursus — Pengendalian Mesin CNC', 'Husna binti Omar', '0276759-83-1463', 81, 'A', '2026-07-05T01:34:52.141Z', 'valid', 'Jabatan Tenaga Manusia (JTM)', now());
INSERT INTO "Enrollment" (id, "userId", "courseId", "campusId", status, "progressPct", "enrolledAt", "completedAt", "finalScore", "createdAt", "updatedAt") VALUES ('seed_u5r1l2j8qr', 'seed_jihnvq5htz', 'seed_o9v14nv64z', 'seed_fu7lsny7qi', 'completed', 100, '2026-04-30T01:34:52.141Z', '2026-07-13T01:34:52.141Z', 92, now(), now());
INSERT INTO "Progress" (id, "enrollmentId", "userId", "contentId", status, "timeSpentSec", score, "completedAt", "updatedAt")
SELECT 'seed_0bs02hlwz2', 'seed_u5r1l2j8qr', 'seed_jihnvq5htz', c.id,
  CASE WHEN 100 = 0 THEN 'not_started' WHEN random() < 100/100.0 THEN 'completed' ELSE 'in_progress' END,
  1732, 78,
  CASE WHEN random() < 100/100.0 THEN now() ELSE NULL END, now()
FROM "Content" c JOIN "Module" m ON c."moduleId" = m.id WHERE m."courseId" = 'seed_o9v14nv64z' LIMIT 5;
INSERT INTO "QuizAttempt" (id, "quizId", "enrollmentId", "userId", answers, score, "maxScore", percentage, passed, "startedAt", "submittedAt")
SELECT 'seed_lozdhack6u', q.id, 'seed_u5r1l2j8qr', 'seed_jihnvq5htz', '{}'::jsonb, 3.3, 5, 65, TRUE, now(), now()
FROM "Quiz" q WHERE q."courseId" = 'seed_o9v14nv64z' LIMIT 1;
INSERT INTO "Certificate" (id, "certNumber", "userId", "courseId", "campusId", "enrollmentId", "verifyCode", title, "recipientName", "recipientIc", score, grade, "issuedAt", status, signature, "createdAt") VALUES ('seed_85xd1xdkfp', 'JTM-2026-00012', 'seed_jihnvq5htz', 'seed_o9v14nv64z', 'seed_fu7lsny7qi', 'seed_u5r1l2j8qr', 'JTM-SEED_CNIQUJAK3Y', 'Sijil Penyiapan Kursus — Asas Mekatronik & Automasi', 'Husna binti Omar', '0778752-93-5611', 92, 'A+', '2026-07-13T01:34:52.141Z', 'valid', 'Jabatan Tenaga Manusia (JTM)', now());
INSERT INTO "Enrollment" (id, "userId", "courseId", "campusId", status, "progressPct", "enrolledAt", "completedAt", "finalScore", "createdAt", "updatedAt") VALUES ('seed_vzc7s0y3su', 'seed_qcbln0mdrr', 'seed_9ymihyeggu', 'seed_fu7lsny7qi', 'active', 0, '2026-05-23T01:34:52.141Z', NULL, NULL, now(), now());
INSERT INTO "Progress" (id, "enrollmentId", "userId", "contentId", status, "timeSpentSec", score, "completedAt", "updatedAt")
SELECT 'seed_l583vxal3m', 'seed_vzc7s0y3su', 'seed_qcbln0mdrr', c.id,
  CASE WHEN 0 = 0 THEN 'not_started' WHEN random() < 0/100.0 THEN 'completed' ELSE 'in_progress' END,
  596, NULL,
  CASE WHEN random() < 0/100.0 THEN now() ELSE NULL END, now()
FROM "Content" c JOIN "Module" m ON c."moduleId" = m.id WHERE m."courseId" = 'seed_9ymihyeggu' LIMIT 5;
INSERT INTO "Enrollment" (id, "userId", "courseId", "campusId", status, "progressPct", "enrolledAt", "completedAt", "finalScore", "createdAt", "updatedAt") VALUES ('seed_umae8h6e39', 'seed_qcbln0mdrr', 'seed_cc0w60buhd', 'seed_fu7lsny7qi', 'active', 60, '2026-06-18T01:34:52.141Z', NULL, NULL, now(), now());
INSERT INTO "Progress" (id, "enrollmentId", "userId", "contentId", status, "timeSpentSec", score, "completedAt", "updatedAt")
SELECT 'seed_3mvisgf8m5', 'seed_umae8h6e39', 'seed_qcbln0mdrr', c.id,
  CASE WHEN 60 = 0 THEN 'not_started' WHEN random() < 60/100.0 THEN 'completed' ELSE 'in_progress' END,
  1691, 90,
  CASE WHEN random() < 60/100.0 THEN now() ELSE NULL END, now()
FROM "Content" c JOIN "Module" m ON c."moduleId" = m.id WHERE m."courseId" = 'seed_cc0w60buhd' LIMIT 5;
INSERT INTO "QuizAttempt" (id, "quizId", "enrollmentId", "userId", answers, score, "maxScore", percentage, passed, "startedAt", "submittedAt")
SELECT 'seed_2042whvfgj', q.id, 'seed_umae8h6e39', 'seed_qcbln0mdrr', '{}'::jsonb, 4, 5, 80, TRUE, now(), now()
FROM "Quiz" q WHERE q."courseId" = 'seed_cc0w60buhd' LIMIT 1;
INSERT INTO "Enrollment" (id, "userId", "courseId", "campusId", status, "progressPct", "enrolledAt", "completedAt", "finalScore", "createdAt", "updatedAt") VALUES ('seed_eqf6wlnze9', 'seed_qcbln0mdrr', 'seed_z4nfecv9ji', 'seed_fu7lsny7qi', 'active', 30, '2026-05-03T01:34:52.141Z', NULL, NULL, now(), now());
INSERT INTO "Progress" (id, "enrollmentId", "userId", "contentId", status, "timeSpentSec", score, "completedAt", "updatedAt")
SELECT 'seed_n1iwrixmuk', 'seed_eqf6wlnze9', 'seed_qcbln0mdrr', c.id,
  CASE WHEN 30 = 0 THEN 'not_started' WHEN random() < 30/100.0 THEN 'completed' ELSE 'in_progress' END,
  850, 91,
  CASE WHEN random() < 30/100.0 THEN now() ELSE NULL END, now()
FROM "Content" c JOIN "Module" m ON c."moduleId" = m.id WHERE m."courseId" = 'seed_z4nfecv9ji' LIMIT 5;
INSERT INTO "QuizAttempt" (id, "quizId", "enrollmentId", "userId", answers, score, "maxScore", percentage, passed, "startedAt", "submittedAt")
SELECT 'seed_yt7wniqvjs', q.id, 'seed_eqf6wlnze9', 'seed_qcbln0mdrr', '{}'::jsonb, 2.8, 5, 55, FALSE, now(), now()
FROM "Quiz" q WHERE q."courseId" = 'seed_z4nfecv9ji' LIMIT 1;
INSERT INTO "Enrollment" (id, "userId", "courseId", "campusId", status, "progressPct", "enrolledAt", "completedAt", "finalScore", "createdAt", "updatedAt") VALUES ('seed_7437nqp1gq', 'seed_qcbln0mdrr', 'seed_5z264ndb0n', 'seed_fu7lsny7qi', 'dropped', 60, '2026-05-17T01:34:52.141Z', NULL, NULL, now(), now());
INSERT INTO "Progress" (id, "enrollmentId", "userId", "contentId", status, "timeSpentSec", score, "completedAt", "updatedAt")
SELECT 'seed_64pfjmy3aw', 'seed_7437nqp1gq', 'seed_qcbln0mdrr', c.id,
  CASE WHEN 60 = 0 THEN 'not_started' WHEN random() < 60/100.0 THEN 'completed' ELSE 'in_progress' END,
  1401, 93,
  CASE WHEN random() < 60/100.0 THEN now() ELSE NULL END, now()
FROM "Content" c JOIN "Module" m ON c."moduleId" = m.id WHERE m."courseId" = 'seed_5z264ndb0n' LIMIT 5;
INSERT INTO "QuizAttempt" (id, "quizId", "enrollmentId", "userId", answers, score, "maxScore", percentage, passed, "startedAt", "submittedAt")
SELECT 'seed_uw8fevl0ag', q.id, 'seed_7437nqp1gq', 'seed_qcbln0mdrr', '{}'::jsonb, 2.8, 5, 55, FALSE, now(), now()
FROM "Quiz" q WHERE q."courseId" = 'seed_5z264ndb0n' LIMIT 1;
INSERT INTO "Enrollment" (id, "userId", "courseId", "campusId", status, "progressPct", "enrolledAt", "completedAt", "finalScore", "createdAt", "updatedAt") VALUES ('seed_80uwl92eh8', 'seed_yow5ylndes', 'seed_72famd8zty', 'seed_dr1axm7kra', 'dropped', 60, '2026-07-04T01:34:52.141Z', NULL, NULL, now(), now());
INSERT INTO "Progress" (id, "enrollmentId", "userId", "contentId", status, "timeSpentSec", score, "completedAt", "updatedAt")
SELECT 'seed_nmw5y702tp', 'seed_80uwl92eh8', 'seed_yow5ylndes', c.id,
  CASE WHEN 60 = 0 THEN 'not_started' WHEN random() < 60/100.0 THEN 'completed' ELSE 'in_progress' END,
  1316, 93,
  CASE WHEN random() < 60/100.0 THEN now() ELSE NULL END, now()
FROM "Content" c JOIN "Module" m ON c."moduleId" = m.id WHERE m."courseId" = 'seed_72famd8zty' LIMIT 5;
INSERT INTO "QuizAttempt" (id, "quizId", "enrollmentId", "userId", answers, score, "maxScore", percentage, passed, "startedAt", "submittedAt")
SELECT 'seed_8w6zrskufx', q.id, 'seed_80uwl92eh8', 'seed_yow5ylndes', '{}'::jsonb, 3.3, 5, 65, TRUE, now(), now()
FROM "Quiz" q WHERE q."courseId" = 'seed_72famd8zty' LIMIT 1;
INSERT INTO "Enrollment" (id, "userId", "courseId", "campusId", status, "progressPct", "enrolledAt", "completedAt", "finalScore", "createdAt", "updatedAt") VALUES ('seed_7uyb98fu1l', 'seed_yow5ylndes', 'seed_o9v14nv64z', 'seed_dr1axm7kra', 'active', 0, '2026-06-21T01:34:52.141Z', NULL, NULL, now(), now());
INSERT INTO "Progress" (id, "enrollmentId", "userId", "contentId", status, "timeSpentSec", score, "completedAt", "updatedAt")
SELECT 'seed_m1sxhbi5gt', 'seed_7uyb98fu1l', 'seed_yow5ylndes', c.id,
  CASE WHEN 0 = 0 THEN 'not_started' WHEN random() < 0/100.0 THEN 'completed' ELSE 'in_progress' END,
  1208, NULL,
  CASE WHEN random() < 0/100.0 THEN now() ELSE NULL END, now()
FROM "Content" c JOIN "Module" m ON c."moduleId" = m.id WHERE m."courseId" = 'seed_o9v14nv64z' LIMIT 5;
INSERT INTO "Enrollment" (id, "userId", "courseId", "campusId", status, "progressPct", "enrolledAt", "completedAt", "finalScore", "createdAt", "updatedAt") VALUES ('seed_uqkcr6s1e2', 'seed_z72hxz2jxq', 'seed_5z264ndb0n', 'seed_kxfrvvjp2y', 'active', 0, '2026-06-20T01:34:52.141Z', NULL, NULL, now(), now());
INSERT INTO "Progress" (id, "enrollmentId", "userId", "contentId", status, "timeSpentSec", score, "completedAt", "updatedAt")
SELECT 'seed_7rcbeijf8m', 'seed_uqkcr6s1e2', 'seed_z72hxz2jxq', c.id,
  CASE WHEN 0 = 0 THEN 'not_started' WHEN random() < 0/100.0 THEN 'completed' ELSE 'in_progress' END,
  1289, NULL,
  CASE WHEN random() < 0/100.0 THEN now() ELSE NULL END, now()
FROM "Content" c JOIN "Module" m ON c."moduleId" = m.id WHERE m."courseId" = 'seed_5z264ndb0n' LIMIT 5;
INSERT INTO "Enrollment" (id, "userId", "courseId", "campusId", status, "progressPct", "enrolledAt", "completedAt", "finalScore", "createdAt", "updatedAt") VALUES ('seed_mrzrmkn02u', 'seed_z72hxz2jxq', 'seed_2eu7xhrc4p', 'seed_kxfrvvjp2y', 'dropped', 75, '2026-05-16T01:34:52.141Z', NULL, NULL, now(), now());
INSERT INTO "Progress" (id, "enrollmentId", "userId", "contentId", status, "timeSpentSec", score, "completedAt", "updatedAt")
SELECT 'seed_08wngjhg89', 'seed_mrzrmkn02u', 'seed_z72hxz2jxq', c.id,
  CASE WHEN 75 = 0 THEN 'not_started' WHEN random() < 75/100.0 THEN 'completed' ELSE 'in_progress' END,
  1771, 96,
  CASE WHEN random() < 75/100.0 THEN now() ELSE NULL END, now()
FROM "Content" c JOIN "Module" m ON c."moduleId" = m.id WHERE m."courseId" = 'seed_2eu7xhrc4p' LIMIT 5;
INSERT INTO "QuizAttempt" (id, "quizId", "enrollmentId", "userId", answers, score, "maxScore", percentage, passed, "startedAt", "submittedAt")
SELECT 'seed_9sxpw3lhco', q.id, 'seed_mrzrmkn02u', 'seed_z72hxz2jxq', '{}'::jsonb, 4, 5, 80, TRUE, now(), now()
FROM "Quiz" q WHERE q."courseId" = 'seed_2eu7xhrc4p' LIMIT 1;
INSERT INTO "Enrollment" (id, "userId", "courseId", "campusId", status, "progressPct", "enrolledAt", "completedAt", "finalScore", "createdAt", "updatedAt") VALUES ('seed_2hpm3633bz', 'seed_z72hxz2jxq', 'seed_wvic8hdr1l', 'seed_kxfrvvjp2y', 'completed', 100, '2026-05-19T01:34:52.141Z', '2026-07-11T01:34:52.141Z', 65, now(), now());
INSERT INTO "Progress" (id, "enrollmentId", "userId", "contentId", status, "timeSpentSec", score, "completedAt", "updatedAt")
SELECT 'seed_rfhkeoalp2', 'seed_2hpm3633bz', 'seed_z72hxz2jxq', c.id,
  CASE WHEN 100 = 0 THEN 'not_started' WHEN random() < 100/100.0 THEN 'completed' ELSE 'in_progress' END,
  1558, 77,
  CASE WHEN random() < 100/100.0 THEN now() ELSE NULL END, now()
FROM "Content" c JOIN "Module" m ON c."moduleId" = m.id WHERE m."courseId" = 'seed_wvic8hdr1l' LIMIT 5;
INSERT INTO "QuizAttempt" (id, "quizId", "enrollmentId", "userId", answers, score, "maxScore", percentage, passed, "startedAt", "submittedAt")
SELECT 'seed_gurpj7qob3', q.id, 'seed_2hpm3633bz', 'seed_z72hxz2jxq', '{}'::jsonb, 4.8, 5, 95, TRUE, now(), now()
FROM "Quiz" q WHERE q."courseId" = 'seed_wvic8hdr1l' LIMIT 1;
INSERT INTO "Certificate" (id, "certNumber", "userId", "courseId", "campusId", "enrollmentId", "verifyCode", title, "recipientName", "recipientIc", score, grade, "issuedAt", status, signature, "createdAt") VALUES ('seed_2t0io8zilb', 'JTM-2026-00013', 'seed_z72hxz2jxq', 'seed_wvic8hdr1l', 'seed_kxfrvvjp2y', 'seed_2hpm3633bz', 'JTM-SEED_JNMMN56H1E', 'Sijil Penyiapan Kursus — Penyelenggaraan Enjin Kenderaan Moden', 'Zikri bin Goh', '0572115-17-9326', 65, 'B', '2026-07-11T01:34:52.141Z', 'valid', 'Jabatan Tenaga Manusia (JTM)', now());
INSERT INTO "Enrollment" (id, "userId", "courseId", "campusId", status, "progressPct", "enrolledAt", "completedAt", "finalScore", "createdAt", "updatedAt") VALUES ('seed_0322qpgxll', 'seed_x2crvh2y1o', 'seed_p042jx6oqv', 'seed_i9xdre8ohx', 'active', 15, '2026-05-17T01:34:52.141Z', NULL, NULL, now(), now());
INSERT INTO "Progress" (id, "enrollmentId", "userId", "contentId", status, "timeSpentSec", score, "completedAt", "updatedAt")
SELECT 'seed_tods01sddp', 'seed_0322qpgxll', 'seed_x2crvh2y1o', c.id,
  CASE WHEN 15 = 0 THEN 'not_started' WHEN random() < 15/100.0 THEN 'completed' ELSE 'in_progress' END,
  1064, NULL,
  CASE WHEN random() < 15/100.0 THEN now() ELSE NULL END, now()
FROM "Content" c JOIN "Module" m ON c."moduleId" = m.id WHERE m."courseId" = 'seed_p042jx6oqv' LIMIT 5;
INSERT INTO "Enrollment" (id, "userId", "courseId", "campusId", status, "progressPct", "enrolledAt", "completedAt", "finalScore", "createdAt", "updatedAt") VALUES ('seed_yf7ny39q3l', 'seed_x2crvh2y1o', 'seed_nbwohj4ytb', 'seed_i9xdre8ohx', 'completed', 100, '2026-06-09T01:34:52.141Z', '2026-07-13T01:34:52.141Z', 95, now(), now());
INSERT INTO "Progress" (id, "enrollmentId", "userId", "contentId", status, "timeSpentSec", score, "completedAt", "updatedAt")
SELECT 'seed_pz7oif2tel', 'seed_yf7ny39q3l', 'seed_x2crvh2y1o', c.id,
  CASE WHEN 100 = 0 THEN 'not_started' WHEN random() < 100/100.0 THEN 'completed' ELSE 'in_progress' END,
  588, 98,
  CASE WHEN random() < 100/100.0 THEN now() ELSE NULL END, now()
FROM "Content" c JOIN "Module" m ON c."moduleId" = m.id WHERE m."courseId" = 'seed_nbwohj4ytb' LIMIT 5;
INSERT INTO "QuizAttempt" (id, "quizId", "enrollmentId", "userId", answers, score, "maxScore", percentage, passed, "startedAt", "submittedAt")
SELECT 'seed_jftvytc9gv', q.id, 'seed_yf7ny39q3l', 'seed_x2crvh2y1o', '{}'::jsonb, 4.4, 5, 88, TRUE, now(), now()
FROM "Quiz" q WHERE q."courseId" = 'seed_nbwohj4ytb' LIMIT 1;
INSERT INTO "Certificate" (id, "certNumber", "userId", "courseId", "campusId", "enrollmentId", "verifyCode", title, "recipientName", "recipientIc", score, grade, "issuedAt", status, signature, "createdAt") VALUES ('seed_1xdtnkqo5v', 'JTM-2026-00014', 'seed_x2crvh2y1o', 'seed_nbwohj4ytb', 'seed_i9xdre8ohx', 'seed_yf7ny39q3l', 'JTM-SEED_DNY6TRWN5T', 'Sijil Penyiapan Kursus — Pengendalian Mesin CNC', 'Diana binti Abu', '0764692-15-4661', 95, 'A+', '2026-07-13T01:34:52.141Z', 'valid', 'Jabatan Tenaga Manusia (JTM)', now());
INSERT INTO "Enrollment" (id, "userId", "courseId", "campusId", status, "progressPct", "enrolledAt", "completedAt", "finalScore", "createdAt", "updatedAt") VALUES ('seed_vvwqrjxsf6', 'seed_x2crvh2y1o', 'seed_gwlvt0vqrr', 'seed_i9xdre8ohx', 'completed', 100, '2026-04-24T01:34:52.141Z', '2026-07-10T01:34:52.141Z', 98, now(), now());
INSERT INTO "Progress" (id, "enrollmentId", "userId", "contentId", status, "timeSpentSec", score, "completedAt", "updatedAt")
SELECT 'seed_ms4smm0yih', 'seed_vvwqrjxsf6', 'seed_x2crvh2y1o', c.id,
  CASE WHEN 100 = 0 THEN 'not_started' WHEN random() < 100/100.0 THEN 'completed' ELSE 'in_progress' END,
  327, 82,
  CASE WHEN random() < 100/100.0 THEN now() ELSE NULL END, now()
FROM "Content" c JOIN "Module" m ON c."moduleId" = m.id WHERE m."courseId" = 'seed_gwlvt0vqrr' LIMIT 5;
INSERT INTO "QuizAttempt" (id, "quizId", "enrollmentId", "userId", answers, score, "maxScore", percentage, passed, "startedAt", "submittedAt")
SELECT 'seed_1d2b68gqiy', q.id, 'seed_vvwqrjxsf6', 'seed_x2crvh2y1o', '{}'::jsonb, 4.8, 5, 95, TRUE, now(), now()
FROM "Quiz" q WHERE q."courseId" = 'seed_gwlvt0vqrr' LIMIT 1;
INSERT INTO "Certificate" (id, "certNumber", "userId", "courseId", "campusId", "enrollmentId", "verifyCode", title, "recipientName", "recipientIc", score, grade, "issuedAt", status, signature, "createdAt") VALUES ('seed_ks1fjxpah9', 'JTM-2026-00015', 'seed_x2crvh2y1o', 'seed_gwlvt0vqrr', 'seed_i9xdre8ohx', 'seed_vvwqrjxsf6', 'JTM-SEED_AHHLXQR00A', 'Sijil Penyiapan Kursus — Pembaikan Litar Elektronik', 'Diana binti Abu', '0620119-32-4457', 98, 'A+', '2026-07-10T01:34:52.141Z', 'valid', 'Jabatan Tenaga Manusia (JTM)', now());
INSERT INTO "Enrollment" (id, "userId", "courseId", "campusId", status, "progressPct", "enrolledAt", "completedAt", "finalScore", "createdAt", "updatedAt") VALUES ('seed_itx0awuu2b', 'seed_x2crvh2y1o', 'seed_cc0w60buhd', 'seed_i9xdre8ohx', 'dropped', 45, '2026-07-04T01:34:52.141Z', NULL, NULL, now(), now());
INSERT INTO "Progress" (id, "enrollmentId", "userId", "contentId", status, "timeSpentSec", score, "completedAt", "updatedAt")
SELECT 'seed_en57r925km', 'seed_itx0awuu2b', 'seed_x2crvh2y1o', c.id,
  CASE WHEN 45 = 0 THEN 'not_started' WHEN random() < 45/100.0 THEN 'completed' ELSE 'in_progress' END,
  814, 71,
  CASE WHEN random() < 45/100.0 THEN now() ELSE NULL END, now()
FROM "Content" c JOIN "Module" m ON c."moduleId" = m.id WHERE m."courseId" = 'seed_cc0w60buhd' LIMIT 5;
INSERT INTO "QuizAttempt" (id, "quizId", "enrollmentId", "userId", answers, score, "maxScore", percentage, passed, "startedAt", "submittedAt")
SELECT 'seed_by8rqtk947', q.id, 'seed_itx0awuu2b', 'seed_x2crvh2y1o', '{}'::jsonb, 3.6, 5, 72, TRUE, now(), now()
FROM "Quiz" q WHERE q."courseId" = 'seed_cc0w60buhd' LIMIT 1;
INSERT INTO "Enrollment" (id, "userId", "courseId", "campusId", status, "progressPct", "enrolledAt", "completedAt", "finalScore", "createdAt", "updatedAt") VALUES ('seed_qdesikhyzw', 'seed_412opammci', 'seed_tpceipmdu5', 'seed_ydmfp9hceb', 'active', 0, '2026-06-21T01:34:52.141Z', NULL, NULL, now(), now());
INSERT INTO "Progress" (id, "enrollmentId", "userId", "contentId", status, "timeSpentSec", score, "completedAt", "updatedAt")
SELECT 'seed_omx324g209', 'seed_qdesikhyzw', 'seed_412opammci', c.id,
  CASE WHEN 0 = 0 THEN 'not_started' WHEN random() < 0/100.0 THEN 'completed' ELSE 'in_progress' END,
  93, NULL,
  CASE WHEN random() < 0/100.0 THEN now() ELSE NULL END, now()
FROM "Content" c JOIN "Module" m ON c."moduleId" = m.id WHERE m."courseId" = 'seed_tpceipmdu5' LIMIT 5;
INSERT INTO "Enrollment" (id, "userId", "courseId", "campusId", status, "progressPct", "enrolledAt", "completedAt", "finalScore", "createdAt", "updatedAt") VALUES ('seed_w7u3cgdztl', 'seed_412opammci', 'seed_mfgxwk1p02', 'seed_ydmfp9hceb', 'active', 15, '2026-04-30T01:34:52.141Z', NULL, NULL, now(), now());
INSERT INTO "Progress" (id, "enrollmentId", "userId", "contentId", status, "timeSpentSec", score, "completedAt", "updatedAt")
SELECT 'seed_byajp7kru3', 'seed_w7u3cgdztl', 'seed_412opammci', c.id,
  CASE WHEN 15 = 0 THEN 'not_started' WHEN random() < 15/100.0 THEN 'completed' ELSE 'in_progress' END,
  890, NULL,
  CASE WHEN random() < 15/100.0 THEN now() ELSE NULL END, now()
FROM "Content" c JOIN "Module" m ON c."moduleId" = m.id WHERE m."courseId" = 'seed_mfgxwk1p02' LIMIT 5;
INSERT INTO "Enrollment" (id, "userId", "courseId", "campusId", status, "progressPct", "enrolledAt", "completedAt", "finalScore", "createdAt", "updatedAt") VALUES ('seed_l73xy1p3am', 'seed_412opammci', 'seed_72famd8zty', 'seed_ydmfp9hceb', 'completed', 100, '2026-05-18T01:34:52.141Z', '2026-07-12T01:34:52.141Z', 65, now(), now());
INSERT INTO "Progress" (id, "enrollmentId", "userId", "contentId", status, "timeSpentSec", score, "completedAt", "updatedAt")
SELECT 'seed_lz7y2mutzr', 'seed_l73xy1p3am', 'seed_412opammci', c.id,
  CASE WHEN 100 = 0 THEN 'not_started' WHEN random() < 100/100.0 THEN 'completed' ELSE 'in_progress' END,
  1135, 78,
  CASE WHEN random() < 100/100.0 THEN now() ELSE NULL END, now()
FROM "Content" c JOIN "Module" m ON c."moduleId" = m.id WHERE m."courseId" = 'seed_72famd8zty' LIMIT 5;
INSERT INTO "QuizAttempt" (id, "quizId", "enrollmentId", "userId", answers, score, "maxScore", percentage, passed, "startedAt", "submittedAt")
SELECT 'seed_kus5zixizl', q.id, 'seed_l73xy1p3am', 'seed_412opammci', '{}'::jsonb, 2.8, 5, 55, FALSE, now(), now()
FROM "Quiz" q WHERE q."courseId" = 'seed_72famd8zty' LIMIT 1;
INSERT INTO "Certificate" (id, "certNumber", "userId", "courseId", "campusId", "enrollmentId", "verifyCode", title, "recipientName", "recipientIc", score, grade, "issuedAt", status, signature, "createdAt") VALUES ('seed_7j2x1ye48m', 'JTM-2026-00016', 'seed_412opammci', 'seed_72famd8zty', 'seed_ydmfp9hceb', 'seed_l73xy1p3am', 'JTM-SEED_LB6R282CM6', 'Sijil Penyiapan Kursus — Reka Bentuk Pakaian Digital', 'Faiz binti Lee', '0288944-63-6096', 65, 'B', '2026-07-12T01:34:52.141Z', 'valid', 'Jabatan Tenaga Manusia (JTM)', now());
INSERT INTO "Enrollment" (id, "userId", "courseId", "campusId", status, "progressPct", "enrolledAt", "completedAt", "finalScore", "createdAt", "updatedAt") VALUES ('seed_wpb9lu7thu', 'seed_412opammci', 'seed_y1g3nc1n2h', 'seed_ydmfp9hceb', 'active', 75, '2026-06-11T01:34:52.141Z', NULL, NULL, now(), now());
INSERT INTO "Progress" (id, "enrollmentId", "userId", "contentId", status, "timeSpentSec", score, "completedAt", "updatedAt")
SELECT 'seed_o07t1o2rr0', 'seed_wpb9lu7thu', 'seed_412opammci', c.id,
  CASE WHEN 75 = 0 THEN 'not_started' WHEN random() < 75/100.0 THEN 'completed' ELSE 'in_progress' END,
  1745, 97,
  CASE WHEN random() < 75/100.0 THEN now() ELSE NULL END, now()
FROM "Content" c JOIN "Module" m ON c."moduleId" = m.id WHERE m."courseId" = 'seed_y1g3nc1n2h' LIMIT 5;
INSERT INTO "QuizAttempt" (id, "quizId", "enrollmentId", "userId", answers, score, "maxScore", percentage, passed, "startedAt", "submittedAt")
SELECT 'seed_5dwsco8vab', q.id, 'seed_wpb9lu7thu', 'seed_412opammci', '{}'::jsonb, 4, 5, 80, TRUE, now(), now()
FROM "Quiz" q WHERE q."courseId" = 'seed_y1g3nc1n2h' LIMIT 1;
INSERT INTO "Enrollment" (id, "userId", "courseId", "campusId", status, "progressPct", "enrolledAt", "completedAt", "finalScore", "createdAt", "updatedAt") VALUES ('seed_fmptk2783o', 'seed_olgr6dd14l', 'seed_cc0w60buhd', 'seed_c4ijpe4nz6', 'active', 0, '2026-05-22T01:34:52.141Z', NULL, NULL, now(), now());
INSERT INTO "Progress" (id, "enrollmentId", "userId", "contentId", status, "timeSpentSec", score, "completedAt", "updatedAt")
SELECT 'seed_qfw2tn8qvk', 'seed_fmptk2783o', 'seed_olgr6dd14l', c.id,
  CASE WHEN 0 = 0 THEN 'not_started' WHEN random() < 0/100.0 THEN 'completed' ELSE 'in_progress' END,
  1768, NULL,
  CASE WHEN random() < 0/100.0 THEN now() ELSE NULL END, now()
FROM "Content" c JOIN "Module" m ON c."moduleId" = m.id WHERE m."courseId" = 'seed_cc0w60buhd' LIMIT 5;
INSERT INTO "Enrollment" (id, "userId", "courseId", "campusId", status, "progressPct", "enrolledAt", "completedAt", "finalScore", "createdAt", "updatedAt") VALUES ('seed_70sazkfml1', 'seed_olgr6dd14l', 'seed_o9v14nv64z', 'seed_c4ijpe4nz6', 'completed', 100, '2026-04-29T01:34:52.141Z', '2026-07-07T01:34:52.141Z', 85, now(), now());
INSERT INTO "Progress" (id, "enrollmentId", "userId", "contentId", status, "timeSpentSec", score, "completedAt", "updatedAt")
SELECT 'seed_fcn6irmvip', 'seed_70sazkfml1', 'seed_olgr6dd14l', c.id,
  CASE WHEN 100 = 0 THEN 'not_started' WHEN random() < 100/100.0 THEN 'completed' ELSE 'in_progress' END,
  1382, 72,
  CASE WHEN random() < 100/100.0 THEN now() ELSE NULL END, now()
FROM "Content" c JOIN "Module" m ON c."moduleId" = m.id WHERE m."courseId" = 'seed_o9v14nv64z' LIMIT 5;
INSERT INTO "QuizAttempt" (id, "quizId", "enrollmentId", "userId", answers, score, "maxScore", percentage, passed, "startedAt", "submittedAt")
SELECT 'seed_1zmbk0ospf', q.id, 'seed_70sazkfml1', 'seed_olgr6dd14l', '{}'::jsonb, 4.4, 5, 88, TRUE, now(), now()
FROM "Quiz" q WHERE q."courseId" = 'seed_o9v14nv64z' LIMIT 1;
INSERT INTO "Certificate" (id, "certNumber", "userId", "courseId", "campusId", "enrollmentId", "verifyCode", title, "recipientName", "recipientIc", score, grade, "issuedAt", status, signature, "createdAt") VALUES ('seed_iw3ncon3nk', 'JTM-2026-00017', 'seed_olgr6dd14l', 'seed_o9v14nv64z', 'seed_c4ijpe4nz6', 'seed_70sazkfml1', 'JTM-SEED_3HWRWRDOQI', 'Sijil Penyiapan Kursus — Asas Mekatronik & Automasi', 'Hana binti Omar', '0693133-32-8334', 85, 'A', '2026-07-07T01:34:52.141Z', 'valid', 'Jabatan Tenaga Manusia (JTM)', now());
INSERT INTO "Enrollment" (id, "userId", "courseId", "campusId", status, "progressPct", "enrolledAt", "completedAt", "finalScore", "createdAt", "updatedAt") VALUES ('seed_43zdpqub9p', 'seed_olgr6dd14l', 'seed_eicszf6b92', 'seed_c4ijpe4nz6', 'completed', 100, '2026-06-30T01:34:52.141Z', '2026-07-05T01:34:52.141Z', 78, now(), now());
INSERT INTO "Progress" (id, "enrollmentId", "userId", "contentId", status, "timeSpentSec", score, "completedAt", "updatedAt")
SELECT 'seed_hgrvkhapnz', 'seed_43zdpqub9p', 'seed_olgr6dd14l', c.id,
  CASE WHEN 100 = 0 THEN 'not_started' WHEN random() < 100/100.0 THEN 'completed' ELSE 'in_progress' END,
  1034, 78,
  CASE WHEN random() < 100/100.0 THEN now() ELSE NULL END, now()
FROM "Content" c JOIN "Module" m ON c."moduleId" = m.id WHERE m."courseId" = 'seed_eicszf6b92' LIMIT 5;
INSERT INTO "QuizAttempt" (id, "quizId", "enrollmentId", "userId", answers, score, "maxScore", percentage, passed, "startedAt", "submittedAt")
SELECT 'seed_dwrl2n8bl9', q.id, 'seed_43zdpqub9p', 'seed_olgr6dd14l', '{}'::jsonb, 2.8, 5, 55, FALSE, now(), now()
FROM "Quiz" q WHERE q."courseId" = 'seed_eicszf6b92' LIMIT 1;
INSERT INTO "Certificate" (id, "certNumber", "userId", "courseId", "campusId", "enrollmentId", "verifyCode", title, "recipientName", "recipientIc", score, grade, "issuedAt", status, signature, "createdAt") VALUES ('seed_dmgzprtgv3', 'JTM-2026-00018', 'seed_olgr6dd14l', 'seed_eicszf6b92', 'seed_c4ijpe4nz6', 'seed_43zdpqub9p', 'JTM-SEED_BDDC58T3SS', 'Sijil Penyiapan Kursus — Pengurusan Projek Latihan TVET', 'Hana binti Omar', '0893215-68-9555', 78, 'A-', '2026-07-05T01:34:52.141Z', 'valid', 'Jabatan Tenaga Manusia (JTM)', now());
INSERT INTO "Enrollment" (id, "userId", "courseId", "campusId", status, "progressPct", "enrolledAt", "completedAt", "finalScore", "createdAt", "updatedAt") VALUES ('seed_scuiu9rwvu', 'seed_zfi6lbj0nf', 'seed_eicszf6b92', 'seed_fu7lsny7qi', 'completed', 100, '2026-07-04T01:34:52.141Z', '2026-07-12T01:34:52.141Z', 65, now(), now());
INSERT INTO "Progress" (id, "enrollmentId", "userId", "contentId", status, "timeSpentSec", score, "completedAt", "updatedAt")
SELECT 'seed_jyl73ju3o2', 'seed_scuiu9rwvu', 'seed_zfi6lbj0nf', c.id,
  CASE WHEN 100 = 0 THEN 'not_started' WHEN random() < 100/100.0 THEN 'completed' ELSE 'in_progress' END,
  1436, 74,
  CASE WHEN random() < 100/100.0 THEN now() ELSE NULL END, now()
FROM "Content" c JOIN "Module" m ON c."moduleId" = m.id WHERE m."courseId" = 'seed_eicszf6b92' LIMIT 5;
INSERT INTO "QuizAttempt" (id, "quizId", "enrollmentId", "userId", answers, score, "maxScore", percentage, passed, "startedAt", "submittedAt")
SELECT 'seed_oexslrwn5a', q.id, 'seed_scuiu9rwvu', 'seed_zfi6lbj0nf', '{}'::jsonb, 3.6, 5, 72, TRUE, now(), now()
FROM "Quiz" q WHERE q."courseId" = 'seed_eicszf6b92' LIMIT 1;
INSERT INTO "Certificate" (id, "certNumber", "userId", "courseId", "campusId", "enrollmentId", "verifyCode", title, "recipientName", "recipientIc", score, grade, "issuedAt", status, signature, "createdAt") VALUES ('seed_60murrxvjn', 'JTM-2026-00019', 'seed_zfi6lbj0nf', 'seed_eicszf6b92', 'seed_fu7lsny7qi', 'seed_scuiu9rwvu', 'JTM-SEED_NMQIBOYQ2H', 'Sijil Penyiapan Kursus — Pengurusan Projek Latihan TVET', 'Iqbal binti Siva', '0323091-12-3318', 65, 'B', '2026-07-12T01:34:52.141Z', 'valid', 'Jabatan Tenaga Manusia (JTM)', now());
INSERT INTO "Enrollment" (id, "userId", "courseId", "campusId", status, "progressPct", "enrolledAt", "completedAt", "finalScore", "createdAt", "updatedAt") VALUES ('seed_woz9gagbll', 'seed_zfi6lbj0nf', 'seed_tpceipmdu5', 'seed_fu7lsny7qi', 'active', 0, '2026-06-19T01:34:52.141Z', NULL, NULL, now(), now());
INSERT INTO "Progress" (id, "enrollmentId", "userId", "contentId", status, "timeSpentSec", score, "completedAt", "updatedAt")
SELECT 'seed_9mz5ib1wqt', 'seed_woz9gagbll', 'seed_zfi6lbj0nf', c.id,
  CASE WHEN 0 = 0 THEN 'not_started' WHEN random() < 0/100.0 THEN 'completed' ELSE 'in_progress' END,
  814, NULL,
  CASE WHEN random() < 0/100.0 THEN now() ELSE NULL END, now()
FROM "Content" c JOIN "Module" m ON c."moduleId" = m.id WHERE m."courseId" = 'seed_tpceipmdu5' LIMIT 5;
INSERT INTO "Enrollment" (id, "userId", "courseId", "campusId", status, "progressPct", "enrolledAt", "completedAt", "finalScore", "createdAt", "updatedAt") VALUES ('seed_ra2esbapqk', 'seed_zfi6lbj0nf', 'seed_p042jx6oqv', 'seed_fu7lsny7qi', 'dropped', 30, '2026-05-15T01:34:52.141Z', NULL, NULL, now(), now());
INSERT INTO "Progress" (id, "enrollmentId", "userId", "contentId", status, "timeSpentSec", score, "completedAt", "updatedAt")
SELECT 'seed_d46p0c0tf6', 'seed_ra2esbapqk', 'seed_zfi6lbj0nf', c.id,
  CASE WHEN 30 = 0 THEN 'not_started' WHEN random() < 30/100.0 THEN 'completed' ELSE 'in_progress' END,
  313, 95,
  CASE WHEN random() < 30/100.0 THEN now() ELSE NULL END, now()
FROM "Content" c JOIN "Module" m ON c."moduleId" = m.id WHERE m."courseId" = 'seed_p042jx6oqv' LIMIT 5;
INSERT INTO "QuizAttempt" (id, "quizId", "enrollmentId", "userId", answers, score, "maxScore", percentage, passed, "startedAt", "submittedAt")
SELECT 'seed_z3sf1pp7it', q.id, 'seed_ra2esbapqk', 'seed_zfi6lbj0nf', '{}'::jsonb, 2.8, 5, 55, FALSE, now(), now()
FROM "Quiz" q WHERE q."courseId" = 'seed_p042jx6oqv' LIMIT 1;
INSERT INTO "Enrollment" (id, "userId", "courseId", "campusId", status, "progressPct", "enrolledAt", "completedAt", "finalScore", "createdAt", "updatedAt") VALUES ('seed_nykispcyvm', 'seed_zfi6lbj0nf', 'seed_kexkh585q6', 'seed_fu7lsny7qi', 'active', 75, '2026-06-18T01:34:52.141Z', NULL, NULL, now(), now());
INSERT INTO "Progress" (id, "enrollmentId", "userId", "contentId", status, "timeSpentSec", score, "completedAt", "updatedAt")
SELECT 'seed_ce3f33eiyo', 'seed_nykispcyvm', 'seed_zfi6lbj0nf', c.id,
  CASE WHEN 75 = 0 THEN 'not_started' WHEN random() < 75/100.0 THEN 'completed' ELSE 'in_progress' END,
  1648, 88,
  CASE WHEN random() < 75/100.0 THEN now() ELSE NULL END, now()
FROM "Content" c JOIN "Module" m ON c."moduleId" = m.id WHERE m."courseId" = 'seed_kexkh585q6' LIMIT 5;
INSERT INTO "QuizAttempt" (id, "quizId", "enrollmentId", "userId", answers, score, "maxScore", percentage, passed, "startedAt", "submittedAt")
SELECT 'seed_f1muktmk17', q.id, 'seed_nykispcyvm', 'seed_zfi6lbj0nf', '{}'::jsonb, 4, 5, 80, TRUE, now(), now()
FROM "Quiz" q WHERE q."courseId" = 'seed_kexkh585q6' LIMIT 1;
INSERT INTO "Enrollment" (id, "userId", "courseId", "campusId", status, "progressPct", "enrolledAt", "completedAt", "finalScore", "createdAt", "updatedAt") VALUES ('seed_5rv63oabgg', 'seed_0xtic6n2rl', 'seed_72famd8zty', 'seed_d2wugb6gke', 'active', 15, '2026-05-17T01:34:52.141Z', NULL, NULL, now(), now());
INSERT INTO "Progress" (id, "enrollmentId", "userId", "contentId", status, "timeSpentSec", score, "completedAt", "updatedAt")
SELECT 'seed_io1y06mdl6', 'seed_5rv63oabgg', 'seed_0xtic6n2rl', c.id,
  CASE WHEN 15 = 0 THEN 'not_started' WHEN random() < 15/100.0 THEN 'completed' ELSE 'in_progress' END,
  1684, NULL,
  CASE WHEN random() < 15/100.0 THEN now() ELSE NULL END, now()
FROM "Content" c JOIN "Module" m ON c."moduleId" = m.id WHERE m."courseId" = 'seed_72famd8zty' LIMIT 5;
INSERT INTO "Enrollment" (id, "userId", "courseId", "campusId", status, "progressPct", "enrolledAt", "completedAt", "finalScore", "createdAt", "updatedAt") VALUES ('seed_14hbh6taxo', 'seed_0xtic6n2rl', 'seed_eicszf6b92', 'seed_d2wugb6gke', 'active', 0, '2026-06-10T01:34:52.141Z', NULL, NULL, now(), now());
INSERT INTO "Progress" (id, "enrollmentId", "userId", "contentId", status, "timeSpentSec", score, "completedAt", "updatedAt")
SELECT 'seed_8odnj2xik1', 'seed_14hbh6taxo', 'seed_0xtic6n2rl', c.id,
  CASE WHEN 0 = 0 THEN 'not_started' WHEN random() < 0/100.0 THEN 'completed' ELSE 'in_progress' END,
  1282, NULL,
  CASE WHEN random() < 0/100.0 THEN now() ELSE NULL END, now()
FROM "Content" c JOIN "Module" m ON c."moduleId" = m.id WHERE m."courseId" = 'seed_eicszf6b92' LIMIT 5;
INSERT INTO "Enrollment" (id, "userId", "courseId", "campusId", status, "progressPct", "enrolledAt", "completedAt", "finalScore", "createdAt", "updatedAt") VALUES ('seed_o7h18u4oj0', 'seed_0xtic6n2rl', 'seed_tpceipmdu5', 'seed_d2wugb6gke', 'active', 75, '2026-05-12T01:34:52.141Z', NULL, NULL, now(), now());
INSERT INTO "Progress" (id, "enrollmentId", "userId", "contentId", status, "timeSpentSec", score, "completedAt", "updatedAt")
SELECT 'seed_cbox5fo1fx', 'seed_o7h18u4oj0', 'seed_0xtic6n2rl', c.id,
  CASE WHEN 75 = 0 THEN 'not_started' WHEN random() < 75/100.0 THEN 'completed' ELSE 'in_progress' END,
  779, 71,
  CASE WHEN random() < 75/100.0 THEN now() ELSE NULL END, now()
FROM "Content" c JOIN "Module" m ON c."moduleId" = m.id WHERE m."courseId" = 'seed_tpceipmdu5' LIMIT 5;
INSERT INTO "QuizAttempt" (id, "quizId", "enrollmentId", "userId", answers, score, "maxScore", percentage, passed, "startedAt", "submittedAt")
SELECT 'seed_liiokanjo6', q.id, 'seed_o7h18u4oj0', 'seed_0xtic6n2rl', '{}'::jsonb, 3.3, 5, 65, TRUE, now(), now()
FROM "Quiz" q WHERE q."courseId" = 'seed_tpceipmdu5' LIMIT 1;
INSERT INTO "Enrollment" (id, "userId", "courseId", "campusId", status, "progressPct", "enrolledAt", "completedAt", "finalScore", "createdAt", "updatedAt") VALUES ('seed_82i836hxwm', 'seed_a8dxxqzg2j', 'seed_72famd8zty', 'seed_nsto8ktrxu', 'completed', 100, '2026-07-02T01:34:52.141Z', '2026-07-12T01:34:52.141Z', 78, now(), now());
INSERT INTO "Progress" (id, "enrollmentId", "userId", "contentId", status, "timeSpentSec", score, "completedAt", "updatedAt")
SELECT 'seed_0e5zgyvc8p', 'seed_82i836hxwm', 'seed_a8dxxqzg2j', c.id,
  CASE WHEN 100 = 0 THEN 'not_started' WHEN random() < 100/100.0 THEN 'completed' ELSE 'in_progress' END,
  1296, 81,
  CASE WHEN random() < 100/100.0 THEN now() ELSE NULL END, now()
FROM "Content" c JOIN "Module" m ON c."moduleId" = m.id WHERE m."courseId" = 'seed_72famd8zty' LIMIT 5;
INSERT INTO "QuizAttempt" (id, "quizId", "enrollmentId", "userId", answers, score, "maxScore", percentage, passed, "startedAt", "submittedAt")
SELECT 'seed_k2m3ony9h3', q.id, 'seed_82i836hxwm', 'seed_a8dxxqzg2j', '{}'::jsonb, 4.8, 5, 95, TRUE, now(), now()
FROM "Quiz" q WHERE q."courseId" = 'seed_72famd8zty' LIMIT 1;
INSERT INTO "Certificate" (id, "certNumber", "userId", "courseId", "campusId", "enrollmentId", "verifyCode", title, "recipientName", "recipientIc", score, grade, "issuedAt", status, signature, "createdAt") VALUES ('seed_82mtsgxgr4', 'JTM-2026-00020', 'seed_a8dxxqzg2j', 'seed_72famd8zty', 'seed_nsto8ktrxu', 'seed_82i836hxwm', 'JTM-SEED_MIGIX8ST3A', 'Sijil Penyiapan Kursus — Reka Bentuk Pakaian Digital', 'Khairi bin Tan', '0629769-30-2278', 78, 'A-', '2026-07-12T01:34:52.141Z', 'valid', 'Jabatan Tenaga Manusia (JTM)', now());
INSERT INTO "Enrollment" (id, "userId", "courseId", "campusId", status, "progressPct", "enrolledAt", "completedAt", "finalScore", "createdAt", "updatedAt") VALUES ('seed_v0ciisspj7', 'seed_a8dxxqzg2j', 'seed_stnjq5tleu', 'seed_nsto8ktrxu', 'active', 15, '2026-06-16T01:34:52.141Z', NULL, NULL, now(), now());
INSERT INTO "Progress" (id, "enrollmentId", "userId", "contentId", status, "timeSpentSec", score, "completedAt", "updatedAt")
SELECT 'seed_bj5vs5ug6j', 'seed_v0ciisspj7', 'seed_a8dxxqzg2j', c.id,
  CASE WHEN 15 = 0 THEN 'not_started' WHEN random() < 15/100.0 THEN 'completed' ELSE 'in_progress' END,
  691, NULL,
  CASE WHEN random() < 15/100.0 THEN now() ELSE NULL END, now()
FROM "Content" c JOIN "Module" m ON c."moduleId" = m.id WHERE m."courseId" = 'seed_stnjq5tleu' LIMIT 5;
INSERT INTO "Enrollment" (id, "userId", "courseId", "campusId", status, "progressPct", "enrolledAt", "completedAt", "finalScore", "createdAt", "updatedAt") VALUES ('seed_2xco170l5s', 'seed_a8dxxqzg2j', 'seed_nbwohj4ytb', 'seed_nsto8ktrxu', 'dropped', 45, '2026-06-11T01:34:52.141Z', NULL, NULL, now(), now());
INSERT INTO "Progress" (id, "enrollmentId", "userId", "contentId", status, "timeSpentSec", score, "completedAt", "updatedAt")
SELECT 'seed_edhobm601e', 'seed_2xco170l5s', 'seed_a8dxxqzg2j', c.id,
  CASE WHEN 45 = 0 THEN 'not_started' WHEN random() < 45/100.0 THEN 'completed' ELSE 'in_progress' END,
  556, 78,
  CASE WHEN random() < 45/100.0 THEN now() ELSE NULL END, now()
FROM "Content" c JOIN "Module" m ON c."moduleId" = m.id WHERE m."courseId" = 'seed_nbwohj4ytb' LIMIT 5;
INSERT INTO "QuizAttempt" (id, "quizId", "enrollmentId", "userId", answers, score, "maxScore", percentage, passed, "startedAt", "submittedAt")
SELECT 'seed_du6nxda5qd', q.id, 'seed_2xco170l5s', 'seed_a8dxxqzg2j', '{}'::jsonb, 3.6, 5, 72, TRUE, now(), now()
FROM "Quiz" q WHERE q."courseId" = 'seed_nbwohj4ytb' LIMIT 1;
INSERT INTO "Enrollment" (id, "userId", "courseId", "campusId", status, "progressPct", "enrolledAt", "completedAt", "finalScore", "createdAt", "updatedAt") VALUES ('seed_9x3amrloqb', 'seed_6duurl5o01', 'seed_6mxw545vkp', 'seed_3555iwre23', 'active', 0, '2026-06-09T01:34:52.141Z', NULL, NULL, now(), now());
INSERT INTO "Progress" (id, "enrollmentId", "userId", "contentId", status, "timeSpentSec", score, "completedAt", "updatedAt")
SELECT 'seed_g9blembsje', 'seed_9x3amrloqb', 'seed_6duurl5o01', c.id,
  CASE WHEN 0 = 0 THEN 'not_started' WHEN random() < 0/100.0 THEN 'completed' ELSE 'in_progress' END,
  1601, NULL,
  CASE WHEN random() < 0/100.0 THEN now() ELSE NULL END, now()
FROM "Content" c JOIN "Module" m ON c."moduleId" = m.id WHERE m."courseId" = 'seed_6mxw545vkp' LIMIT 5;
INSERT INTO "Enrollment" (id, "userId", "courseId", "campusId", status, "progressPct", "enrolledAt", "completedAt", "finalScore", "createdAt", "updatedAt") VALUES ('seed_vbevglysul', 'seed_6duurl5o01', 'seed_stnjq5tleu', 'seed_3555iwre23', 'dropped', 75, '2026-05-11T01:34:52.141Z', NULL, NULL, now(), now());
INSERT INTO "Progress" (id, "enrollmentId", "userId", "contentId", status, "timeSpentSec", score, "completedAt", "updatedAt")
SELECT 'seed_j0m1yx9lpj', 'seed_vbevglysul', 'seed_6duurl5o01', c.id,
  CASE WHEN 75 = 0 THEN 'not_started' WHEN random() < 75/100.0 THEN 'completed' ELSE 'in_progress' END,
  676, 100,
  CASE WHEN random() < 75/100.0 THEN now() ELSE NULL END, now()
FROM "Content" c JOIN "Module" m ON c."moduleId" = m.id WHERE m."courseId" = 'seed_stnjq5tleu' LIMIT 5;
INSERT INTO "QuizAttempt" (id, "quizId", "enrollmentId", "userId", answers, score, "maxScore", percentage, passed, "startedAt", "submittedAt")
SELECT 'seed_7onip2v4jq', q.id, 'seed_vbevglysul', 'seed_6duurl5o01', '{}'::jsonb, 4.4, 5, 88, TRUE, now(), now()
FROM "Quiz" q WHERE q."courseId" = 'seed_stnjq5tleu' LIMIT 1;
INSERT INTO "Enrollment" (id, "userId", "courseId", "campusId", status, "progressPct", "enrolledAt", "completedAt", "finalScore", "createdAt", "updatedAt") VALUES ('seed_fexaz04rlb', 'seed_6duurl5o01', 'seed_wvic8hdr1l', 'seed_3555iwre23', 'completed', 100, '2026-04-22T01:34:52.141Z', '2026-07-06T01:34:52.141Z', 78, now(), now());
INSERT INTO "Progress" (id, "enrollmentId", "userId", "contentId", status, "timeSpentSec", score, "completedAt", "updatedAt")
SELECT 'seed_soasnwanbc', 'seed_fexaz04rlb', 'seed_6duurl5o01', c.id,
  CASE WHEN 100 = 0 THEN 'not_started' WHEN random() < 100/100.0 THEN 'completed' ELSE 'in_progress' END,
  162, 99,
  CASE WHEN random() < 100/100.0 THEN now() ELSE NULL END, now()
FROM "Content" c JOIN "Module" m ON c."moduleId" = m.id WHERE m."courseId" = 'seed_wvic8hdr1l' LIMIT 5;
INSERT INTO "QuizAttempt" (id, "quizId", "enrollmentId", "userId", answers, score, "maxScore", percentage, passed, "startedAt", "submittedAt")
SELECT 'seed_qse6krt72r', q.id, 'seed_fexaz04rlb', 'seed_6duurl5o01', '{}'::jsonb, 4.8, 5, 95, TRUE, now(), now()
FROM "Quiz" q WHERE q."courseId" = 'seed_wvic8hdr1l' LIMIT 1;
INSERT INTO "Certificate" (id, "certNumber", "userId", "courseId", "campusId", "enrollmentId", "verifyCode", title, "recipientName", "recipientIc", score, grade, "issuedAt", status, signature, "createdAt") VALUES ('seed_otanav2jdg', 'JTM-2026-00021', 'seed_6duurl5o01', 'seed_wvic8hdr1l', 'seed_3555iwre23', 'seed_fexaz04rlb', 'JTM-SEED_U8LN0RLFR3', 'Sijil Penyiapan Kursus — Penyelenggaraan Enjin Kenderaan Moden', 'Laila bin Wong', '0164499-78-8330', 78, 'A-', '2026-07-06T01:34:52.141Z', 'valid', 'Jabatan Tenaga Manusia (JTM)', now());
INSERT INTO "Enrollment" (id, "userId", "courseId", "campusId", status, "progressPct", "enrolledAt", "completedAt", "finalScore", "createdAt", "updatedAt") VALUES ('seed_6shuk2mct1', 'seed_8nkfeqyckf', 'seed_9ymihyeggu', 'seed_2lmmagdlgf', 'active', 30, '2026-07-03T01:34:52.141Z', NULL, NULL, now(), now());
INSERT INTO "Progress" (id, "enrollmentId", "userId", "contentId", status, "timeSpentSec", score, "completedAt", "updatedAt")
SELECT 'seed_5g59wz1v22', 'seed_6shuk2mct1', 'seed_8nkfeqyckf', c.id,
  CASE WHEN 30 = 0 THEN 'not_started' WHEN random() < 30/100.0 THEN 'completed' ELSE 'in_progress' END,
  1672, 90,
  CASE WHEN random() < 30/100.0 THEN now() ELSE NULL END, now()
FROM "Content" c JOIN "Module" m ON c."moduleId" = m.id WHERE m."courseId" = 'seed_9ymihyeggu' LIMIT 5;
INSERT INTO "QuizAttempt" (id, "quizId", "enrollmentId", "userId", answers, score, "maxScore", percentage, passed, "startedAt", "submittedAt")
SELECT 'seed_bbq3mdyz43', q.id, 'seed_6shuk2mct1', 'seed_8nkfeqyckf', '{}'::jsonb, 3.6, 5, 72, TRUE, now(), now()
FROM "Quiz" q WHERE q."courseId" = 'seed_9ymihyeggu' LIMIT 1;
INSERT INTO "Enrollment" (id, "userId", "courseId", "campusId", status, "progressPct", "enrolledAt", "completedAt", "finalScore", "createdAt", "updatedAt") VALUES ('seed_54aenrazjj', 'seed_8nkfeqyckf', 'seed_wvic8hdr1l', 'seed_2lmmagdlgf', 'active', 15, '2026-05-21T01:34:52.141Z', NULL, NULL, now(), now());
INSERT INTO "Progress" (id, "enrollmentId", "userId", "contentId", status, "timeSpentSec", score, "completedAt", "updatedAt")
SELECT 'seed_5mawnmqejo', 'seed_54aenrazjj', 'seed_8nkfeqyckf', c.id,
  CASE WHEN 15 = 0 THEN 'not_started' WHEN random() < 15/100.0 THEN 'completed' ELSE 'in_progress' END,
  935, NULL,
  CASE WHEN random() < 15/100.0 THEN now() ELSE NULL END, now()
FROM "Content" c JOIN "Module" m ON c."moduleId" = m.id WHERE m."courseId" = 'seed_wvic8hdr1l' LIMIT 5;
INSERT INTO "Enrollment" (id, "userId", "courseId", "campusId", status, "progressPct", "enrolledAt", "completedAt", "finalScore", "createdAt", "updatedAt") VALUES ('seed_f166kwykuh', 'seed_8nkfeqyckf', 'seed_2eu7xhrc4p', 'seed_2lmmagdlgf', 'active', 0, '2026-04-30T01:34:52.141Z', NULL, NULL, now(), now());
INSERT INTO "Progress" (id, "enrollmentId", "userId", "contentId", status, "timeSpentSec", score, "completedAt", "updatedAt")
SELECT 'seed_httwboichx', 'seed_f166kwykuh', 'seed_8nkfeqyckf', c.id,
  CASE WHEN 0 = 0 THEN 'not_started' WHEN random() < 0/100.0 THEN 'completed' ELSE 'in_progress' END,
  554, NULL,
  CASE WHEN random() < 0/100.0 THEN now() ELSE NULL END, now()
FROM "Content" c JOIN "Module" m ON c."moduleId" = m.id WHERE m."courseId" = 'seed_2eu7xhrc4p' LIMIT 5;
INSERT INTO "Enrollment" (id, "userId", "courseId", "campusId", status, "progressPct", "enrolledAt", "completedAt", "finalScore", "createdAt", "updatedAt") VALUES ('seed_ecp90uss1r', 'seed_8nkfeqyckf', 'seed_6mxw545vkp', 'seed_2lmmagdlgf', 'completed', 100, '2026-06-24T01:34:52.141Z', '2026-07-10T01:34:52.141Z', 92, now(), now());
INSERT INTO "Progress" (id, "enrollmentId", "userId", "contentId", status, "timeSpentSec", score, "completedAt", "updatedAt")
SELECT 'seed_mfk5qudcbh', 'seed_ecp90uss1r', 'seed_8nkfeqyckf', c.id,
  CASE WHEN 100 = 0 THEN 'not_started' WHEN random() < 100/100.0 THEN 'completed' ELSE 'in_progress' END,
  1104, 99,
  CASE WHEN random() < 100/100.0 THEN now() ELSE NULL END, now()
FROM "Content" c JOIN "Module" m ON c."moduleId" = m.id WHERE m."courseId" = 'seed_6mxw545vkp' LIMIT 5;
INSERT INTO "QuizAttempt" (id, "quizId", "enrollmentId", "userId", answers, score, "maxScore", percentage, passed, "startedAt", "submittedAt")
SELECT 'seed_gr63ytzzg3', q.id, 'seed_ecp90uss1r', 'seed_8nkfeqyckf', '{}'::jsonb, 4, 5, 80, TRUE, now(), now()
FROM "Quiz" q WHERE q."courseId" = 'seed_6mxw545vkp' LIMIT 1;
INSERT INTO "Certificate" (id, "certNumber", "userId", "courseId", "campusId", "enrollmentId", "verifyCode", title, "recipientName", "recipientIc", score, grade, "issuedAt", status, signature, "createdAt") VALUES ('seed_saybvp24ti', 'JTM-2026-00022', 'seed_8nkfeqyckf', 'seed_6mxw545vkp', 'seed_2lmmagdlgf', 'seed_ecp90uss1r', 'JTM-SEED_ET7FO5JI7R', 'Sijil Penyiapan Kursus — Keselamatan Siber & Ethical Hacking', 'Mukhriz binti Siva', '0571815-29-7507', 92, 'A+', '2026-07-10T01:34:52.141Z', 'valid', 'Jabatan Tenaga Manusia (JTM)', now());
INSERT INTO "Enrollment" (id, "userId", "courseId", "campusId", status, "progressPct", "enrolledAt", "completedAt", "finalScore", "createdAt", "updatedAt") VALUES ('seed_ljf3bqwcd3', 'seed_61swcs56gc', 'seed_1il16th4b', 'seed_n7cfvq4mxg', 'active', 75, '2026-06-28T01:34:52.141Z', NULL, NULL, now(), now());
INSERT INTO "Progress" (id, "enrollmentId", "userId", "contentId", status, "timeSpentSec", score, "completedAt", "updatedAt")
SELECT 'seed_kr5e5vyk60', 'seed_ljf3bqwcd3', 'seed_61swcs56gc', c.id,
  CASE WHEN 75 = 0 THEN 'not_started' WHEN random() < 75/100.0 THEN 'completed' ELSE 'in_progress' END,
  137, 100,
  CASE WHEN random() < 75/100.0 THEN now() ELSE NULL END, now()
FROM "Content" c JOIN "Module" m ON c."moduleId" = m.id WHERE m."courseId" = 'seed_1il16th4b' LIMIT 5;
INSERT INTO "QuizAttempt" (id, "quizId", "enrollmentId", "userId", answers, score, "maxScore", percentage, passed, "startedAt", "submittedAt")
SELECT 'seed_ubwucdwpja', q.id, 'seed_ljf3bqwcd3', 'seed_61swcs56gc', '{}'::jsonb, 4.8, 5, 95, TRUE, now(), now()
FROM "Quiz" q WHERE q."courseId" = 'seed_1il16th4b' LIMIT 1;
INSERT INTO "Enrollment" (id, "userId", "courseId", "campusId", status, "progressPct", "enrolledAt", "completedAt", "finalScore", "createdAt", "updatedAt") VALUES ('seed_ez96sajjvm', 'seed_61swcs56gc', 'seed_kexkh585q6', 'seed_n7cfvq4mxg', 'active', 15, '2026-05-21T01:34:52.141Z', NULL, NULL, now(), now());
INSERT INTO "Progress" (id, "enrollmentId", "userId", "contentId", status, "timeSpentSec", score, "completedAt", "updatedAt")
SELECT 'seed_vloi8vzd45', 'seed_ez96sajjvm', 'seed_61swcs56gc', c.id,
  CASE WHEN 15 = 0 THEN 'not_started' WHEN random() < 15/100.0 THEN 'completed' ELSE 'in_progress' END,
  340, NULL,
  CASE WHEN random() < 15/100.0 THEN now() ELSE NULL END, now()
FROM "Content" c JOIN "Module" m ON c."moduleId" = m.id WHERE m."courseId" = 'seed_kexkh585q6' LIMIT 5;
INSERT INTO "Enrollment" (id, "userId", "courseId", "campusId", status, "progressPct", "enrolledAt", "completedAt", "finalScore", "createdAt", "updatedAt") VALUES ('seed_5qakt0u234', 'seed_61swcs56gc', 'seed_o9v14nv64z', 'seed_n7cfvq4mxg', 'completed', 100, '2026-05-03T01:34:52.141Z', '2026-07-13T01:34:52.141Z', 85, now(), now());
INSERT INTO "Progress" (id, "enrollmentId", "userId", "contentId", status, "timeSpentSec", score, "completedAt", "updatedAt")
SELECT 'seed_xe8jy55z2b', 'seed_5qakt0u234', 'seed_61swcs56gc', c.id,
  CASE WHEN 100 = 0 THEN 'not_started' WHEN random() < 100/100.0 THEN 'completed' ELSE 'in_progress' END,
  1696, 78,
  CASE WHEN random() < 100/100.0 THEN now() ELSE NULL END, now()
FROM "Content" c JOIN "Module" m ON c."moduleId" = m.id WHERE m."courseId" = 'seed_o9v14nv64z' LIMIT 5;
INSERT INTO "QuizAttempt" (id, "quizId", "enrollmentId", "userId", answers, score, "maxScore", percentage, passed, "startedAt", "submittedAt")
SELECT 'seed_bupvh62zqv', q.id, 'seed_5qakt0u234', 'seed_61swcs56gc', '{}'::jsonb, 4, 5, 80, TRUE, now(), now()
FROM "Quiz" q WHERE q."courseId" = 'seed_o9v14nv64z' LIMIT 1;
INSERT INTO "Certificate" (id, "certNumber", "userId", "courseId", "campusId", "enrollmentId", "verifyCode", title, "recipientName", "recipientIc", score, grade, "issuedAt", status, signature, "createdAt") VALUES ('seed_ok1zn6fvtz', 'JTM-2026-00023', 'seed_61swcs56gc', 'seed_o9v14nv64z', 'seed_n7cfvq4mxg', 'seed_5qakt0u234', 'JTM-SEED_CCHMN0KS3X', 'Sijil Penyiapan Kursus — Asas Mekatronik & Automasi', 'Nabil bin Wong', '0492235-10-8742', 85, 'A', '2026-07-13T01:34:52.141Z', 'valid', 'Jabatan Tenaga Manusia (JTM)', now());
INSERT INTO "Enrollment" (id, "userId", "courseId", "campusId", status, "progressPct", "enrolledAt", "completedAt", "finalScore", "createdAt", "updatedAt") VALUES ('seed_w07kpph0rj', 'seed_0zh5intdcc', 'seed_tpceipmdu5', 'seed_2u2ynx3qot', 'active', 30, '2026-05-18T01:34:52.141Z', NULL, NULL, now(), now());
INSERT INTO "Progress" (id, "enrollmentId", "userId", "contentId", status, "timeSpentSec", score, "completedAt", "updatedAt")
SELECT 'seed_6gvcv5tmv9', 'seed_w07kpph0rj', 'seed_0zh5intdcc', c.id,
  CASE WHEN 30 = 0 THEN 'not_started' WHEN random() < 30/100.0 THEN 'completed' ELSE 'in_progress' END,
  1557, 98,
  CASE WHEN random() < 30/100.0 THEN now() ELSE NULL END, now()
FROM "Content" c JOIN "Module" m ON c."moduleId" = m.id WHERE m."courseId" = 'seed_tpceipmdu5' LIMIT 5;
INSERT INTO "QuizAttempt" (id, "quizId", "enrollmentId", "userId", answers, score, "maxScore", percentage, passed, "startedAt", "submittedAt")
SELECT 'seed_st0vxanqqq', q.id, 'seed_w07kpph0rj', 'seed_0zh5intdcc', '{}'::jsonb, 4, 5, 80, TRUE, now(), now()
FROM "Quiz" q WHERE q."courseId" = 'seed_tpceipmdu5' LIMIT 1;
INSERT INTO "Enrollment" (id, "userId", "courseId", "campusId", status, "progressPct", "enrolledAt", "completedAt", "finalScore", "createdAt", "updatedAt") VALUES ('seed_iao8aab4tl', 'seed_0zh5intdcc', 'seed_mfgxwk1p02', 'seed_2u2ynx3qot', 'active', 75, '2026-05-02T01:34:52.141Z', NULL, NULL, now(), now());
INSERT INTO "Progress" (id, "enrollmentId", "userId", "contentId", status, "timeSpentSec", score, "completedAt", "updatedAt")
SELECT 'seed_9w08fwrs75', 'seed_iao8aab4tl', 'seed_0zh5intdcc', c.id,
  CASE WHEN 75 = 0 THEN 'not_started' WHEN random() < 75/100.0 THEN 'completed' ELSE 'in_progress' END,
  806, 79,
  CASE WHEN random() < 75/100.0 THEN now() ELSE NULL END, now()
FROM "Content" c JOIN "Module" m ON c."moduleId" = m.id WHERE m."courseId" = 'seed_mfgxwk1p02' LIMIT 5;
INSERT INTO "QuizAttempt" (id, "quizId", "enrollmentId", "userId", answers, score, "maxScore", percentage, passed, "startedAt", "submittedAt")
SELECT 'seed_tgefpdavhd', q.id, 'seed_iao8aab4tl', 'seed_0zh5intdcc', '{}'::jsonb, 2.8, 5, 55, FALSE, now(), now()
FROM "Quiz" q WHERE q."courseId" = 'seed_mfgxwk1p02' LIMIT 1;
INSERT INTO "Enrollment" (id, "userId", "courseId", "campusId", status, "progressPct", "enrolledAt", "completedAt", "finalScore", "createdAt", "updatedAt") VALUES ('seed_cb52sprw43', 'seed_0zh5intdcc', 'seed_nbwohj4ytb', 'seed_2u2ynx3qot', 'completed', 100, '2026-04-26T01:34:52.141Z', '2026-07-15T01:34:52.141Z', 65, now(), now());
INSERT INTO "Progress" (id, "enrollmentId", "userId", "contentId", status, "timeSpentSec", score, "completedAt", "updatedAt")
SELECT 'seed_y9xntv63ae', 'seed_cb52sprw43', 'seed_0zh5intdcc', c.id,
  CASE WHEN 100 = 0 THEN 'not_started' WHEN random() < 100/100.0 THEN 'completed' ELSE 'in_progress' END,
  1161, 85,
  CASE WHEN random() < 100/100.0 THEN now() ELSE NULL END, now()
FROM "Content" c JOIN "Module" m ON c."moduleId" = m.id WHERE m."courseId" = 'seed_nbwohj4ytb' LIMIT 5;
INSERT INTO "QuizAttempt" (id, "quizId", "enrollmentId", "userId", answers, score, "maxScore", percentage, passed, "startedAt", "submittedAt")
SELECT 'seed_ca2fsnzhnf', q.id, 'seed_cb52sprw43', 'seed_0zh5intdcc', '{}'::jsonb, 4, 5, 80, TRUE, now(), now()
FROM "Quiz" q WHERE q."courseId" = 'seed_nbwohj4ytb' LIMIT 1;
INSERT INTO "Certificate" (id, "certNumber", "userId", "courseId", "campusId", "enrollmentId", "verifyCode", title, "recipientName", "recipientIc", score, grade, "issuedAt", status, signature, "createdAt") VALUES ('seed_wke6egfruf', 'JTM-2026-00024', 'seed_0zh5intdcc', 'seed_nbwohj4ytb', 'seed_2u2ynx3qot', 'seed_cb52sprw43', 'JTM-SEED_6QBNSIK3VR', 'Sijil Penyiapan Kursus — Pengendalian Mesin CNC', 'Putri bin Goh', '0947591-68-1611', 65, 'B', '2026-07-15T01:34:52.141Z', 'valid', 'Jabatan Tenaga Manusia (JTM)', now());
INSERT INTO "Enrollment" (id, "userId", "courseId", "campusId", status, "progressPct", "enrolledAt", "completedAt", "finalScore", "createdAt", "updatedAt") VALUES ('seed_kyd6dgvyu0', 'seed_ssqzh4moub', 'seed_2eu7xhrc4p', 'seed_3555iwre23', 'active', 30, '2026-07-05T01:34:52.141Z', NULL, NULL, now(), now());
INSERT INTO "Progress" (id, "enrollmentId", "userId", "contentId", status, "timeSpentSec", score, "completedAt", "updatedAt")
SELECT 'seed_k6sww3wmhe', 'seed_kyd6dgvyu0', 'seed_ssqzh4moub', c.id,
  CASE WHEN 30 = 0 THEN 'not_started' WHEN random() < 30/100.0 THEN 'completed' ELSE 'in_progress' END,
  1736, 82,
  CASE WHEN random() < 30/100.0 THEN now() ELSE NULL END, now()
FROM "Content" c JOIN "Module" m ON c."moduleId" = m.id WHERE m."courseId" = 'seed_2eu7xhrc4p' LIMIT 5;
INSERT INTO "QuizAttempt" (id, "quizId", "enrollmentId", "userId", answers, score, "maxScore", percentage, passed, "startedAt", "submittedAt")
SELECT 'seed_idxhtege7a', q.id, 'seed_kyd6dgvyu0', 'seed_ssqzh4moub', '{}'::jsonb, 4, 5, 80, TRUE, now(), now()
FROM "Quiz" q WHERE q."courseId" = 'seed_2eu7xhrc4p' LIMIT 1;
INSERT INTO "Enrollment" (id, "userId", "courseId", "campusId", status, "progressPct", "enrolledAt", "completedAt", "finalScore", "createdAt", "updatedAt") VALUES ('seed_er8qc8ajks', 'seed_ssqzh4moub', 'seed_p042jx6oqv', 'seed_3555iwre23', 'completed', 100, '2026-05-07T01:34:52.141Z', '2026-07-12T01:34:52.141Z', 72, now(), now());
INSERT INTO "Progress" (id, "enrollmentId", "userId", "contentId", status, "timeSpentSec", score, "completedAt", "updatedAt")
SELECT 'seed_jqvt5ew77q', 'seed_er8qc8ajks', 'seed_ssqzh4moub', c.id,
  CASE WHEN 100 = 0 THEN 'not_started' WHEN random() < 100/100.0 THEN 'completed' ELSE 'in_progress' END,
  752, 86,
  CASE WHEN random() < 100/100.0 THEN now() ELSE NULL END, now()
FROM "Content" c JOIN "Module" m ON c."moduleId" = m.id WHERE m."courseId" = 'seed_p042jx6oqv' LIMIT 5;
INSERT INTO "QuizAttempt" (id, "quizId", "enrollmentId", "userId", answers, score, "maxScore", percentage, passed, "startedAt", "submittedAt")
SELECT 'seed_8vya6yycjt', q.id, 'seed_er8qc8ajks', 'seed_ssqzh4moub', '{}'::jsonb, 4.8, 5, 95, TRUE, now(), now()
FROM "Quiz" q WHERE q."courseId" = 'seed_p042jx6oqv' LIMIT 1;
INSERT INTO "Certificate" (id, "certNumber", "userId", "courseId", "campusId", "enrollmentId", "verifyCode", title, "recipientName", "recipientIc", score, grade, "issuedAt", status, signature, "createdAt") VALUES ('seed_pvxp30f9fs', 'JTM-2026-00025', 'seed_ssqzh4moub', 'seed_p042jx6oqv', 'seed_3555iwre23', 'seed_er8qc8ajks', 'JTM-SEED_JPIPJBCUDS', 'Sijil Penyiapan Kursus — Pengendalian Mesin CNC', 'Qais binti Abu', '0685484-16-6978', 72, 'B+', '2026-07-12T01:34:52.141Z', 'valid', 'Jabatan Tenaga Manusia (JTM)', now());
INSERT INTO "Enrollment" (id, "userId", "courseId", "campusId", status, "progressPct", "enrolledAt", "completedAt", "finalScore", "createdAt", "updatedAt") VALUES ('seed_89v2092ih6', 'seed_2vdgk2hwmf', 'seed_gwlvt0vqrr', 'seed_2lmmagdlgf', 'active', 75, '2026-05-31T01:34:52.141Z', NULL, NULL, now(), now());
INSERT INTO "Progress" (id, "enrollmentId", "userId", "contentId", status, "timeSpentSec", score, "completedAt", "updatedAt")
SELECT 'seed_swkjs2vwmi', 'seed_89v2092ih6', 'seed_2vdgk2hwmf', c.id,
  CASE WHEN 75 = 0 THEN 'not_started' WHEN random() < 75/100.0 THEN 'completed' ELSE 'in_progress' END,
  301, 88,
  CASE WHEN random() < 75/100.0 THEN now() ELSE NULL END, now()
FROM "Content" c JOIN "Module" m ON c."moduleId" = m.id WHERE m."courseId" = 'seed_gwlvt0vqrr' LIMIT 5;
INSERT INTO "QuizAttempt" (id, "quizId", "enrollmentId", "userId", answers, score, "maxScore", percentage, passed, "startedAt", "submittedAt")
SELECT 'seed_vlgeb61an3', q.id, 'seed_89v2092ih6', 'seed_2vdgk2hwmf', '{}'::jsonb, 3.3, 5, 65, TRUE, now(), now()
FROM "Quiz" q WHERE q."courseId" = 'seed_gwlvt0vqrr' LIMIT 1;
INSERT INTO "Enrollment" (id, "userId", "courseId", "campusId", status, "progressPct", "enrolledAt", "completedAt", "finalScore", "createdAt", "updatedAt") VALUES ('seed_t53p3sesf6', 'seed_2vdgk2hwmf', 'seed_5z264ndb0n', 'seed_2lmmagdlgf', 'completed', 100, '2026-04-26T01:34:52.141Z', '2026-07-07T01:34:52.141Z', 78, now(), now());
INSERT INTO "Progress" (id, "enrollmentId", "userId", "contentId", status, "timeSpentSec", score, "completedAt", "updatedAt")
SELECT 'seed_9azhyt0b7r', 'seed_t53p3sesf6', 'seed_2vdgk2hwmf', c.id,
  CASE WHEN 100 = 0 THEN 'not_started' WHEN random() < 100/100.0 THEN 'completed' ELSE 'in_progress' END,
  1701, 71,
  CASE WHEN random() < 100/100.0 THEN now() ELSE NULL END, now()
FROM "Content" c JOIN "Module" m ON c."moduleId" = m.id WHERE m."courseId" = 'seed_5z264ndb0n' LIMIT 5;
INSERT INTO "QuizAttempt" (id, "quizId", "enrollmentId", "userId", answers, score, "maxScore", percentage, passed, "startedAt", "submittedAt")
SELECT 'seed_fdurkf663n', q.id, 'seed_t53p3sesf6', 'seed_2vdgk2hwmf', '{}'::jsonb, 3.3, 5, 65, TRUE, now(), now()
FROM "Quiz" q WHERE q."courseId" = 'seed_5z264ndb0n' LIMIT 1;
INSERT INTO "Certificate" (id, "certNumber", "userId", "courseId", "campusId", "enrollmentId", "verifyCode", title, "recipientName", "recipientIc", score, grade, "issuedAt", status, signature, "createdAt") VALUES ('seed_dqfld5cweo', 'JTM-2026-00026', 'seed_2vdgk2hwmf', 'seed_5z264ndb0n', 'seed_2lmmagdlgf', 'seed_t53p3sesf6', 'JTM-SEED_Q4BKM96KKF', 'Sijil Penyiapan Kursus — Pengurusan Tapak Bina', 'Rania bin Goh', '0982894-12-7532', 78, 'A-', '2026-07-07T01:34:52.141Z', 'valid', 'Jabatan Tenaga Manusia (JTM)', now());
INSERT INTO "Enrollment" (id, "userId", "courseId", "campusId", status, "progressPct", "enrolledAt", "completedAt", "finalScore", "createdAt", "updatedAt") VALUES ('seed_a95olmxu5u', 'seed_2vdgk2hwmf', 'seed_kexkh585q6', 'seed_2lmmagdlgf', 'active', 0, '2026-05-13T01:34:52.141Z', NULL, NULL, now(), now());
INSERT INTO "Progress" (id, "enrollmentId", "userId", "contentId", status, "timeSpentSec", score, "completedAt", "updatedAt")
SELECT 'seed_80wfa92tgs', 'seed_a95olmxu5u', 'seed_2vdgk2hwmf', c.id,
  CASE WHEN 0 = 0 THEN 'not_started' WHEN random() < 0/100.0 THEN 'completed' ELSE 'in_progress' END,
  1081, NULL,
  CASE WHEN random() < 0/100.0 THEN now() ELSE NULL END, now()
FROM "Content" c JOIN "Module" m ON c."moduleId" = m.id WHERE m."courseId" = 'seed_kexkh585q6' LIMIT 5;
INSERT INTO "Enrollment" (id, "userId", "courseId", "campusId", status, "progressPct", "enrolledAt", "completedAt", "finalScore", "createdAt", "updatedAt") VALUES ('seed_68dhbf1cn4', 'seed_dbi1lin8jb', 'seed_o9v14nv64z', 'seed_nfd28x1qrz', 'completed', 100, '2026-04-20T01:34:52.141Z', '2026-07-07T01:34:52.141Z', 98, now(), now());
INSERT INTO "Progress" (id, "enrollmentId", "userId", "contentId", status, "timeSpentSec", score, "completedAt", "updatedAt")
SELECT 'seed_sbgnhwtfro', 'seed_68dhbf1cn4', 'seed_dbi1lin8jb', c.id,
  CASE WHEN 100 = 0 THEN 'not_started' WHEN random() < 100/100.0 THEN 'completed' ELSE 'in_progress' END,
  359, 98,
  CASE WHEN random() < 100/100.0 THEN now() ELSE NULL END, now()
FROM "Content" c JOIN "Module" m ON c."moduleId" = m.id WHERE m."courseId" = 'seed_o9v14nv64z' LIMIT 5;
INSERT INTO "QuizAttempt" (id, "quizId", "enrollmentId", "userId", answers, score, "maxScore", percentage, passed, "startedAt", "submittedAt")
SELECT 'seed_g91u45wbq0', q.id, 'seed_68dhbf1cn4', 'seed_dbi1lin8jb', '{}'::jsonb, 3.6, 5, 72, TRUE, now(), now()
FROM "Quiz" q WHERE q."courseId" = 'seed_o9v14nv64z' LIMIT 1;
INSERT INTO "Certificate" (id, "certNumber", "userId", "courseId", "campusId", "enrollmentId", "verifyCode", title, "recipientName", "recipientIc", score, grade, "issuedAt", status, signature, "createdAt") VALUES ('seed_82nyemzusk', 'JTM-2026-00027', 'seed_dbi1lin8jb', 'seed_o9v14nv64z', 'seed_nfd28x1qrz', 'seed_68dhbf1cn4', 'JTM-SEED_9TDL0YFQEY', 'Sijil Penyiapan Kursus — Asas Mekatronik & Automasi', 'Sufian bin Wong', '0219715-95-7354', 98, 'A+', '2026-07-07T01:34:52.141Z', 'valid', 'Jabatan Tenaga Manusia (JTM)', now());
INSERT INTO "Enrollment" (id, "userId", "courseId", "campusId", status, "progressPct", "enrolledAt", "completedAt", "finalScore", "createdAt", "updatedAt") VALUES ('seed_d9zq6gyu1l', 'seed_dbi1lin8jb', 'seed_9ymihyeggu', 'seed_nfd28x1qrz', 'active', 75, '2026-05-06T01:34:52.141Z', NULL, NULL, now(), now());
INSERT INTO "Progress" (id, "enrollmentId", "userId", "contentId", status, "timeSpentSec", score, "completedAt", "updatedAt")
SELECT 'seed_hjsmim596z', 'seed_d9zq6gyu1l', 'seed_dbi1lin8jb', c.id,
  CASE WHEN 75 = 0 THEN 'not_started' WHEN random() < 75/100.0 THEN 'completed' ELSE 'in_progress' END,
  1133, 77,
  CASE WHEN random() < 75/100.0 THEN now() ELSE NULL END, now()
FROM "Content" c JOIN "Module" m ON c."moduleId" = m.id WHERE m."courseId" = 'seed_9ymihyeggu' LIMIT 5;
INSERT INTO "QuizAttempt" (id, "quizId", "enrollmentId", "userId", answers, score, "maxScore", percentage, passed, "startedAt", "submittedAt")
SELECT 'seed_puztflss4b', q.id, 'seed_d9zq6gyu1l', 'seed_dbi1lin8jb', '{}'::jsonb, 4.8, 5, 95, TRUE, now(), now()
FROM "Quiz" q WHERE q."courseId" = 'seed_9ymihyeggu' LIMIT 1;
INSERT INTO "Enrollment" (id, "userId", "courseId", "campusId", status, "progressPct", "enrolledAt", "completedAt", "finalScore", "createdAt", "updatedAt") VALUES ('seed_rl33nh31ti', 'seed_dbi1lin8jb', 'seed_1il16th4b', 'seed_nfd28x1qrz', 'dropped', 30, '2026-05-08T01:34:52.141Z', NULL, NULL, now(), now());
INSERT INTO "Progress" (id, "enrollmentId", "userId", "contentId", status, "timeSpentSec", score, "completedAt", "updatedAt")
SELECT 'seed_5pq3vt49o1', 'seed_rl33nh31ti', 'seed_dbi1lin8jb', c.id,
  CASE WHEN 30 = 0 THEN 'not_started' WHEN random() < 30/100.0 THEN 'completed' ELSE 'in_progress' END,
  1373, 93,
  CASE WHEN random() < 30/100.0 THEN now() ELSE NULL END, now()
FROM "Content" c JOIN "Module" m ON c."moduleId" = m.id WHERE m."courseId" = 'seed_1il16th4b' LIMIT 5;
INSERT INTO "QuizAttempt" (id, "quizId", "enrollmentId", "userId", answers, score, "maxScore", percentage, passed, "startedAt", "submittedAt")
SELECT 'seed_t1041vcbx6', q.id, 'seed_rl33nh31ti', 'seed_dbi1lin8jb', '{}'::jsonb, 4.4, 5, 88, TRUE, now(), now()
FROM "Quiz" q WHERE q."courseId" = 'seed_1il16th4b' LIMIT 1;
INSERT INTO "Enrollment" (id, "userId", "courseId", "campusId", status, "progressPct", "enrolledAt", "completedAt", "finalScore", "createdAt", "updatedAt") VALUES ('seed_fijea2g1n1', 'seed_j5q5ltneiv', 'seed_6mxw545vkp', 'seed_nfd28x1qrz', 'active', 0, '2026-05-18T01:34:52.141Z', NULL, NULL, now(), now());
INSERT INTO "Progress" (id, "enrollmentId", "userId", "contentId", status, "timeSpentSec", score, "completedAt", "updatedAt")
SELECT 'seed_se73s1xobs', 'seed_fijea2g1n1', 'seed_j5q5ltneiv', c.id,
  CASE WHEN 0 = 0 THEN 'not_started' WHEN random() < 0/100.0 THEN 'completed' ELSE 'in_progress' END,
  637, NULL,
  CASE WHEN random() < 0/100.0 THEN now() ELSE NULL END, now()
FROM "Content" c JOIN "Module" m ON c."moduleId" = m.id WHERE m."courseId" = 'seed_6mxw545vkp' LIMIT 5;
INSERT INTO "Enrollment" (id, "userId", "courseId", "campusId", status, "progressPct", "enrolledAt", "completedAt", "finalScore", "createdAt", "updatedAt") VALUES ('seed_54sz3an25w', 'seed_j5q5ltneiv', 'seed_tpceipmdu5', 'seed_nfd28x1qrz', 'active', 75, '2026-06-20T01:34:52.141Z', NULL, NULL, now(), now());
INSERT INTO "Progress" (id, "enrollmentId", "userId", "contentId", status, "timeSpentSec", score, "completedAt", "updatedAt")
SELECT 'seed_cc9hrxufhi', 'seed_54sz3an25w', 'seed_j5q5ltneiv', c.id,
  CASE WHEN 75 = 0 THEN 'not_started' WHEN random() < 75/100.0 THEN 'completed' ELSE 'in_progress' END,
  211, 98,
  CASE WHEN random() < 75/100.0 THEN now() ELSE NULL END, now()
FROM "Content" c JOIN "Module" m ON c."moduleId" = m.id WHERE m."courseId" = 'seed_tpceipmdu5' LIMIT 5;
INSERT INTO "QuizAttempt" (id, "quizId", "enrollmentId", "userId", answers, score, "maxScore", percentage, passed, "startedAt", "submittedAt")
SELECT 'seed_z7ubb0xiws', q.id, 'seed_54sz3an25w', 'seed_j5q5ltneiv', '{}'::jsonb, 3.6, 5, 72, TRUE, now(), now()
FROM "Quiz" q WHERE q."courseId" = 'seed_tpceipmdu5' LIMIT 1;

-- Badges (8)
INSERT INTO "Badge" (id, code, name, "nameEn", description, icon, color, criteria, issuer, "createdAt") VALUES ('seed_l50kvqcg7u', 'BLZR-001', 'Pengguna Aktif', 'Pengguna Aktif', 'Log masuk 7 hari berturut-turut', 'flame', 'rose', '{"type":"login_streak","threshold":7}', 'Jabatan Tenaga Manusia', now());
INSERT INTO "Badge" (id, code, name, "nameEn", description, icon, color, criteria, issuer, "createdAt") VALUES ('seed_9bezuvm9qg', 'QUIZ-100', 'Kuiz Sempurna', 'Kuiz Sempurna', 'Skor penuh dalam satu kuiz', 'check-circle', 'emerald', '{"type":"quiz_full_score","threshold":1}', 'Jabatan Tenaga Manusia', now());
INSERT INTO "Badge" (id, code, name, "nameEn", description, icon, color, criteria, issuer, "createdAt") VALUES ('seed_9mwja7bdsm', 'CPLT-001', 'Lulus Kursus Pertama', 'Lulus Kursus Pertama', 'Menyiapkan kursus pertama', 'graduation-cap', 'amber', '{"type":"course_completed","threshold":1}', 'Jabatan Tenaga Manusia', now());
INSERT INTO "Badge" (id, code, name, "nameEn", description, icon, color, criteria, issuer, "createdAt") VALUES ('seed_lzz78e77ci', 'CPLT-005', 'Pembelajar Gigih', 'Pembelajar Gigih', 'Menyiapkan 5 kursus', 'book-open', 'teal', '{"type":"course_completed","threshold":5}', 'Jabatan Tenaga Manusia', now());
INSERT INTO "Badge" (id, code, name, "nameEn", description, icon, color, criteria, issuer, "createdAt") VALUES ('seed_aou3gq8guf', 'FORUM-050', 'Penyumbang Forum', 'Penyumbang Forum', '10 catatan forum', 'message-square', 'violet', '{"type":"forum_posts","threshold":10}', 'Jabatan Tenaga Manusia', now());
INSERT INTO "Badge" (id, code, name, "nameEn", description, icon, color, criteria, issuer, "createdAt") VALUES ('seed_jxz2acsuj2', 'STREAK-30', 'Maraton 30 Hari', 'Maraton 30 Hari', '30 hari berturut-turut', 'trending-up', 'amber', '{"type":"login_streak","threshold":30}', 'Jabatan Tenaga Manusia', now());
INSERT INTO "Badge" (id, code, name, "nameEn", description, icon, color, criteria, issuer, "createdAt") VALUES ('seed_yebjjxfl66', 'HELP-010', 'Tangan Mentor', 'Tangan Mentor', 'Membantu 10 soalan rakan', 'hand-heart', 'rose', '{"type":"answers_marked","threshold":10}', 'Jabatan Tenaga Manusia', now());
INSERT INTO "Badge" (id, code, name, "nameEn", description, icon, color, criteria, issuer, "createdAt") VALUES ('seed_7yggwwpd43', 'CERT-001', 'Pegang Sijil Digital', 'Pegang Sijil Digital', 'Menerima sijil digital pertama', 'award', 'gold', '{"type":"certificate_issued","threshold":1}', 'Jabatan Tenaga Manusia', now());
-- User Badges
INSERT INTO "UserBadge" (id, "userId", "badgeId", "awardedAt", evidence) VALUES ('seed_bp7x4ss7ay', 'seed_2byimvb9le', 'seed_aou3gq8guf', '2026-06-05T01:34:52.141Z', '{"reason":"10 catatan forum"}') ON CONFLICT ("userId", "badgeId") DO NOTHING;
INSERT INTO "UserBadge" (id, "userId", "badgeId", "awardedAt", evidence) VALUES ('seed_23ojukedut', 'seed_2byimvb9le', 'seed_9bezuvm9qg', '2026-07-04T01:34:52.141Z', '{"reason":"Skor penuh dalam satu kuiz"}') ON CONFLICT ("userId", "badgeId") DO NOTHING;
INSERT INTO "UserBadge" (id, "userId", "badgeId", "awardedAt", evidence) VALUES ('seed_uv0n7vleyf', 'seed_2byimvb9le', 'seed_jxz2acsuj2', '2026-06-12T01:34:52.141Z', '{"reason":"30 hari berturut-turut"}') ON CONFLICT ("userId", "badgeId") DO NOTHING;
INSERT INTO "UserBadge" (id, "userId", "badgeId", "awardedAt", evidence) VALUES ('seed_f0jwd9iyoj', 'seed_5ugcje1zcb', 'seed_l50kvqcg7u', '2026-06-15T01:34:52.141Z', '{"reason":"Log masuk 7 hari berturut-turut"}') ON CONFLICT ("userId", "badgeId") DO NOTHING;
INSERT INTO "UserBadge" (id, "userId", "badgeId", "awardedAt", evidence) VALUES ('seed_46g49gdeqk', 'seed_5ugcje1zcb', 'seed_9mwja7bdsm', '2026-07-11T01:34:52.141Z', '{"reason":"Menyiapkan kursus pertama"}') ON CONFLICT ("userId", "badgeId") DO NOTHING;
INSERT INTO "UserBadge" (id, "userId", "badgeId", "awardedAt", evidence) VALUES ('seed_u49xs4ygpb', 'seed_m8g7gpoysz', 'seed_l50kvqcg7u', '2026-06-18T01:34:52.141Z', '{"reason":"Log masuk 7 hari berturut-turut"}') ON CONFLICT ("userId", "badgeId") DO NOTHING;
INSERT INTO "UserBadge" (id, "userId", "badgeId", "awardedAt", evidence) VALUES ('seed_z1s17x7l6b', 'seed_m8g7gpoysz', 'seed_jxz2acsuj2', '2026-06-09T01:34:52.141Z', '{"reason":"30 hari berturut-turut"}') ON CONFLICT ("userId", "badgeId") DO NOTHING;
INSERT INTO "UserBadge" (id, "userId", "badgeId", "awardedAt", evidence) VALUES ('seed_pj7i75cnes', 'seed_m8g7gpoysz', 'seed_9bezuvm9qg', '2026-06-26T01:34:52.141Z', '{"reason":"Skor penuh dalam satu kuiz"}') ON CONFLICT ("userId", "badgeId") DO NOTHING;
INSERT INTO "UserBadge" (id, "userId", "badgeId", "awardedAt", evidence) VALUES ('seed_y0fbt1xods', 'seed_w756k3hoeq', 'seed_jxz2acsuj2', '2026-06-10T01:34:52.141Z', '{"reason":"30 hari berturut-turut"}') ON CONFLICT ("userId", "badgeId") DO NOTHING;
INSERT INTO "UserBadge" (id, "userId", "badgeId", "awardedAt", evidence) VALUES ('seed_ax4ok77wkg', 'seed_w756k3hoeq', 'seed_9bezuvm9qg', '2026-07-14T01:34:52.141Z', '{"reason":"Skor penuh dalam satu kuiz"}') ON CONFLICT ("userId", "badgeId") DO NOTHING;
INSERT INTO "UserBadge" (id, "userId", "badgeId", "awardedAt", evidence) VALUES ('seed_gpnlc0dfn1', 'seed_w756k3hoeq', 'seed_l50kvqcg7u', '2026-06-24T01:34:52.141Z', '{"reason":"Log masuk 7 hari berturut-turut"}') ON CONFLICT ("userId", "badgeId") DO NOTHING;
INSERT INTO "UserBadge" (id, "userId", "badgeId", "awardedAt", evidence) VALUES ('seed_lhxtsia9df', 'seed_w756k3hoeq', 'seed_lzz78e77ci', '2026-06-12T01:34:52.141Z', '{"reason":"Menyiapkan 5 kursus"}') ON CONFLICT ("userId", "badgeId") DO NOTHING;
INSERT INTO "UserBadge" (id, "userId", "badgeId", "awardedAt", evidence) VALUES ('seed_fi3pq8jzjm', 'seed_ehq80jv59h', 'seed_aou3gq8guf', '2026-07-04T01:34:52.141Z', '{"reason":"10 catatan forum"}') ON CONFLICT ("userId", "badgeId") DO NOTHING;
INSERT INTO "UserBadge" (id, "userId", "badgeId", "awardedAt", evidence) VALUES ('seed_cfbrdum6lh', 'seed_ehq80jv59h', 'seed_l50kvqcg7u', '2026-07-14T01:34:52.141Z', '{"reason":"Log masuk 7 hari berturut-turut"}') ON CONFLICT ("userId", "badgeId") DO NOTHING;
INSERT INTO "UserBadge" (id, "userId", "badgeId", "awardedAt", evidence) VALUES ('seed_i0cixdg16m', 'seed_ehq80jv59h', 'seed_jxz2acsuj2', '2026-06-23T01:34:52.141Z', '{"reason":"30 hari berturut-turut"}') ON CONFLICT ("userId", "badgeId") DO NOTHING;
INSERT INTO "UserBadge" (id, "userId", "badgeId", "awardedAt", evidence) VALUES ('seed_l8yalcwvot', 'seed_ehq80jv59h', 'seed_9mwja7bdsm', '2026-07-13T01:34:52.141Z', '{"reason":"Menyiapkan kursus pertama"}') ON CONFLICT ("userId", "badgeId") DO NOTHING;
INSERT INTO "UserBadge" (id, "userId", "badgeId", "awardedAt", evidence) VALUES ('seed_4436una07s', 'seed_judmi6i79u', 'seed_7yggwwpd43', '2026-06-22T01:34:52.141Z', '{"reason":"Menerima sijil digital pertama"}') ON CONFLICT ("userId", "badgeId") DO NOTHING;
INSERT INTO "UserBadge" (id, "userId", "badgeId", "awardedAt", evidence) VALUES ('seed_m3hhz01boz', 'seed_judmi6i79u', 'seed_9bezuvm9qg', '2026-07-15T01:34:52.141Z', '{"reason":"Skor penuh dalam satu kuiz"}') ON CONFLICT ("userId", "badgeId") DO NOTHING;
INSERT INTO "UserBadge" (id, "userId", "badgeId", "awardedAt", evidence) VALUES ('seed_becw90d4jo', 'seed_88ai0ke5wr', 'seed_7yggwwpd43', '2026-06-26T01:34:52.141Z', '{"reason":"Menerima sijil digital pertama"}') ON CONFLICT ("userId", "badgeId") DO NOTHING;
INSERT INTO "UserBadge" (id, "userId", "badgeId", "awardedAt", evidence) VALUES ('seed_n214q4zwbs', 'seed_cqck03d9qi', 'seed_7yggwwpd43', '2026-07-06T01:34:52.141Z', '{"reason":"Menerima sijil digital pertama"}') ON CONFLICT ("userId", "badgeId") DO NOTHING;
INSERT INTO "UserBadge" (id, "userId", "badgeId", "awardedAt", evidence) VALUES ('seed_abz8uf1n4y', 'seed_cqck03d9qi', 'seed_yebjjxfl66', '2026-07-12T01:34:52.141Z', '{"reason":"Membantu 10 soalan rakan"}') ON CONFLICT ("userId", "badgeId") DO NOTHING;
INSERT INTO "UserBadge" (id, "userId", "badgeId", "awardedAt", evidence) VALUES ('seed_hldfoa7y0q', 'seed_cqck03d9qi', 'seed_aou3gq8guf', '2026-06-20T01:34:52.141Z', '{"reason":"10 catatan forum"}') ON CONFLICT ("userId", "badgeId") DO NOTHING;
INSERT INTO "UserBadge" (id, "userId", "badgeId", "awardedAt", evidence) VALUES ('seed_rpfhxsbqwe', 'seed_q3qfsutpsr', 'seed_7yggwwpd43', '2026-06-23T01:34:52.141Z', '{"reason":"Menerima sijil digital pertama"}') ON CONFLICT ("userId", "badgeId") DO NOTHING;
INSERT INTO "UserBadge" (id, "userId", "badgeId", "awardedAt", evidence) VALUES ('seed_idt2jdeido', 'seed_q3qfsutpsr', 'seed_jxz2acsuj2', '2026-06-06T01:34:52.141Z', '{"reason":"30 hari berturut-turut"}') ON CONFLICT ("userId", "badgeId") DO NOTHING;
INSERT INTO "UserBadge" (id, "userId", "badgeId", "awardedAt", evidence) VALUES ('seed_ww49az8hsr', 'seed_p5qw2imedc', 'seed_7yggwwpd43', '2026-06-15T01:34:52.141Z', '{"reason":"Menerima sijil digital pertama"}') ON CONFLICT ("userId", "badgeId") DO NOTHING;
INSERT INTO "UserBadge" (id, "userId", "badgeId", "awardedAt", evidence) VALUES ('seed_u3zw4unjaa', 'seed_p5qw2imedc', 'seed_l50kvqcg7u', '2026-06-23T01:34:52.141Z', '{"reason":"Log masuk 7 hari berturut-turut"}') ON CONFLICT ("userId", "badgeId") DO NOTHING;
INSERT INTO "UserBadge" (id, "userId", "badgeId", "awardedAt", evidence) VALUES ('seed_7tci8b5zm1', 'seed_p5qw2imedc', 'seed_aou3gq8guf', '2026-06-30T01:34:52.141Z', '{"reason":"10 catatan forum"}') ON CONFLICT ("userId", "badgeId") DO NOTHING;
INSERT INTO "UserBadge" (id, "userId", "badgeId", "awardedAt", evidence) VALUES ('seed_0afyztacqd', 'seed_p5qw2imedc', 'seed_9bezuvm9qg', '2026-06-05T01:34:52.141Z', '{"reason":"Skor penuh dalam satu kuiz"}') ON CONFLICT ("userId", "badgeId") DO NOTHING;
INSERT INTO "UserBadge" (id, "userId", "badgeId", "awardedAt", evidence) VALUES ('seed_whia6xfnlo', 'seed_25gvdm0y7z', 'seed_9mwja7bdsm', '2026-07-13T01:34:52.141Z', '{"reason":"Menyiapkan kursus pertama"}') ON CONFLICT ("userId", "badgeId") DO NOTHING;
INSERT INTO "UserBadge" (id, "userId", "badgeId", "awardedAt", evidence) VALUES ('seed_bgpuca6puo', 'seed_25gvdm0y7z', 'seed_lzz78e77ci', '2026-06-12T01:34:52.141Z', '{"reason":"Menyiapkan 5 kursus"}') ON CONFLICT ("userId", "badgeId") DO NOTHING;
INSERT INTO "UserBadge" (id, "userId", "badgeId", "awardedAt", evidence) VALUES ('seed_uq9qq1p9ua', 'seed_25gvdm0y7z', 'seed_9bezuvm9qg', '2026-06-09T01:34:52.141Z', '{"reason":"Skor penuh dalam satu kuiz"}') ON CONFLICT ("userId", "badgeId") DO NOTHING;
INSERT INTO "UserBadge" (id, "userId", "badgeId", "awardedAt", evidence) VALUES ('seed_tib5bzes0l', 'seed_ez2dovp6rn', 'seed_9mwja7bdsm', '2026-07-04T01:34:52.141Z', '{"reason":"Menyiapkan kursus pertama"}') ON CONFLICT ("userId", "badgeId") DO NOTHING;
INSERT INTO "UserBadge" (id, "userId", "badgeId", "awardedAt", evidence) VALUES ('seed_b2en1rcodb', 'seed_ez2dovp6rn', 'seed_lzz78e77ci', '2026-06-21T01:34:52.141Z', '{"reason":"Menyiapkan 5 kursus"}') ON CONFLICT ("userId", "badgeId") DO NOTHING;
INSERT INTO "UserBadge" (id, "userId", "badgeId", "awardedAt", evidence) VALUES ('seed_3vsee579va', 'seed_jihnvq5htz', 'seed_9bezuvm9qg', '2026-07-01T01:34:52.141Z', '{"reason":"Skor penuh dalam satu kuiz"}') ON CONFLICT ("userId", "badgeId") DO NOTHING;
INSERT INTO "UserBadge" (id, "userId", "badgeId", "awardedAt", evidence) VALUES ('seed_m1v7ej8zoh', 'seed_jihnvq5htz', 'seed_7yggwwpd43', '2026-06-20T01:34:52.141Z', '{"reason":"Menerima sijil digital pertama"}') ON CONFLICT ("userId", "badgeId") DO NOTHING;
INSERT INTO "UserBadge" (id, "userId", "badgeId", "awardedAt", evidence) VALUES ('seed_67zyfcc2em', 'seed_qcbln0mdrr', 'seed_lzz78e77ci', '2026-06-21T01:34:52.141Z', '{"reason":"Menyiapkan 5 kursus"}') ON CONFLICT ("userId", "badgeId") DO NOTHING;
INSERT INTO "UserBadge" (id, "userId", "badgeId", "awardedAt", evidence) VALUES ('seed_q92v7gh859', 'seed_qcbln0mdrr', 'seed_7yggwwpd43', '2026-06-27T01:34:52.141Z', '{"reason":"Menerima sijil digital pertama"}') ON CONFLICT ("userId", "badgeId") DO NOTHING;
INSERT INTO "UserBadge" (id, "userId", "badgeId", "awardedAt", evidence) VALUES ('seed_kau6crj0bj', 'seed_qcbln0mdrr', 'seed_aou3gq8guf', '2026-07-15T01:34:52.141Z', '{"reason":"10 catatan forum"}') ON CONFLICT ("userId", "badgeId") DO NOTHING;
INSERT INTO "UserBadge" (id, "userId", "badgeId", "awardedAt", evidence) VALUES ('seed_0vmkd4d9t1', 'seed_yow5ylndes', 'seed_l50kvqcg7u', '2026-06-22T01:34:52.141Z', '{"reason":"Log masuk 7 hari berturut-turut"}') ON CONFLICT ("userId", "badgeId") DO NOTHING;
INSERT INTO "UserBadge" (id, "userId", "badgeId", "awardedAt", evidence) VALUES ('seed_ay2gipeecj', 'seed_yow5ylndes', 'seed_9mwja7bdsm', '2026-07-14T01:34:52.141Z', '{"reason":"Menyiapkan kursus pertama"}') ON CONFLICT ("userId", "badgeId") DO NOTHING;
INSERT INTO "UserBadge" (id, "userId", "badgeId", "awardedAt", evidence) VALUES ('seed_qedjzb29ii', 'seed_yow5ylndes', 'seed_9bezuvm9qg', '2026-06-27T01:34:52.141Z', '{"reason":"Skor penuh dalam satu kuiz"}') ON CONFLICT ("userId", "badgeId") DO NOTHING;
INSERT INTO "UserBadge" (id, "userId", "badgeId", "awardedAt", evidence) VALUES ('seed_x7fjxgm906', 'seed_yow5ylndes', 'seed_jxz2acsuj2', '2026-06-19T01:34:52.142Z', '{"reason":"30 hari berturut-turut"}') ON CONFLICT ("userId", "badgeId") DO NOTHING;
INSERT INTO "UserBadge" (id, "userId", "badgeId", "awardedAt", evidence) VALUES ('seed_9n4l6o3409', 'seed_z72hxz2jxq', 'seed_lzz78e77ci', '2026-07-02T01:34:52.142Z', '{"reason":"Menyiapkan 5 kursus"}') ON CONFLICT ("userId", "badgeId") DO NOTHING;
INSERT INTO "UserBadge" (id, "userId", "badgeId", "awardedAt", evidence) VALUES ('seed_7791qyrvm0', 'seed_z72hxz2jxq', 'seed_l50kvqcg7u', '2026-06-09T01:34:52.142Z', '{"reason":"Log masuk 7 hari berturut-turut"}') ON CONFLICT ("userId", "badgeId") DO NOTHING;
INSERT INTO "UserBadge" (id, "userId", "badgeId", "awardedAt", evidence) VALUES ('seed_w7lmxt3d6q', 'seed_x2crvh2y1o', 'seed_jxz2acsuj2', '2026-07-11T01:34:52.142Z', '{"reason":"30 hari berturut-turut"}') ON CONFLICT ("userId", "badgeId") DO NOTHING;
INSERT INTO "UserBadge" (id, "userId", "badgeId", "awardedAt", evidence) VALUES ('seed_nu8lgeyqfx', 'seed_x2crvh2y1o', 'seed_aou3gq8guf', '2026-07-11T01:34:52.142Z', '{"reason":"10 catatan forum"}') ON CONFLICT ("userId", "badgeId") DO NOTHING;
INSERT INTO "UserBadge" (id, "userId", "badgeId", "awardedAt", evidence) VALUES ('seed_c6rhilke6f', 'seed_x2crvh2y1o', 'seed_yebjjxfl66', '2026-07-02T01:34:52.142Z', '{"reason":"Membantu 10 soalan rakan"}') ON CONFLICT ("userId", "badgeId") DO NOTHING;
INSERT INTO "UserBadge" (id, "userId", "badgeId", "awardedAt", evidence) VALUES ('seed_98v3d6rfih', 'seed_x2crvh2y1o', 'seed_lzz78e77ci', '2026-06-09T01:34:52.142Z', '{"reason":"Menyiapkan 5 kursus"}') ON CONFLICT ("userId", "badgeId") DO NOTHING;
INSERT INTO "UserBadge" (id, "userId", "badgeId", "awardedAt", evidence) VALUES ('seed_llbfn04v0s', 'seed_412opammci', 'seed_9mwja7bdsm', '2026-07-08T01:34:52.142Z', '{"reason":"Menyiapkan kursus pertama"}') ON CONFLICT ("userId", "badgeId") DO NOTHING;
INSERT INTO "UserBadge" (id, "userId", "badgeId", "awardedAt", evidence) VALUES ('seed_dt4nwvfb8k', 'seed_412opammci', 'seed_9bezuvm9qg', '2026-07-05T01:34:52.142Z', '{"reason":"Skor penuh dalam satu kuiz"}') ON CONFLICT ("userId", "badgeId") DO NOTHING;
INSERT INTO "UserBadge" (id, "userId", "badgeId", "awardedAt", evidence) VALUES ('seed_pnp0lrnbr5', 'seed_412opammci', 'seed_7yggwwpd43', '2026-06-26T01:34:52.142Z', '{"reason":"Menerima sijil digital pertama"}') ON CONFLICT ("userId", "badgeId") DO NOTHING;
INSERT INTO "UserBadge" (id, "userId", "badgeId", "awardedAt", evidence) VALUES ('seed_o760ciwer0', 'seed_olgr6dd14l', 'seed_9bezuvm9qg', '2026-07-08T01:34:52.142Z', '{"reason":"Skor penuh dalam satu kuiz"}') ON CONFLICT ("userId", "badgeId") DO NOTHING;
INSERT INTO "UserBadge" (id, "userId", "badgeId", "awardedAt", evidence) VALUES ('seed_0q51y2p8f8', 'seed_olgr6dd14l', 'seed_l50kvqcg7u', '2026-07-01T01:34:52.142Z', '{"reason":"Log masuk 7 hari berturut-turut"}') ON CONFLICT ("userId", "badgeId") DO NOTHING;
INSERT INTO "UserBadge" (id, "userId", "badgeId", "awardedAt", evidence) VALUES ('seed_nxedb550vj', 'seed_olgr6dd14l', 'seed_7yggwwpd43', '2026-06-12T01:34:52.142Z', '{"reason":"Menerima sijil digital pertama"}') ON CONFLICT ("userId", "badgeId") DO NOTHING;
INSERT INTO "UserBadge" (id, "userId", "badgeId", "awardedAt", evidence) VALUES ('seed_a3f4q6gkxv', 'seed_olgr6dd14l', 'seed_aou3gq8guf', '2026-06-10T01:34:52.142Z', '{"reason":"10 catatan forum"}') ON CONFLICT ("userId", "badgeId") DO NOTHING;
INSERT INTO "UserBadge" (id, "userId", "badgeId", "awardedAt", evidence) VALUES ('seed_80k0if1hjs', 'seed_zfi6lbj0nf', 'seed_lzz78e77ci', '2026-07-12T01:34:52.142Z', '{"reason":"Menyiapkan 5 kursus"}') ON CONFLICT ("userId", "badgeId") DO NOTHING;
INSERT INTO "UserBadge" (id, "userId", "badgeId", "awardedAt", evidence) VALUES ('seed_f5e12q7o1v', 'seed_0xtic6n2rl', 'seed_jxz2acsuj2', '2026-07-08T01:34:52.142Z', '{"reason":"30 hari berturut-turut"}') ON CONFLICT ("userId", "badgeId") DO NOTHING;
INSERT INTO "UserBadge" (id, "userId", "badgeId", "awardedAt", evidence) VALUES ('seed_jyyygm7r17', 'seed_0xtic6n2rl', 'seed_9mwja7bdsm', '2026-06-28T01:34:52.142Z', '{"reason":"Menyiapkan kursus pertama"}') ON CONFLICT ("userId", "badgeId") DO NOTHING;
INSERT INTO "UserBadge" (id, "userId", "badgeId", "awardedAt", evidence) VALUES ('seed_dzgyhfuf90', 'seed_a8dxxqzg2j', 'seed_7yggwwpd43', '2026-06-05T01:34:52.142Z', '{"reason":"Menerima sijil digital pertama"}') ON CONFLICT ("userId", "badgeId") DO NOTHING;
INSERT INTO "UserBadge" (id, "userId", "badgeId", "awardedAt", evidence) VALUES ('seed_6zj1597jhz', 'seed_6duurl5o01', 'seed_7yggwwpd43', '2026-06-11T01:34:52.142Z', '{"reason":"Menerima sijil digital pertama"}') ON CONFLICT ("userId", "badgeId") DO NOTHING;
INSERT INTO "UserBadge" (id, "userId", "badgeId", "awardedAt", evidence) VALUES ('seed_jgoblolu7k', 'seed_6duurl5o01', 'seed_l50kvqcg7u', '2026-06-26T01:34:52.142Z', '{"reason":"Log masuk 7 hari berturut-turut"}') ON CONFLICT ("userId", "badgeId") DO NOTHING;
INSERT INTO "UserBadge" (id, "userId", "badgeId", "awardedAt", evidence) VALUES ('seed_x3kdc3z3ww', 'seed_6duurl5o01', 'seed_aou3gq8guf', '2026-07-12T01:34:52.142Z', '{"reason":"10 catatan forum"}') ON CONFLICT ("userId", "badgeId") DO NOTHING;
INSERT INTO "UserBadge" (id, "userId", "badgeId", "awardedAt", evidence) VALUES ('seed_bosalz02cr', 'seed_6duurl5o01', 'seed_yebjjxfl66', '2026-06-14T01:34:52.142Z', '{"reason":"Membantu 10 soalan rakan"}') ON CONFLICT ("userId", "badgeId") DO NOTHING;
INSERT INTO "UserBadge" (id, "userId", "badgeId", "awardedAt", evidence) VALUES ('seed_h4iudwf7jg', 'seed_8nkfeqyckf', 'seed_lzz78e77ci', '2026-07-15T01:34:52.142Z', '{"reason":"Menyiapkan 5 kursus"}') ON CONFLICT ("userId", "badgeId") DO NOTHING;
INSERT INTO "UserBadge" (id, "userId", "badgeId", "awardedAt", evidence) VALUES ('seed_g9maqyqrc2', 'seed_8nkfeqyckf', 'seed_9bezuvm9qg', '2026-06-15T01:34:52.142Z', '{"reason":"Skor penuh dalam satu kuiz"}') ON CONFLICT ("userId", "badgeId") DO NOTHING;
INSERT INTO "UserBadge" (id, "userId", "badgeId", "awardedAt", evidence) VALUES ('seed_xxi6ibzowa', 'seed_8nkfeqyckf', 'seed_7yggwwpd43', '2026-06-23T01:34:52.142Z', '{"reason":"Menerima sijil digital pertama"}') ON CONFLICT ("userId", "badgeId") DO NOTHING;
INSERT INTO "UserBadge" (id, "userId", "badgeId", "awardedAt", evidence) VALUES ('seed_7fqita7p8g', 'seed_8nkfeqyckf', 'seed_yebjjxfl66', '2026-06-20T01:34:52.142Z', '{"reason":"Membantu 10 soalan rakan"}') ON CONFLICT ("userId", "badgeId") DO NOTHING;
INSERT INTO "UserBadge" (id, "userId", "badgeId", "awardedAt", evidence) VALUES ('seed_9g5bubuc25', 'seed_61swcs56gc', 'seed_yebjjxfl66', '2026-06-23T01:34:52.142Z', '{"reason":"Membantu 10 soalan rakan"}') ON CONFLICT ("userId", "badgeId") DO NOTHING;
INSERT INTO "UserBadge" (id, "userId", "badgeId", "awardedAt", evidence) VALUES ('seed_bmik04iig9', 'seed_61swcs56gc', 'seed_l50kvqcg7u', '2026-06-18T01:34:52.142Z', '{"reason":"Log masuk 7 hari berturut-turut"}') ON CONFLICT ("userId", "badgeId") DO NOTHING;
INSERT INTO "UserBadge" (id, "userId", "badgeId", "awardedAt", evidence) VALUES ('seed_8v8hbwcaz7', 'seed_61swcs56gc', 'seed_jxz2acsuj2', '2026-07-08T01:34:52.142Z', '{"reason":"30 hari berturut-turut"}') ON CONFLICT ("userId", "badgeId") DO NOTHING;
INSERT INTO "UserBadge" (id, "userId", "badgeId", "awardedAt", evidence) VALUES ('seed_6xf3hy3yyq', 'seed_0zh5intdcc', 'seed_7yggwwpd43', '2026-06-23T01:34:52.142Z', '{"reason":"Menerima sijil digital pertama"}') ON CONFLICT ("userId", "badgeId") DO NOTHING;
INSERT INTO "UserBadge" (id, "userId", "badgeId", "awardedAt", evidence) VALUES ('seed_h92xz1fbq8', 'seed_ssqzh4moub', 'seed_aou3gq8guf', '2026-07-01T01:34:52.142Z', '{"reason":"10 catatan forum"}') ON CONFLICT ("userId", "badgeId") DO NOTHING;
INSERT INTO "UserBadge" (id, "userId", "badgeId", "awardedAt", evidence) VALUES ('seed_u40qbg8ieb', 'seed_ssqzh4moub', 'seed_yebjjxfl66', '2026-06-20T01:34:52.142Z', '{"reason":"Membantu 10 soalan rakan"}') ON CONFLICT ("userId", "badgeId") DO NOTHING;
INSERT INTO "UserBadge" (id, "userId", "badgeId", "awardedAt", evidence) VALUES ('seed_ywll6gkef4', 'seed_2vdgk2hwmf', 'seed_7yggwwpd43', '2026-06-21T01:34:52.142Z', '{"reason":"Menerima sijil digital pertama"}') ON CONFLICT ("userId", "badgeId") DO NOTHING;
INSERT INTO "UserBadge" (id, "userId", "badgeId", "awardedAt", evidence) VALUES ('seed_id3zkur5hf', 'seed_dbi1lin8jb', 'seed_7yggwwpd43', '2026-07-08T01:34:52.142Z', '{"reason":"Menerima sijil digital pertama"}') ON CONFLICT ("userId", "badgeId") DO NOTHING;
INSERT INTO "UserBadge" (id, "userId", "badgeId", "awardedAt", evidence) VALUES ('seed_nhlft4ke94', 'seed_dbi1lin8jb', 'seed_lzz78e77ci', '2026-06-25T01:34:52.142Z', '{"reason":"Menyiapkan 5 kursus"}') ON CONFLICT ("userId", "badgeId") DO NOTHING;
INSERT INTO "UserBadge" (id, "userId", "badgeId", "awardedAt", evidence) VALUES ('seed_8q7ai184a0', 'seed_j5q5ltneiv', 'seed_l50kvqcg7u', '2026-07-15T01:34:52.142Z', '{"reason":"Log masuk 7 hari berturut-turut"}') ON CONFLICT ("userId", "badgeId") DO NOTHING;
INSERT INTO "UserBadge" (id, "userId", "badgeId", "awardedAt", evidence) VALUES ('seed_p9j4i43vpu', 'seed_j5q5ltneiv', 'seed_9bezuvm9qg', '2026-07-02T01:34:52.142Z', '{"reason":"Skor penuh dalam satu kuiz"}') ON CONFLICT ("userId", "badgeId") DO NOTHING;

-- User Competencies
INSERT INTO "UserCompetency" (id, "userId", "competencyId", status, "achievedAt", evidence, "createdAt", "updatedAt") VALUES ('seed_2jajv3fzdi', 'seed_2byimvb9le', 'seed_womek4hmuj', 'achieved', '2026-07-07T01:34:52.142Z', '{"source":"elearning JTM","courseId":"seed_qzqoic5n7v"}', now(), now()) ON CONFLICT ("userId", "competencyId") DO NOTHING;
INSERT INTO "UserCompetency" (id, "userId", "competencyId", status, "achievedAt", evidence, "createdAt", "updatedAt") VALUES ('seed_aii0h07x8x', 'seed_5ugcje1zcb', 'seed_wyv1m3hcih', 'achieved', '2026-06-04T01:34:52.142Z', '{"source":"elearning JTM","courseId":"seed_kexkh585q6"}', now(), now()) ON CONFLICT ("userId", "competencyId") DO NOTHING;
INSERT INTO "UserCompetency" (id, "userId", "competencyId", status, "achievedAt", evidence, "createdAt", "updatedAt") VALUES ('seed_k91wh60pjr', 'seed_5ugcje1zcb', 'seed_r1vfai1p09', 'in_progress', NULL, '{}', now(), now()) ON CONFLICT ("userId", "competencyId") DO NOTHING;
INSERT INTO "UserCompetency" (id, "userId", "competencyId", status, "achievedAt", evidence, "createdAt", "updatedAt") VALUES ('seed_czg5yq8ejy', 'seed_5ugcje1zcb', 'seed_r5a1u66cpt', 'not_started', NULL, '{}', now(), now()) ON CONFLICT ("userId", "competencyId") DO NOTHING;
INSERT INTO "UserCompetency" (id, "userId", "competencyId", status, "achievedAt", evidence, "createdAt", "updatedAt") VALUES ('seed_t7mw42z1o5', 'seed_m8g7gpoysz', 'seed_womek4hmuj', 'achieved', '2026-06-23T01:34:52.142Z', '{"source":"elearning JTM","courseId":"seed_5z264ndb0n"}', now(), now()) ON CONFLICT ("userId", "competencyId") DO NOTHING;
INSERT INTO "UserCompetency" (id, "userId", "competencyId", status, "achievedAt", evidence, "createdAt", "updatedAt") VALUES ('seed_1gvwrg2dgs', 'seed_w756k3hoeq', 'seed_2kwh5wefo7', 'in_progress', NULL, '{}', now(), now()) ON CONFLICT ("userId", "competencyId") DO NOTHING;
INSERT INTO "UserCompetency" (id, "userId", "competencyId", status, "achievedAt", evidence, "createdAt", "updatedAt") VALUES ('seed_r3fsxdeix8', 'seed_w756k3hoeq', 'seed_r1vfai1p09', 'achieved', '2026-06-28T01:34:52.142Z', '{"source":"elearning JTM","courseId":"seed_jq28ekd6w1"}', now(), now()) ON CONFLICT ("userId", "competencyId") DO NOTHING;
INSERT INTO "UserCompetency" (id, "userId", "competencyId", status, "achievedAt", evidence, "createdAt", "updatedAt") VALUES ('seed_xt9poct990', 'seed_ehq80jv59h', 'seed_r1vfai1p09', 'not_started', NULL, '{}', now(), now()) ON CONFLICT ("userId", "competencyId") DO NOTHING;
INSERT INTO "UserCompetency" (id, "userId", "competencyId", status, "achievedAt", evidence, "createdAt", "updatedAt") VALUES ('seed_or7xqla6sp', 'seed_ehq80jv59h', 'seed_f9uu3yjyib', 'not_started', NULL, '{}', now(), now()) ON CONFLICT ("userId", "competencyId") DO NOTHING;
INSERT INTO "UserCompetency" (id, "userId", "competencyId", status, "achievedAt", evidence, "createdAt", "updatedAt") VALUES ('seed_c05thkvz8e', 'seed_judmi6i79u', 'seed_f9uu3yjyib', 'not_started', NULL, '{}', now(), now()) ON CONFLICT ("userId", "competencyId") DO NOTHING;
INSERT INTO "UserCompetency" (id, "userId", "competencyId", status, "achievedAt", evidence, "createdAt", "updatedAt") VALUES ('seed_qcytc6jj1m', 'seed_judmi6i79u', 'seed_r1vfai1p09', 'in_progress', NULL, '{}', now(), now()) ON CONFLICT ("userId", "competencyId") DO NOTHING;
INSERT INTO "UserCompetency" (id, "userId", "competencyId", status, "achievedAt", evidence, "createdAt", "updatedAt") VALUES ('seed_1djau65g1u', 'seed_88ai0ke5wr', 'seed_tbkb8s13lk', 'not_started', NULL, '{}', now(), now()) ON CONFLICT ("userId", "competencyId") DO NOTHING;
INSERT INTO "UserCompetency" (id, "userId", "competencyId", status, "achievedAt", evidence, "createdAt", "updatedAt") VALUES ('seed_ca94uxeq23', 'seed_88ai0ke5wr', 'seed_womek4hmuj', 'in_progress', NULL, '{}', now(), now()) ON CONFLICT ("userId", "competencyId") DO NOTHING;
INSERT INTO "UserCompetency" (id, "userId", "competencyId", status, "achievedAt", evidence, "createdAt", "updatedAt") VALUES ('seed_py0dr8i1kb', 'seed_cqck03d9qi', 'seed_f9uu3yjyib', 'achieved', '2026-05-29T01:34:52.142Z', '{"source":"elearning JTM","courseId":"seed_jq28ekd6w1"}', now(), now()) ON CONFLICT ("userId", "competencyId") DO NOTHING;
INSERT INTO "UserCompetency" (id, "userId", "competencyId", status, "achievedAt", evidence, "createdAt", "updatedAt") VALUES ('seed_f1cn8kazkd', 'seed_q3qfsutpsr', 'seed_f9uu3yjyib', 'in_progress', NULL, '{}', now(), now()) ON CONFLICT ("userId", "competencyId") DO NOTHING;
INSERT INTO "UserCompetency" (id, "userId", "competencyId", status, "achievedAt", evidence, "createdAt", "updatedAt") VALUES ('seed_94sxe34cei', 'seed_q3qfsutpsr', 'seed_n54tcf2vxo', 'achieved', '2026-06-22T01:34:52.142Z', '{"source":"elearning JTM","courseId":"seed_cc0w60buhd"}', now(), now()) ON CONFLICT ("userId", "competencyId") DO NOTHING;
INSERT INTO "UserCompetency" (id, "userId", "competencyId", status, "achievedAt", evidence, "createdAt", "updatedAt") VALUES ('seed_p2efflblbc', 'seed_p5qw2imedc', 'seed_qgzhpqvmn8', 'achieved', '2026-06-16T01:34:52.142Z', '{"source":"elearning JTM","courseId":"seed_stnjq5tleu"}', now(), now()) ON CONFLICT ("userId", "competencyId") DO NOTHING;
INSERT INTO "UserCompetency" (id, "userId", "competencyId", status, "achievedAt", evidence, "createdAt", "updatedAt") VALUES ('seed_6b6whhd04p', 'seed_p5qw2imedc', 'seed_2kwh5wefo7', 'in_progress', NULL, '{}', now(), now()) ON CONFLICT ("userId", "competencyId") DO NOTHING;
INSERT INTO "UserCompetency" (id, "userId", "competencyId", status, "achievedAt", evidence, "createdAt", "updatedAt") VALUES ('seed_96x7z1gsk2', 'seed_25gvdm0y7z', 'seed_womek4hmuj', 'not_started', NULL, '{}', now(), now()) ON CONFLICT ("userId", "competencyId") DO NOTHING;
INSERT INTO "UserCompetency" (id, "userId", "competencyId", status, "achievedAt", evidence, "createdAt", "updatedAt") VALUES ('seed_3po3mcdpuv', 'seed_25gvdm0y7z', 'seed_wyv1m3hcih', 'in_progress', NULL, '{}', now(), now()) ON CONFLICT ("userId", "competencyId") DO NOTHING;
INSERT INTO "UserCompetency" (id, "userId", "competencyId", status, "achievedAt", evidence, "createdAt", "updatedAt") VALUES ('seed_mj38jvff26', 'seed_25gvdm0y7z', 'seed_jyj9t1x594', 'achieved', '2026-05-23T01:34:52.142Z', '{"source":"elearning JTM","courseId":"seed_gwlvt0vqrr"}', now(), now()) ON CONFLICT ("userId", "competencyId") DO NOTHING;
INSERT INTO "UserCompetency" (id, "userId", "competencyId", status, "achievedAt", evidence, "createdAt", "updatedAt") VALUES ('seed_lvqxkcxeag', 'seed_ez2dovp6rn', 'seed_2kwh5wefo7', 'in_progress', NULL, '{}', now(), now()) ON CONFLICT ("userId", "competencyId") DO NOTHING;
INSERT INTO "UserCompetency" (id, "userId", "competencyId", status, "achievedAt", evidence, "createdAt", "updatedAt") VALUES ('seed_7uhbg2osbz', 'seed_ez2dovp6rn', 'seed_tbkb8s13lk', 'achieved', '2026-06-15T01:34:52.142Z', '{"source":"elearning JTM","courseId":"seed_5z264ndb0n"}', now(), now()) ON CONFLICT ("userId", "competencyId") DO NOTHING;
INSERT INTO "UserCompetency" (id, "userId", "competencyId", status, "achievedAt", evidence, "createdAt", "updatedAt") VALUES ('seed_7b1rvge68l', 'seed_ez2dovp6rn', 'seed_f9uu3yjyib', 'in_progress', NULL, '{}', now(), now()) ON CONFLICT ("userId", "competencyId") DO NOTHING;
INSERT INTO "UserCompetency" (id, "userId", "competencyId", status, "achievedAt", evidence, "createdAt", "updatedAt") VALUES ('seed_o3yx93i9m9', 'seed_jihnvq5htz', 'seed_r1vfai1p09', 'in_progress', NULL, '{}', now(), now()) ON CONFLICT ("userId", "competencyId") DO NOTHING;
INSERT INTO "UserCompetency" (id, "userId", "competencyId", status, "achievedAt", evidence, "createdAt", "updatedAt") VALUES ('seed_bc3v8lh8oh', 'seed_jihnvq5htz', 'seed_jyj9t1x594', 'in_progress', NULL, '{}', now(), now()) ON CONFLICT ("userId", "competencyId") DO NOTHING;
INSERT INTO "UserCompetency" (id, "userId", "competencyId", status, "achievedAt", evidence, "createdAt", "updatedAt") VALUES ('seed_sm30hgyt7o', 'seed_qcbln0mdrr', 'seed_jyj9t1x594', 'achieved', '2026-06-22T01:34:52.142Z', '{"source":"elearning JTM","courseId":"seed_z4nfecv9ji"}', now(), now()) ON CONFLICT ("userId", "competencyId") DO NOTHING;
INSERT INTO "UserCompetency" (id, "userId", "competencyId", status, "achievedAt", evidence, "createdAt", "updatedAt") VALUES ('seed_132kir5061', 'seed_qcbln0mdrr', 'seed_qgzhpqvmn8', 'not_started', NULL, '{}', now(), now()) ON CONFLICT ("userId", "competencyId") DO NOTHING;
INSERT INTO "UserCompetency" (id, "userId", "competencyId", status, "achievedAt", evidence, "createdAt", "updatedAt") VALUES ('seed_9p31rd2sw7', 'seed_qcbln0mdrr', 'seed_tbkb8s13lk', 'not_started', NULL, '{}', now(), now()) ON CONFLICT ("userId", "competencyId") DO NOTHING;
INSERT INTO "UserCompetency" (id, "userId", "competencyId", status, "achievedAt", evidence, "createdAt", "updatedAt") VALUES ('seed_5p7kpwpz19', 'seed_yow5ylndes', 'seed_jyj9t1x594', 'in_progress', NULL, '{}', now(), now()) ON CONFLICT ("userId", "competencyId") DO NOTHING;
INSERT INTO "UserCompetency" (id, "userId", "competencyId", status, "achievedAt", evidence, "createdAt", "updatedAt") VALUES ('seed_lma3os4y8j', 'seed_yow5ylndes', 'seed_qgzhpqvmn8', 'not_started', NULL, '{}', now(), now()) ON CONFLICT ("userId", "competencyId") DO NOTHING;
INSERT INTO "UserCompetency" (id, "userId", "competencyId", status, "achievedAt", evidence, "createdAt", "updatedAt") VALUES ('seed_nyhyfiyous', 'seed_z72hxz2jxq', 'seed_wyv1m3hcih', 'achieved', '2026-05-19T01:34:52.142Z', '{"source":"elearning JTM","courseId":"seed_z4nfecv9ji"}', now(), now()) ON CONFLICT ("userId", "competencyId") DO NOTHING;
INSERT INTO "UserCompetency" (id, "userId", "competencyId", status, "achievedAt", evidence, "createdAt", "updatedAt") VALUES ('seed_rk0vh9bsrj', 'seed_z72hxz2jxq', 'seed_tbkb8s13lk', 'in_progress', NULL, '{}', now(), now()) ON CONFLICT ("userId", "competencyId") DO NOTHING;
INSERT INTO "UserCompetency" (id, "userId", "competencyId", status, "achievedAt", evidence, "createdAt", "updatedAt") VALUES ('seed_t9e2ifhjvh', 'seed_z72hxz2jxq', 'seed_jyj9t1x594', 'in_progress', NULL, '{}', now(), now()) ON CONFLICT ("userId", "competencyId") DO NOTHING;
INSERT INTO "UserCompetency" (id, "userId", "competencyId", status, "achievedAt", evidence, "createdAt", "updatedAt") VALUES ('seed_05lhd0zpb0', 'seed_x2crvh2y1o', 'seed_r1vfai1p09', 'in_progress', NULL, '{}', now(), now()) ON CONFLICT ("userId", "competencyId") DO NOTHING;
INSERT INTO "UserCompetency" (id, "userId", "competencyId", status, "achievedAt", evidence, "createdAt", "updatedAt") VALUES ('seed_hph97j638k', 'seed_x2crvh2y1o', 'seed_n54tcf2vxo', 'in_progress', NULL, '{}', now(), now()) ON CONFLICT ("userId", "competencyId") DO NOTHING;
INSERT INTO "UserCompetency" (id, "userId", "competencyId", status, "achievedAt", evidence, "createdAt", "updatedAt") VALUES ('seed_l547ibe47y', 'seed_x2crvh2y1o', 'seed_wyv1m3hcih', 'in_progress', NULL, '{}', now(), now()) ON CONFLICT ("userId", "competencyId") DO NOTHING;
INSERT INTO "UserCompetency" (id, "userId", "competencyId", status, "achievedAt", evidence, "createdAt", "updatedAt") VALUES ('seed_13vsa2ic54', 'seed_412opammci', 'seed_f9uu3yjyib', 'achieved', '2026-06-09T01:34:52.142Z', '{"source":"elearning JTM","courseId":"seed_nbwohj4ytb"}', now(), now()) ON CONFLICT ("userId", "competencyId") DO NOTHING;
INSERT INTO "UserCompetency" (id, "userId", "competencyId", status, "achievedAt", evidence, "createdAt", "updatedAt") VALUES ('seed_mve9on9nt8', 'seed_412opammci', 'seed_r5a1u66cpt', 'in_progress', NULL, '{}', now(), now()) ON CONFLICT ("userId", "competencyId") DO NOTHING;
INSERT INTO "UserCompetency" (id, "userId", "competencyId", status, "achievedAt", evidence, "createdAt", "updatedAt") VALUES ('seed_p41k3g12k2', 'seed_olgr6dd14l', 'seed_wyv1m3hcih', 'in_progress', NULL, '{}', now(), now()) ON CONFLICT ("userId", "competencyId") DO NOTHING;
INSERT INTO "UserCompetency" (id, "userId", "competencyId", status, "achievedAt", evidence, "createdAt", "updatedAt") VALUES ('seed_kpwakbkcxs', 'seed_olgr6dd14l', 'seed_2kwh5wefo7', 'in_progress', NULL, '{}', now(), now()) ON CONFLICT ("userId", "competencyId") DO NOTHING;
INSERT INTO "UserCompetency" (id, "userId", "competencyId", status, "achievedAt", evidence, "createdAt", "updatedAt") VALUES ('seed_q797vw3vzx', 'seed_olgr6dd14l', 'seed_n54tcf2vxo', 'in_progress', NULL, '{}', now(), now()) ON CONFLICT ("userId", "competencyId") DO NOTHING;
INSERT INTO "UserCompetency" (id, "userId", "competencyId", status, "achievedAt", evidence, "createdAt", "updatedAt") VALUES ('seed_vrupqv4p7d', 'seed_zfi6lbj0nf', 'seed_jyj9t1x594', 'not_started', NULL, '{}', now(), now()) ON CONFLICT ("userId", "competencyId") DO NOTHING;
INSERT INTO "UserCompetency" (id, "userId", "competencyId", status, "achievedAt", evidence, "createdAt", "updatedAt") VALUES ('seed_nluoea1eoi', 'seed_zfi6lbj0nf', 'seed_r1vfai1p09', 'not_started', NULL, '{}', now(), now()) ON CONFLICT ("userId", "competencyId") DO NOTHING;
INSERT INTO "UserCompetency" (id, "userId", "competencyId", status, "achievedAt", evidence, "createdAt", "updatedAt") VALUES ('seed_04x9iqoaly', 'seed_0xtic6n2rl', 'seed_wyv1m3hcih', 'achieved', '2026-06-07T01:34:52.142Z', '{"source":"elearning JTM","courseId":"seed_qzqoic5n7v"}', now(), now()) ON CONFLICT ("userId", "competencyId") DO NOTHING;
INSERT INTO "UserCompetency" (id, "userId", "competencyId", status, "achievedAt", evidence, "createdAt", "updatedAt") VALUES ('seed_mo1bz6qo24', 'seed_0xtic6n2rl', 'seed_r5a1u66cpt', 'in_progress', NULL, '{}', now(), now()) ON CONFLICT ("userId", "competencyId") DO NOTHING;
INSERT INTO "UserCompetency" (id, "userId", "competencyId", status, "achievedAt", evidence, "createdAt", "updatedAt") VALUES ('seed_9kb5xrm8z3', 'seed_a8dxxqzg2j', 'seed_r1vfai1p09', 'in_progress', NULL, '{}', now(), now()) ON CONFLICT ("userId", "competencyId") DO NOTHING;
INSERT INTO "UserCompetency" (id, "userId", "competencyId", status, "achievedAt", evidence, "createdAt", "updatedAt") VALUES ('seed_ewmnngzw15', 'seed_a8dxxqzg2j', 'seed_r5a1u66cpt', 'in_progress', NULL, '{}', now(), now()) ON CONFLICT ("userId", "competencyId") DO NOTHING;
INSERT INTO "UserCompetency" (id, "userId", "competencyId", status, "achievedAt", evidence, "createdAt", "updatedAt") VALUES ('seed_e3sbxmyofp', 'seed_a8dxxqzg2j', 'seed_tbkb8s13lk', 'in_progress', NULL, '{}', now(), now()) ON CONFLICT ("userId", "competencyId") DO NOTHING;
INSERT INTO "UserCompetency" (id, "userId", "competencyId", status, "achievedAt", evidence, "createdAt", "updatedAt") VALUES ('seed_7n3k8oplo5', 'seed_6duurl5o01', 'seed_qgzhpqvmn8', 'achieved', '2026-06-11T01:34:52.142Z', '{"source":"elearning JTM","courseId":"seed_eicszf6b92"}', now(), now()) ON CONFLICT ("userId", "competencyId") DO NOTHING;
INSERT INTO "UserCompetency" (id, "userId", "competencyId", status, "achievedAt", evidence, "createdAt", "updatedAt") VALUES ('seed_e7chq1pjxp', 'seed_8nkfeqyckf', 'seed_r1vfai1p09', 'in_progress', NULL, '{}', now(), now()) ON CONFLICT ("userId", "competencyId") DO NOTHING;
INSERT INTO "UserCompetency" (id, "userId", "competencyId", status, "achievedAt", evidence, "createdAt", "updatedAt") VALUES ('seed_iy8z6yh2mm', 'seed_61swcs56gc', 'seed_2kwh5wefo7', 'in_progress', NULL, '{}', now(), now()) ON CONFLICT ("userId", "competencyId") DO NOTHING;
INSERT INTO "UserCompetency" (id, "userId", "competencyId", status, "achievedAt", evidence, "createdAt", "updatedAt") VALUES ('seed_hhsoo3wwth', 'seed_61swcs56gc', 'seed_jyj9t1x594', 'achieved', '2026-07-01T01:34:52.142Z', '{"source":"elearning JTM","courseId":"seed_gwlvt0vqrr"}', now(), now()) ON CONFLICT ("userId", "competencyId") DO NOTHING;
INSERT INTO "UserCompetency" (id, "userId", "competencyId", status, "achievedAt", evidence, "createdAt", "updatedAt") VALUES ('seed_bap1tpv9o9', 'seed_61swcs56gc', 'seed_tbkb8s13lk', 'not_started', NULL, '{}', now(), now()) ON CONFLICT ("userId", "competencyId") DO NOTHING;
INSERT INTO "UserCompetency" (id, "userId", "competencyId", status, "achievedAt", evidence, "createdAt", "updatedAt") VALUES ('seed_g2e31qj6fi', 'seed_0zh5intdcc', 'seed_r5a1u66cpt', 'not_started', NULL, '{}', now(), now()) ON CONFLICT ("userId", "competencyId") DO NOTHING;
INSERT INTO "UserCompetency" (id, "userId", "competencyId", status, "achievedAt", evidence, "createdAt", "updatedAt") VALUES ('seed_w9d1y65exl', 'seed_ssqzh4moub', 'seed_r1vfai1p09', 'not_started', NULL, '{}', now(), now()) ON CONFLICT ("userId", "competencyId") DO NOTHING;
INSERT INTO "UserCompetency" (id, "userId", "competencyId", status, "achievedAt", evidence, "createdAt", "updatedAt") VALUES ('seed_gk5xznrax2', 'seed_2vdgk2hwmf', 'seed_r5a1u66cpt', 'in_progress', NULL, '{}', now(), now()) ON CONFLICT ("userId", "competencyId") DO NOTHING;
INSERT INTO "UserCompetency" (id, "userId", "competencyId", status, "achievedAt", evidence, "createdAt", "updatedAt") VALUES ('seed_u1did66d1x', 'seed_2vdgk2hwmf', 'seed_womek4hmuj', 'in_progress', NULL, '{}', now(), now()) ON CONFLICT ("userId", "competencyId") DO NOTHING;
INSERT INTO "UserCompetency" (id, "userId", "competencyId", status, "achievedAt", evidence, "createdAt", "updatedAt") VALUES ('seed_ohx9binklk', 'seed_dbi1lin8jb', 'seed_r5a1u66cpt', 'in_progress', NULL, '{}', now(), now()) ON CONFLICT ("userId", "competencyId") DO NOTHING;
INSERT INTO "UserCompetency" (id, "userId", "competencyId", status, "achievedAt", evidence, "createdAt", "updatedAt") VALUES ('seed_d4fzpwcy9n', 'seed_j5q5ltneiv', 'seed_2kwh5wefo7', 'not_started', NULL, '{}', now(), now()) ON CONFLICT ("userId", "competencyId") DO NOTHING;
INSERT INTO "UserCompetency" (id, "userId", "competencyId", status, "achievedAt", evidence, "createdAt", "updatedAt") VALUES ('seed_hnyzmlaj89', 'seed_j5q5ltneiv', 'seed_r5a1u66cpt', 'in_progress', NULL, '{}', now(), now()) ON CONFLICT ("userId", "competencyId") DO NOTHING;

-- Forum Threads + Posts
INSERT INTO "ForumThread" (id, "courseId", "userId", title, body, tags, views, "isPinned", "isResolved", "createdAt", "updatedAt") VALUES ('seed_gk4b788iir', 'seed_72famd8zty', 'seed_61swcs56gc', 'Masalah sambungan PLC Mitsubishi FX — tidak boleh communicate dengan PC', 'Salam, saya cuba sambung PLC FX-3U ke GX Works2 tapi "cannot communicate". Kabel USB-SC09 baru beli. Ada sesiapa pernah alami masalah sama?', '["mekatronik","automotif"]', 281, FALSE, FALSE, now(), now());
INSERT INTO "ForumPost" (id, "threadId", "userId", body, likes, "isAnswer", "createdAt", "updatedAt") VALUES ('seed_zfickkb80z', 'seed_gk4b788iir', 'seed_7cm60wpveo', 'Boleh cuba reset PLC ke factory setting dahulu, kemudian configure semula.', 14, FALSE, now(), now());
INSERT INTO "ForumPost" (id, "threadId", "userId", body, likes, "isAnswer", "createdAt", "updatedAt") VALUES ('seed_dtxecbdv5g', 'seed_gk4b788iir', 'seed_m8g7gpoysz', 'Mungkin boleh hubungi unit ICT kampus untuk bantuan teknikal lanjut.', 0, FALSE, now(), now());
INSERT INTO "ForumPost" (id, "threadId", "userId", body, likes, "isAnswer", "createdAt", "updatedAt") VALUES ('seed_169hmwkt1w', 'seed_gk4b788iir', 'seed_gfzm5ii0tj', 'Bagus! Ini tepat seperti yang saya perlukan.', 15, FALSE, now(), now());
INSERT INTO "ForumThread" (id, "courseId", "userId", title, body, tags, views, "isPinned", "isResolved", "createdAt", "updatedAt") VALUES ('seed_6q5aa18n78', 'seed_eicszf6b92', 'seed_7cm60wpveo', 'Tip belajar kod SQL dengan cepat', 'Kongsikan tip/website/youtube channel yang berkesan untuk belajar SQL dari zero. Saya perlukan untuk projek akhir.', '["it","elektrik"]', 347, FALSE, FALSE, now(), now());
INSERT INTO "ForumPost" (id, "threadId", "userId", body, likes, "isAnswer", "createdAt", "updatedAt") VALUES ('seed_vuhbvfezjv', 'seed_6q5aa18n78', 'seed_61swcs56gc', 'Mungkin boleh hubungi unit ICT kampus untuk bantuan teknikal lanjut.', 7, FALSE, now(), now());
INSERT INTO "ForumPost" (id, "threadId", "userId", body, likes, "isAnswer", "createdAt", "updatedAt") VALUES ('seed_bn8vp0qdws', 'seed_6q5aa18n78', 'seed_88ai0ke5wr', 'Mungkin boleh hubungi unit ICT kampus untuk bantuan teknikal lanjut.', 6, FALSE, now(), now());
INSERT INTO "ForumPost" (id, "threadId", "userId", body, likes, "isAnswer", "createdAt", "updatedAt") VALUES ('seed_o7rjdgbmym', 'seed_6q5aa18n78', 'seed_qwfjz74cab', 'Terima kasih atas perkongsian. Saya juga menghadapi masalah yang sama dan ini sangat membantu.', 14, FALSE, now(), now());
INSERT INTO "ForumPost" (id, "threadId", "userId", body, likes, "isAnswer", "createdAt", "updatedAt") VALUES ('seed_6u62ir7euv', 'seed_6q5aa18n78', 'seed_6duurl5o01', 'Bagus! Ini tepat seperti yang saya perlukan.', 14, FALSE, now(), now());
INSERT INTO "ForumThread" (id, "courseId", "userId", title, body, tags, views, "isPinned", "isResolved", "createdAt", "updatedAt") VALUES ('seed_yp1tu4l93w', 'seed_72famd8zty', 'seed_j5q5ltneiv', 'Diagnostik enjin hybrid Toyota Aqua — bateri HV lemah?', 'Kerjaja Aqua 2014, fuel consumption tinggi tapi kuasa kurang. Code DTC P0A80. Adakah ini confirm bateri HV kena tukar?', '["umum","mekatronik"]', 215, FALSE, TRUE, now(), now());
INSERT INTO "ForumPost" (id, "threadId", "userId", body, likes, "isAnswer", "createdAt", "updatedAt") VALUES ('seed_bza74hsw5r', 'seed_yp1tu4l93w', 'seed_dbi1lin8jb', 'Bagus! Ini tepat seperti yang saya perlukan.', 13, TRUE, now(), now());
INSERT INTO "ForumPost" (id, "threadId", "userId", body, likes, "isAnswer", "createdAt", "updatedAt") VALUES ('seed_au86ga6ybc', 'seed_yp1tu4l93w', 'seed_zyzprbs8mr', 'Cuba semak kabel sambungan dan pastikan driver dipasang dengan betul.', 8, FALSE, now(), now());
INSERT INTO "ForumPost" (id, "threadId", "userId", body, likes, "isAnswer", "createdAt", "updatedAt") VALUES ('seed_fj9kut4xzd', 'seed_yp1tu4l93w', 'seed_m8g7gpoysz', 'Mungkin boleh hubungi unit ICT kampus untuk bantuan teknikal lanjut.', 9, FALSE, now(), now());
INSERT INTO "ForumThread" (id, "courseId", "userId", title, body, tags, views, "isPinned", "isResolved", "createdAt", "updatedAt") VALUES ('seed_a4d0p4ozme', 'seed_p042jx6oqv', 'seed_7cm60wpveo', 'Cara export rekod kompetensi SKM ke ePortfolio', 'Bagaimana saya boleh paparkan sijil SKM dan NOSS dalam ePortfolio supaya majikan boleh sahkan?', '["elektrik","mekatronik"]', 246, FALSE, TRUE, now(), now());
INSERT INTO "ForumPost" (id, "threadId", "userId", body, likes, "isAnswer", "createdAt", "updatedAt") VALUES ('seed_md31oqu20z', 'seed_a4d0p4ozme', 'seed_sx3mmbakez', 'Bagus! Ini tepat seperti yang saya perlukan.', 11, TRUE, now(), now());
INSERT INTO "ForumPost" (id, "threadId", "userId", body, likes, "isAnswer", "createdAt", "updatedAt") VALUES ('seed_txd4tfbv90', 'seed_a4d0p4ozme', 'seed_q3qfsutpsr', 'Bagus! Ini tepat seperti yang saya perlukan.', 6, FALSE, now(), now());
INSERT INTO "ForumPost" (id, "threadId", "userId", body, likes, "isAnswer", "createdAt", "updatedAt") VALUES ('seed_kz5yzpsoa2', 'seed_a4d0p4ozme', 'seed_j5q5ltneiv', 'Cuba semak kabel sambungan dan pastikan driver dipasang dengan betul.', 1, FALSE, now(), now());
INSERT INTO "ForumPost" (id, "threadId", "userId", body, likes, "isAnswer", "createdAt", "updatedAt") VALUES ('seed_rti61op7yf', 'seed_a4d0p4ozme', 'seed_p5qw2imedc', 'Mungkin boleh hubungi unit ICT kampus untuk bantuan teknikal lanjut.', 4, FALSE, now(), now());
INSERT INTO "ForumThread" (id, "courseId", "userId", title, body, tags, views, "isPinned", "isResolved", "createdAt", "updatedAt") VALUES ('seed_xco3ubesp5', NULL, 'seed_p5qw2imedc', 'Selamat datang ke Forum elearning JTM!', 'Forum ini ruang perbincangan untuk seluruh komuniti TVET JTM — pelajar, pengajar dan pentadbir 33 kampus ADTEC. Sila beradab dan saling membantu.', '["it","mekatronik"]', 147, TRUE, FALSE, now(), now());
INSERT INTO "ForumPost" (id, "threadId", "userId", body, likes, "isAnswer", "createdAt", "updatedAt") VALUES ('seed_th5yqomubb', 'seed_xco3ubesp5', 'seed_0xtic6n2rl', 'Saya cadangkan anda rujuk modul 3 dalam kursus berkenaan, ada penjelasan terperinci di situ.', 15, FALSE, now(), now());
INSERT INTO "ForumPost" (id, "threadId", "userId", body, likes, "isAnswer", "createdAt", "updatedAt") VALUES ('seed_2nsj2qt9dw', 'seed_xco3ubesp5', 'seed_ehq80jv59h', 'Boleh cuba reset PLC ke factory setting dahulu, kemudian configure semula.', 7, FALSE, now(), now());
INSERT INTO "ForumPost" (id, "threadId", "userId", body, likes, "isAnswer", "createdAt", "updatedAt") VALUES ('seed_7jojl57zr7', 'seed_xco3ubesp5', 'seed_gfzm5ii0tj', 'Bagus! Ini tepat seperti yang saya perlukan.', 14, FALSE, now(), now());
INSERT INTO "ForumPost" (id, "threadId", "userId", body, likes, "isAnswer", "createdAt", "updatedAt") VALUES ('seed_fnriohyc7w', 'seed_xco3ubesp5', 'seed_ssqzh4moub', 'Saya cadangkan anda rujuk modul 3 dalam kursus berkenaan, ada penjelasan terperinci di situ.', 13, FALSE, now(), now());
INSERT INTO "ForumThread" (id, "courseId", "userId", title, body, tags, views, "isPinned", "isResolved", "createdAt", "updatedAt") VALUES ('seed_15f9swcu1a', NULL, 'seed_gfzm5ii0tj', 'Cadangan modul offline untuk kawasan internet terhad', 'Saya dari ADTEC Kuching. Capaian internet kadang-kadang terputus. Boleh tambah fungsi download modul untuk akses offline?', '["umum","it"]', 266, FALSE, FALSE, now(), now());
INSERT INTO "ForumPost" (id, "threadId", "userId", body, likes, "isAnswer", "createdAt", "updatedAt") VALUES ('seed_hopxtqz5a4', 'seed_15f9swcu1a', 'seed_8vzbkoks2y', 'Bagus! Ini tepat seperti yang saya perlukan.', 3, FALSE, now(), now());
INSERT INTO "ForumPost" (id, "threadId", "userId", body, likes, "isAnswer", "createdAt", "updatedAt") VALUES ('seed_85xv57fe5c', 'seed_15f9swcu1a', 'seed_a8dxxqzg2j', 'Cuba semak kabel sambungan dan pastikan driver dipasang dengan betul.', 1, FALSE, now(), now());

-- Notifications
INSERT INTO "Notification" (id, "userId", type, title, message, link, read, "createdAt") VALUES ('seed_5ynmee8cfp', 'seed_g9sm0gujoz', 'certificate', 'Sijil Digital Diterbitkan', 'Sijil anda telah dijana. Boleh dimuat turun & disahkan via QR.', '/eportfolio', TRUE, now());
INSERT INTO "Notification" (id, "userId", type, title, message, link, read, "createdAt") VALUES ('seed_ca9r2d14l8', 'seed_g9sm0gujoz', 'certificate', 'Sijil Digital Diterbitkan', 'Sijil anda telah dijana. Boleh dimuat turun & disahkan via QR.', '/dashboard', TRUE, now());
INSERT INTO "Notification" (id, "userId", type, title, message, link, read, "createdAt") VALUES ('seed_ymbzo6mz3h', 'seed_b72p0v5wh7', 'info', 'Modul Baharu Diterbitkan', 'Modul baru telah ditambah ke kursus anda.', '/eportfolio', FALSE, now());
INSERT INTO "Notification" (id, "userId", type, title, message, link, read, "createdAt") VALUES ('seed_ohr288idet', 'seed_b72p0v5wh7', 'certificate', 'Sijil Digital Diterbitkan', 'Sijil anda telah dijana. Boleh dimuat turun & disahkan via QR.', '/my-learning', TRUE, now());
INSERT INTO "Notification" (id, "userId", type, title, message, link, read, "createdAt") VALUES ('seed_zz5cirys4d', 'seed_b72p0v5wh7', 'badge', 'Lencana Baharu!', 'Anda telah dianugerahkan lencana baru. Semak di ePortfolio.', '/forum', FALSE, now());
INSERT INTO "Notification" (id, "userId", type, title, message, link, read, "createdAt") VALUES ('seed_kz8dzxoqh7', 'seed_abnrclycxu', 'success', 'Kuiz Diluluskan', 'Tahniah! Anda lulus kuiz dengan skor cemerlang.', '/dashboard', FALSE, now());
INSERT INTO "Notification" (id, "userId", type, title, message, link, read, "createdAt") VALUES ('seed_kba2t2wygv', 'seed_vzg8aq9bfk', 'success', 'Kuiz Diluluskan', 'Tahniah! Anda lulus kuiz dengan skor cemerlang.', '/dashboard', TRUE, now());
INSERT INTO "Notification" (id, "userId", type, title, message, link, read, "createdAt") VALUES ('seed_pc43v5lce7', 'seed_vzg8aq9bfk', 'success', 'Kuiz Diluluskan', 'Tahniah! Anda lulus kuiz dengan skor cemerlang.', '/certificates', TRUE, now());
INSERT INTO "Notification" (id, "userId", type, title, message, link, read, "createdAt") VALUES ('seed_iez9j4naca', 'seed_jb892bn8p3', 'success', 'Kuiz Diluluskan', 'Tahniah! Anda lulus kuiz dengan skor cemerlang.', '/certificates', FALSE, now());
INSERT INTO "Notification" (id, "userId", type, title, message, link, read, "createdAt") VALUES ('seed_tppgdntdgy', 'seed_u6trylcqxq', 'info', 'Modul Baharu Diterbitkan', 'Modul baru telah ditambah ke kursus anda.', '/eportfolio', FALSE, now());
INSERT INTO "Notification" (id, "userId", type, title, message, link, read, "createdAt") VALUES ('seed_f6ccsv6u29', 'seed_4gbqzh0aig', 'info', 'Modul Baharu Diterbitkan', 'Modul baru telah ditambah ke kursus anda.', '/certificates', FALSE, now());
INSERT INTO "Notification" (id, "userId", type, title, message, link, read, "createdAt") VALUES ('seed_vs9xo9fiao', 'seed_4gbqzh0aig', 'certificate', 'Sijil Digital Diterbitkan', 'Sijil anda telah dijana. Boleh dimuat turun & disahkan via QR.', '/eportfolio', TRUE, now());
INSERT INTO "Notification" (id, "userId", type, title, message, link, read, "createdAt") VALUES ('seed_8r5umidnj7', 'seed_4gbqzh0aig', 'success', 'Kuiz Diluluskan', 'Tahniah! Anda lulus kuiz dengan skor cemerlang.', '/certificates', TRUE, now());
INSERT INTO "Notification" (id, "userId", type, title, message, link, read, "createdAt") VALUES ('seed_mx6ugk4n0r', 'seed_yr481eldxn', 'certificate', 'Sijil Digital Diterbitkan', 'Sijil anda telah dijana. Boleh dimuat turun & disahkan via QR.', '/my-learning', FALSE, now());
INSERT INTO "Notification" (id, "userId", type, title, message, link, read, "createdAt") VALUES ('seed_6gi1kzq00e', 'seed_r8xg1dspx6', 'certificate', 'Sijil Digital Diterbitkan', 'Sijil anda telah dijana. Boleh dimuat turun & disahkan via QR.', '/my-learning', FALSE, now());
INSERT INTO "Notification" (id, "userId", type, title, message, link, read, "createdAt") VALUES ('seed_p4uhj9zk64', 'seed_r8xg1dspx6', 'success', 'Kuiz Diluluskan', 'Tahniah! Anda lulus kuiz dengan skor cemerlang.', '/my-learning', TRUE, now());
INSERT INTO "Notification" (id, "userId", type, title, message, link, read, "createdAt") VALUES ('seed_zpozkz6z4', 'seed_k70r1dgj3v', 'warning', 'Tugasan Tertunda', 'Anda ada tugasan yang belum diserah. Sila lengkapkan.', '/forum', TRUE, now());
INSERT INTO "Notification" (id, "userId", type, title, message, link, read, "createdAt") VALUES ('seed_sz0r9e0dkv', 'seed_k70r1dgj3v', 'badge', 'Lencana Baharu!', 'Anda telah dianugerahkan lencana baru. Semak di ePortfolio.', '/forum', TRUE, now());
INSERT INTO "Notification" (id, "userId", type, title, message, link, read, "createdAt") VALUES ('seed_2dntzw6gye', 'seed_r6sk8cluri', 'success', 'Kuiz Diluluskan', 'Tahniah! Anda lulus kuiz dengan skor cemerlang.', '/certificates', TRUE, now());
INSERT INTO "Notification" (id, "userId", type, title, message, link, read, "createdAt") VALUES ('seed_ztgd7nf31h', 'seed_r6sk8cluri', 'success', 'Kuiz Diluluskan', 'Tahniah! Anda lulus kuiz dengan skor cemerlang.', '/dashboard', TRUE, now());
INSERT INTO "Notification" (id, "userId", type, title, message, link, read, "createdAt") VALUES ('seed_ztjkwt6eb3', 'seed_r6sk8cluri', 'success', 'Kuiz Diluluskan', 'Tahniah! Anda lulus kuiz dengan skor cemerlang.', '/forum', TRUE, now());
INSERT INTO "Notification" (id, "userId", type, title, message, link, read, "createdAt") VALUES ('seed_3e0e1rcj6n', 'seed_r6sk8cluri', 'certificate', 'Sijil Digital Diterbitkan', 'Sijil anda telah dijana. Boleh dimuat turun & disahkan via QR.', '/my-learning', FALSE, now());
INSERT INTO "Notification" (id, "userId", type, title, message, link, read, "createdAt") VALUES ('seed_cfdpb2eysw', 'seed_jercp3zylw', 'success', 'Kuiz Diluluskan', 'Tahniah! Anda lulus kuiz dengan skor cemerlang.', '/dashboard', FALSE, now());
INSERT INTO "Notification" (id, "userId", type, title, message, link, read, "createdAt") VALUES ('seed_snkv88s3gl', 'seed_jercp3zylw', 'warning', 'Tugasan Tertunda', 'Anda ada tugasan yang belum diserah. Sila lengkapkan.', '/forum', TRUE, now());
INSERT INTO "Notification" (id, "userId", type, title, message, link, read, "createdAt") VALUES ('seed_mivxj57i7g', 'seed_aiudyim99n', 'success', 'Kuiz Diluluskan', 'Tahniah! Anda lulus kuiz dengan skor cemerlang.', '/eportfolio', TRUE, now());
INSERT INTO "Notification" (id, "userId", type, title, message, link, read, "createdAt") VALUES ('seed_43uyeguqod', 'seed_aiudyim99n', 'certificate', 'Sijil Digital Diterbitkan', 'Sijil anda telah dijana. Boleh dimuat turun & disahkan via QR.', '/dashboard', TRUE, now());
INSERT INTO "Notification" (id, "userId", type, title, message, link, read, "createdAt") VALUES ('seed_kom9cj4jc4', 'seed_aiudyim99n', 'warning', 'Tugasan Tertunda', 'Anda ada tugasan yang belum diserah. Sila lengkapkan.', '/my-learning', TRUE, now());
INSERT INTO "Notification" (id, "userId", type, title, message, link, read, "createdAt") VALUES ('seed_bhun0d67bs', 'seed_aiudyim99n', 'badge', 'Lencana Baharu!', 'Anda telah dianugerahkan lencana baru. Semak di ePortfolio.', '/certificates', FALSE, now());
INSERT INTO "Notification" (id, "userId", type, title, message, link, read, "createdAt") VALUES ('seed_e8ovyuj9eg', 'seed_8yckcy8rg7', 'warning', 'Tugasan Tertunda', 'Anda ada tugasan yang belum diserah. Sila lengkapkan.', '/eportfolio', TRUE, now());
INSERT INTO "Notification" (id, "userId", type, title, message, link, read, "createdAt") VALUES ('seed_fw56oeynw8', 'seed_8yckcy8rg7', 'certificate', 'Sijil Digital Diterbitkan', 'Sijil anda telah dijana. Boleh dimuat turun & disahkan via QR.', '/certificates', TRUE, now());
INSERT INTO "Notification" (id, "userId", type, title, message, link, read, "createdAt") VALUES ('seed_sedan5kp29', 'seed_8yckcy8rg7', 'info', 'Modul Baharu Diterbitkan', 'Modul baru telah ditambah ke kursus anda.', '/eportfolio', FALSE, now());
INSERT INTO "Notification" (id, "userId", type, title, message, link, read, "createdAt") VALUES ('seed_3uij4zkt7x', 'seed_8yckcy8rg7', 'success', 'Kuiz Diluluskan', 'Tahniah! Anda lulus kuiz dengan skor cemerlang.', '/dashboard', FALSE, now());
INSERT INTO "Notification" (id, "userId", type, title, message, link, read, "createdAt") VALUES ('seed_iz22cq14su', 'seed_zurn0sc23t', 'certificate', 'Sijil Digital Diterbitkan', 'Sijil anda telah dijana. Boleh dimuat turun & disahkan via QR.', '/dashboard', FALSE, now());
INSERT INTO "Notification" (id, "userId", type, title, message, link, read, "createdAt") VALUES ('seed_3bz5dr8q62', 'seed_zurn0sc23t', 'badge', 'Lencana Baharu!', 'Anda telah dianugerahkan lencana baru. Semak di ePortfolio.', '/forum', TRUE, now());
INSERT INTO "Notification" (id, "userId", type, title, message, link, read, "createdAt") VALUES ('seed_2xa5rribvq', 'seed_zurn0sc23t', 'info', 'Modul Baharu Diterbitkan', 'Modul baru telah ditambah ke kursus anda.', '/certificates', TRUE, now());
INSERT INTO "Notification" (id, "userId", type, title, message, link, read, "createdAt") VALUES ('seed_19clkayzhz', 'seed_vu33qxq8yd', 'badge', 'Lencana Baharu!', 'Anda telah dianugerahkan lencana baru. Semak di ePortfolio.', '/my-learning', TRUE, now());
INSERT INTO "Notification" (id, "userId", type, title, message, link, read, "createdAt") VALUES ('seed_jw6iag658j', 'seed_vu33qxq8yd', 'badge', 'Lencana Baharu!', 'Anda telah dianugerahkan lencana baru. Semak di ePortfolio.', '/my-learning', TRUE, now());
INSERT INTO "Notification" (id, "userId", type, title, message, link, read, "createdAt") VALUES ('seed_w84n7qcv6m', 'seed_vu33qxq8yd', 'badge', 'Lencana Baharu!', 'Anda telah dianugerahkan lencana baru. Semak di ePortfolio.', '/eportfolio', TRUE, now());
INSERT INTO "Notification" (id, "userId", type, title, message, link, read, "createdAt") VALUES ('seed_99znmg35wj', 'seed_vu33qxq8yd', 'certificate', 'Sijil Digital Diterbitkan', 'Sijil anda telah dijana. Boleh dimuat turun & disahkan via QR.', '/dashboard', FALSE, now());
INSERT INTO "Notification" (id, "userId", type, title, message, link, read, "createdAt") VALUES ('seed_7o48wm3gf3', 'seed_1ay2uuqkwl', 'warning', 'Tugasan Tertunda', 'Anda ada tugasan yang belum diserah. Sila lengkapkan.', '/my-learning', TRUE, now());
INSERT INTO "Notification" (id, "userId", type, title, message, link, read, "createdAt") VALUES ('seed_1ljv6ymkkw', 'seed_1ay2uuqkwl', 'warning', 'Tugasan Tertunda', 'Anda ada tugasan yang belum diserah. Sila lengkapkan.', '/my-learning', TRUE, now());
INSERT INTO "Notification" (id, "userId", type, title, message, link, read, "createdAt") VALUES ('seed_d610qmtu0d', 'seed_1ay2uuqkwl', 'info', 'Modul Baharu Diterbitkan', 'Modul baru telah ditambah ke kursus anda.', '/certificates', FALSE, now());
INSERT INTO "Notification" (id, "userId", type, title, message, link, read, "createdAt") VALUES ('seed_pdxk4l2s2j', 'seed_27y4u4wj6i', 'badge', 'Lencana Baharu!', 'Anda telah dianugerahkan lencana baru. Semak di ePortfolio.', '/eportfolio', TRUE, now());
INSERT INTO "Notification" (id, "userId", type, title, message, link, read, "createdAt") VALUES ('seed_rt6j7tnov0', 'seed_q6dmd8pvei', 'certificate', 'Sijil Digital Diterbitkan', 'Sijil anda telah dijana. Boleh dimuat turun & disahkan via QR.', '/dashboard', FALSE, now());
INSERT INTO "Notification" (id, "userId", type, title, message, link, read, "createdAt") VALUES ('seed_3lzvidd56a', 'seed_q6dmd8pvei', 'certificate', 'Sijil Digital Diterbitkan', 'Sijil anda telah dijana. Boleh dimuat turun & disahkan via QR.', '/my-learning', FALSE, now());
INSERT INTO "Notification" (id, "userId", type, title, message, link, read, "createdAt") VALUES ('seed_e41noan6nu', 'seed_q6dmd8pvei', 'success', 'Kuiz Diluluskan', 'Tahniah! Anda lulus kuiz dengan skor cemerlang.', '/eportfolio', TRUE, now());
INSERT INTO "Notification" (id, "userId", type, title, message, link, read, "createdAt") VALUES ('seed_v1xlh8r0l7', 'seed_q6dmd8pvei', 'warning', 'Tugasan Tertunda', 'Anda ada tugasan yang belum diserah. Sila lengkapkan.', '/dashboard', TRUE, now());
INSERT INTO "Notification" (id, "userId", type, title, message, link, read, "createdAt") VALUES ('seed_7uli1zwzzn', 'seed_s41xcdb4da', 'warning', 'Tugasan Tertunda', 'Anda ada tugasan yang belum diserah. Sila lengkapkan.', '/forum', TRUE, now());
INSERT INTO "Notification" (id, "userId", type, title, message, link, read, "createdAt") VALUES ('seed_z12ekayty4', 'seed_s41xcdb4da', 'success', 'Kuiz Diluluskan', 'Tahniah! Anda lulus kuiz dengan skor cemerlang.', '/forum', FALSE, now());
INSERT INTO "Notification" (id, "userId", type, title, message, link, read, "createdAt") VALUES ('seed_voifki8790', 'seed_s41xcdb4da', 'warning', 'Tugasan Tertunda', 'Anda ada tugasan yang belum diserah. Sila lengkapkan.', '/eportfolio', TRUE, now());
INSERT INTO "Notification" (id, "userId", type, title, message, link, read, "createdAt") VALUES ('seed_14mzbqk0zn', 'seed_s41xcdb4da', 'info', 'Modul Baharu Diterbitkan', 'Modul baru telah ditambah ke kursus anda.', '/certificates', TRUE, now());
INSERT INTO "Notification" (id, "userId", type, title, message, link, read, "createdAt") VALUES ('seed_wkqik5xaup', 'seed_83daea6mxf', 'info', 'Modul Baharu Diterbitkan', 'Modul baru telah ditambah ke kursus anda.', '/eportfolio', TRUE, now());
INSERT INTO "Notification" (id, "userId", type, title, message, link, read, "createdAt") VALUES ('seed_hyo71jrhrp', 'seed_hc2aaynwqc', 'badge', 'Lencana Baharu!', 'Anda telah dianugerahkan lencana baru. Semak di ePortfolio.', '/dashboard', TRUE, now());
INSERT INTO "Notification" (id, "userId", type, title, message, link, read, "createdAt") VALUES ('seed_wndkxyhmp5', 'seed_hc2aaynwqc', 'badge', 'Lencana Baharu!', 'Anda telah dianugerahkan lencana baru. Semak di ePortfolio.', '/eportfolio', FALSE, now());
INSERT INTO "Notification" (id, "userId", type, title, message, link, read, "createdAt") VALUES ('seed_sm66l1v0il', 'seed_s52r89chsc', 'badge', 'Lencana Baharu!', 'Anda telah dianugerahkan lencana baru. Semak di ePortfolio.', '/forum', TRUE, now());
INSERT INTO "Notification" (id, "userId", type, title, message, link, read, "createdAt") VALUES ('seed_6xzcn3r3m8', 'seed_s52r89chsc', 'success', 'Kuiz Diluluskan', 'Tahniah! Anda lulus kuiz dengan skor cemerlang.', '/forum', TRUE, now());
INSERT INTO "Notification" (id, "userId", type, title, message, link, read, "createdAt") VALUES ('seed_nyqcn4dttl', 'seed_rh2ou4rb5p', 'success', 'Kuiz Diluluskan', 'Tahniah! Anda lulus kuiz dengan skor cemerlang.', '/certificates', FALSE, now());
INSERT INTO "Notification" (id, "userId", type, title, message, link, read, "createdAt") VALUES ('seed_mrldhl3c25', 'seed_rh2ou4rb5p', 'info', 'Modul Baharu Diterbitkan', 'Modul baru telah ditambah ke kursus anda.', '/dashboard', TRUE, now());
INSERT INTO "Notification" (id, "userId", type, title, message, link, read, "createdAt") VALUES ('seed_9nvwctzoxs', 'seed_rh2ou4rb5p', 'certificate', 'Sijil Digital Diterbitkan', 'Sijil anda telah dijana. Boleh dimuat turun & disahkan via QR.', '/my-learning', FALSE, now());
INSERT INTO "Notification" (id, "userId", type, title, message, link, read, "createdAt") VALUES ('seed_xt85as1j95', 'seed_1gzq4opwxi', 'warning', 'Tugasan Tertunda', 'Anda ada tugasan yang belum diserah. Sila lengkapkan.', '/eportfolio', TRUE, now());
INSERT INTO "Notification" (id, "userId", type, title, message, link, read, "createdAt") VALUES ('seed_tuons04s5f', 'seed_x5iu9uzat1', 'info', 'Modul Baharu Diterbitkan', 'Modul baru telah ditambah ke kursus anda.', '/dashboard', FALSE, now());
INSERT INTO "Notification" (id, "userId", type, title, message, link, read, "createdAt") VALUES ('seed_3x0i03vdkk', 'seed_x5iu9uzat1', 'badge', 'Lencana Baharu!', 'Anda telah dianugerahkan lencana baru. Semak di ePortfolio.', '/my-learning', TRUE, now());
INSERT INTO "Notification" (id, "userId", type, title, message, link, read, "createdAt") VALUES ('seed_vblkft3dqz', 'seed_q8ezpv47et', 'warning', 'Tugasan Tertunda', 'Anda ada tugasan yang belum diserah. Sila lengkapkan.', '/certificates', FALSE, now());
INSERT INTO "Notification" (id, "userId", type, title, message, link, read, "createdAt") VALUES ('seed_c7restwpyl', 'seed_q8ezpv47et', 'warning', 'Tugasan Tertunda', 'Anda ada tugasan yang belum diserah. Sila lengkapkan.', '/dashboard', TRUE, now());
INSERT INTO "Notification" (id, "userId", type, title, message, link, read, "createdAt") VALUES ('seed_gpsm989hyk', 'seed_wcylw1iipd', 'info', 'Modul Baharu Diterbitkan', 'Modul baru telah ditambah ke kursus anda.', '/eportfolio', TRUE, now());
INSERT INTO "Notification" (id, "userId", type, title, message, link, read, "createdAt") VALUES ('seed_l3rhe83v81', 'seed_wcylw1iipd', 'warning', 'Tugasan Tertunda', 'Anda ada tugasan yang belum diserah. Sila lengkapkan.', '/forum', FALSE, now());
INSERT INTO "Notification" (id, "userId", type, title, message, link, read, "createdAt") VALUES ('seed_46i8vewnwj', 'seed_wcylw1iipd', 'badge', 'Lencana Baharu!', 'Anda telah dianugerahkan lencana baru. Semak di ePortfolio.', '/my-learning', FALSE, now());
INSERT INTO "Notification" (id, "userId", type, title, message, link, read, "createdAt") VALUES ('seed_csasepc0me', 'seed_wcylw1iipd', 'info', 'Modul Baharu Diterbitkan', 'Modul baru telah ditambah ke kursus anda.', '/my-learning', TRUE, now());
INSERT INTO "Notification" (id, "userId", type, title, message, link, read, "createdAt") VALUES ('seed_lhovkbx9pz', 'seed_4m7u11x12k', 'badge', 'Lencana Baharu!', 'Anda telah dianugerahkan lencana baru. Semak di ePortfolio.', '/eportfolio', TRUE, now());
INSERT INTO "Notification" (id, "userId", type, title, message, link, read, "createdAt") VALUES ('seed_m7jun634nd', 'seed_4m7u11x12k', 'info', 'Modul Baharu Diterbitkan', 'Modul baru telah ditambah ke kursus anda.', '/forum', FALSE, now());
INSERT INTO "Notification" (id, "userId", type, title, message, link, read, "createdAt") VALUES ('seed_tp9g9abwp6', 'seed_bdcp587u5q', 'warning', 'Tugasan Tertunda', 'Anda ada tugasan yang belum diserah. Sila lengkapkan.', '/dashboard', FALSE, now());
INSERT INTO "Notification" (id, "userId", type, title, message, link, read, "createdAt") VALUES ('seed_yv786jndtz', 'seed_bdcp587u5q', 'success', 'Kuiz Diluluskan', 'Tahniah! Anda lulus kuiz dengan skor cemerlang.', '/eportfolio', TRUE, now());
INSERT INTO "Notification" (id, "userId", type, title, message, link, read, "createdAt") VALUES ('seed_p1s4ritqcb', 'seed_8nfkzotwgf', 'certificate', 'Sijil Digital Diterbitkan', 'Sijil anda telah dijana. Boleh dimuat turun & disahkan via QR.', '/eportfolio', FALSE, now());
INSERT INTO "Notification" (id, "userId", type, title, message, link, read, "createdAt") VALUES ('seed_kcfcbvx26b', 'seed_8nfkzotwgf', 'success', 'Kuiz Diluluskan', 'Tahniah! Anda lulus kuiz dengan skor cemerlang.', '/certificates', TRUE, now());
INSERT INTO "Notification" (id, "userId", type, title, message, link, read, "createdAt") VALUES ('seed_r456449gw3', 'seed_8nfkzotwgf', 'success', 'Kuiz Diluluskan', 'Tahniah! Anda lulus kuiz dengan skor cemerlang.', '/certificates', TRUE, now());
INSERT INTO "Notification" (id, "userId", type, title, message, link, read, "createdAt") VALUES ('seed_ajflzhl9nq', 'seed_8nfkzotwgf', 'success', 'Kuiz Diluluskan', 'Tahniah! Anda lulus kuiz dengan skor cemerlang.', '/certificates', FALSE, now());
INSERT INTO "Notification" (id, "userId", type, title, message, link, read, "createdAt") VALUES ('seed_tvtjlglh6v', 'seed_196cj5vf6t', 'info', 'Modul Baharu Diterbitkan', 'Modul baru telah ditambah ke kursus anda.', '/certificates', TRUE, now());
INSERT INTO "Notification" (id, "userId", type, title, message, link, read, "createdAt") VALUES ('seed_bqs4c54cc0', 'seed_196cj5vf6t', 'badge', 'Lencana Baharu!', 'Anda telah dianugerahkan lencana baru. Semak di ePortfolio.', '/certificates', FALSE, now());
INSERT INTO "Notification" (id, "userId", type, title, message, link, read, "createdAt") VALUES ('seed_79nayxjqh6', 'seed_196cj5vf6t', 'info', 'Modul Baharu Diterbitkan', 'Modul baru telah ditambah ke kursus anda.', '/forum', FALSE, now());
INSERT INTO "Notification" (id, "userId", type, title, message, link, read, "createdAt") VALUES ('seed_lwh826lbzd', 'seed_196cj5vf6t', 'info', 'Modul Baharu Diterbitkan', 'Modul baru telah ditambah ke kursus anda.', '/eportfolio', FALSE, now());
INSERT INTO "Notification" (id, "userId", type, title, message, link, read, "createdAt") VALUES ('seed_ue2e9oqqej', 'seed_zizily9c2h', 'badge', 'Lencana Baharu!', 'Anda telah dianugerahkan lencana baru. Semak di ePortfolio.', '/eportfolio', FALSE, now());
INSERT INTO "Notification" (id, "userId", type, title, message, link, read, "createdAt") VALUES ('seed_pggh27ehay', 'seed_zizily9c2h', 'info', 'Modul Baharu Diterbitkan', 'Modul baru telah ditambah ke kursus anda.', '/my-learning', FALSE, now());
INSERT INTO "Notification" (id, "userId", type, title, message, link, read, "createdAt") VALUES ('seed_940tr9ddkl', 'seed_zizily9c2h', 'badge', 'Lencana Baharu!', 'Anda telah dianugerahkan lencana baru. Semak di ePortfolio.', '/dashboard', FALSE, now());
INSERT INTO "Notification" (id, "userId", type, title, message, link, read, "createdAt") VALUES ('seed_sqwsa7qxdj', 'seed_zizily9c2h', 'certificate', 'Sijil Digital Diterbitkan', 'Sijil anda telah dijana. Boleh dimuat turun & disahkan via QR.', '/my-learning', TRUE, now());
INSERT INTO "Notification" (id, "userId", type, title, message, link, read, "createdAt") VALUES ('seed_op2nyfzuh8', 'seed_fhu4978vkv', 'success', 'Kuiz Diluluskan', 'Tahniah! Anda lulus kuiz dengan skor cemerlang.', '/my-learning', TRUE, now());
INSERT INTO "Notification" (id, "userId", type, title, message, link, read, "createdAt") VALUES ('seed_idsrov8era', 'seed_fhu4978vkv', 'success', 'Kuiz Diluluskan', 'Tahniah! Anda lulus kuiz dengan skor cemerlang.', '/my-learning', FALSE, now());
INSERT INTO "Notification" (id, "userId", type, title, message, link, read, "createdAt") VALUES ('seed_xt43ljzmmb', 'seed_xo21kenadr', 'warning', 'Tugasan Tertunda', 'Anda ada tugasan yang belum diserah. Sila lengkapkan.', '/eportfolio', FALSE, now());
INSERT INTO "Notification" (id, "userId", type, title, message, link, read, "createdAt") VALUES ('seed_tb86vcjcvq', 'seed_xo21kenadr', 'success', 'Kuiz Diluluskan', 'Tahniah! Anda lulus kuiz dengan skor cemerlang.', '/eportfolio', TRUE, now());
INSERT INTO "Notification" (id, "userId", type, title, message, link, read, "createdAt") VALUES ('seed_g6zn2nzoe2', 'seed_xo21kenadr', 'warning', 'Tugasan Tertunda', 'Anda ada tugasan yang belum diserah. Sila lengkapkan.', '/certificates', FALSE, now());
INSERT INTO "Notification" (id, "userId", type, title, message, link, read, "createdAt") VALUES ('seed_ec2cwewy46', 'seed_qwfjz74cab', 'success', 'Kuiz Diluluskan', 'Tahniah! Anda lulus kuiz dengan skor cemerlang.', '/certificates', TRUE, now());
INSERT INTO "Notification" (id, "userId", type, title, message, link, read, "createdAt") VALUES ('seed_hlkwbsshd4', 'seed_qwfjz74cab', 'warning', 'Tugasan Tertunda', 'Anda ada tugasan yang belum diserah. Sila lengkapkan.', '/dashboard', TRUE, now());
INSERT INTO "Notification" (id, "userId", type, title, message, link, read, "createdAt") VALUES ('seed_bngowpjugu', 'seed_qwfjz74cab', 'info', 'Modul Baharu Diterbitkan', 'Modul baru telah ditambah ke kursus anda.', '/eportfolio', FALSE, now());
INSERT INTO "Notification" (id, "userId", type, title, message, link, read, "createdAt") VALUES ('seed_sw7s58gnog', 'seed_gfzm5ii0tj', 'warning', 'Tugasan Tertunda', 'Anda ada tugasan yang belum diserah. Sila lengkapkan.', '/certificates', TRUE, now());
INSERT INTO "Notification" (id, "userId", type, title, message, link, read, "createdAt") VALUES ('seed_b9grlqlc1h', 'seed_gfzm5ii0tj', 'info', 'Modul Baharu Diterbitkan', 'Modul baru telah ditambah ke kursus anda.', '/dashboard', FALSE, now());
INSERT INTO "Notification" (id, "userId", type, title, message, link, read, "createdAt") VALUES ('seed_crm7z0xrs4', 'seed_gfzm5ii0tj', 'warning', 'Tugasan Tertunda', 'Anda ada tugasan yang belum diserah. Sila lengkapkan.', '/forum', TRUE, now());
INSERT INTO "Notification" (id, "userId", type, title, message, link, read, "createdAt") VALUES ('seed_q3d375xvzf', 'seed_gfzm5ii0tj', 'certificate', 'Sijil Digital Diterbitkan', 'Sijil anda telah dijana. Boleh dimuat turun & disahkan via QR.', '/eportfolio', FALSE, now());
INSERT INTO "Notification" (id, "userId", type, title, message, link, read, "createdAt") VALUES ('seed_66p0pzgv7k', 'seed_sx3mmbakez', 'badge', 'Lencana Baharu!', 'Anda telah dianugerahkan lencana baru. Semak di ePortfolio.', '/certificates', TRUE, now());
INSERT INTO "Notification" (id, "userId", type, title, message, link, read, "createdAt") VALUES ('seed_glreog9gju', 'seed_sx3mmbakez', 'warning', 'Tugasan Tertunda', 'Anda ada tugasan yang belum diserah. Sila lengkapkan.', '/certificates', FALSE, now());
INSERT INTO "Notification" (id, "userId", type, title, message, link, read, "createdAt") VALUES ('seed_aursw0050e', 'seed_7ogdhw64hl', 'info', 'Modul Baharu Diterbitkan', 'Modul baru telah ditambah ke kursus anda.', '/eportfolio', FALSE, now());
INSERT INTO "Notification" (id, "userId", type, title, message, link, read, "createdAt") VALUES ('seed_e45vnn1uql', 'seed_7ogdhw64hl', 'certificate', 'Sijil Digital Diterbitkan', 'Sijil anda telah dijana. Boleh dimuat turun & disahkan via QR.', '/dashboard', FALSE, now());
INSERT INTO "Notification" (id, "userId", type, title, message, link, read, "createdAt") VALUES ('seed_dkzhq4veqg', 'seed_7ogdhw64hl', 'certificate', 'Sijil Digital Diterbitkan', 'Sijil anda telah dijana. Boleh dimuat turun & disahkan via QR.', '/my-learning', FALSE, now());
INSERT INTO "Notification" (id, "userId", type, title, message, link, read, "createdAt") VALUES ('seed_o1tdbgoegb', 'seed_gvv4fmaobo', 'certificate', 'Sijil Digital Diterbitkan', 'Sijil anda telah dijana. Boleh dimuat turun & disahkan via QR.', '/dashboard', TRUE, now());
INSERT INTO "Notification" (id, "userId", type, title, message, link, read, "createdAt") VALUES ('seed_3ioawr6t96', 'seed_gvv4fmaobo', 'badge', 'Lencana Baharu!', 'Anda telah dianugerahkan lencana baru. Semak di ePortfolio.', '/dashboard', TRUE, now());
INSERT INTO "Notification" (id, "userId", type, title, message, link, read, "createdAt") VALUES ('seed_ku5qo1m0fc', 'seed_gvv4fmaobo', 'certificate', 'Sijil Digital Diterbitkan', 'Sijil anda telah dijana. Boleh dimuat turun & disahkan via QR.', '/dashboard', TRUE, now());
INSERT INTO "Notification" (id, "userId", type, title, message, link, read, "createdAt") VALUES ('seed_n6kkypsg40', 'seed_7cm60wpveo', 'success', 'Kuiz Diluluskan', 'Tahniah! Anda lulus kuiz dengan skor cemerlang.', '/dashboard', FALSE, now());
INSERT INTO "Notification" (id, "userId", type, title, message, link, read, "createdAt") VALUES ('seed_vgiwgxf3s8', 'seed_7cm60wpveo', 'warning', 'Tugasan Tertunda', 'Anda ada tugasan yang belum diserah. Sila lengkapkan.', '/certificates', FALSE, now());
INSERT INTO "Notification" (id, "userId", type, title, message, link, read, "createdAt") VALUES ('seed_045mwl2nod', 'seed_8vzbkoks2y', 'certificate', 'Sijil Digital Diterbitkan', 'Sijil anda telah dijana. Boleh dimuat turun & disahkan via QR.', '/dashboard', TRUE, now());
INSERT INTO "Notification" (id, "userId", type, title, message, link, read, "createdAt") VALUES ('seed_0c4q124jl1', 'seed_8vzbkoks2y', 'certificate', 'Sijil Digital Diterbitkan', 'Sijil anda telah dijana. Boleh dimuat turun & disahkan via QR.', '/forum', TRUE, now());
INSERT INTO "Notification" (id, "userId", type, title, message, link, read, "createdAt") VALUES ('seed_uywsvsqetv', 'seed_8vzbkoks2y', 'info', 'Modul Baharu Diterbitkan', 'Modul baru telah ditambah ke kursus anda.', '/forum', FALSE, now());
INSERT INTO "Notification" (id, "userId", type, title, message, link, read, "createdAt") VALUES ('seed_nfkwd9bigu', 'seed_e4kgesyjyv', 'success', 'Kuiz Diluluskan', 'Tahniah! Anda lulus kuiz dengan skor cemerlang.', '/my-learning', FALSE, now());
INSERT INTO "Notification" (id, "userId", type, title, message, link, read, "createdAt") VALUES ('seed_fon9nc7kwn', 'seed_e4kgesyjyv', 'warning', 'Tugasan Tertunda', 'Anda ada tugasan yang belum diserah. Sila lengkapkan.', '/forum', TRUE, now());
INSERT INTO "Notification" (id, "userId", type, title, message, link, read, "createdAt") VALUES ('seed_dggyqevbnl', 'seed_e5xn6fb6zs', 'success', 'Kuiz Diluluskan', 'Tahniah! Anda lulus kuiz dengan skor cemerlang.', '/my-learning', FALSE, now());
INSERT INTO "Notification" (id, "userId", type, title, message, link, read, "createdAt") VALUES ('seed_r1gw05ycet', 'seed_e5xn6fb6zs', 'certificate', 'Sijil Digital Diterbitkan', 'Sijil anda telah dijana. Boleh dimuat turun & disahkan via QR.', '/dashboard', FALSE, now());
INSERT INTO "Notification" (id, "userId", type, title, message, link, read, "createdAt") VALUES ('seed_1z0r7l82a3', 'seed_e5xn6fb6zs', 'info', 'Modul Baharu Diterbitkan', 'Modul baru telah ditambah ke kursus anda.', '/forum', TRUE, now());
INSERT INTO "Notification" (id, "userId", type, title, message, link, read, "createdAt") VALUES ('seed_0mjdgfoakc', 'seed_e5xn6fb6zs', 'success', 'Kuiz Diluluskan', 'Tahniah! Anda lulus kuiz dengan skor cemerlang.', '/dashboard', TRUE, now());
INSERT INTO "Notification" (id, "userId", type, title, message, link, read, "createdAt") VALUES ('seed_yal5qd3yjh', 'seed_x39uzdxbus', 'info', 'Modul Baharu Diterbitkan', 'Modul baru telah ditambah ke kursus anda.', '/eportfolio', TRUE, now());
INSERT INTO "Notification" (id, "userId", type, title, message, link, read, "createdAt") VALUES ('seed_cwk33dji94', 'seed_x39uzdxbus', 'info', 'Modul Baharu Diterbitkan', 'Modul baru telah ditambah ke kursus anda.', '/eportfolio', FALSE, now());
INSERT INTO "Notification" (id, "userId", type, title, message, link, read, "createdAt") VALUES ('seed_wesb9bikdd', 'seed_qea23anbc8', 'info', 'Modul Baharu Diterbitkan', 'Modul baru telah ditambah ke kursus anda.', '/dashboard', TRUE, now());
INSERT INTO "Notification" (id, "userId", type, title, message, link, read, "createdAt") VALUES ('seed_chy3prz3ki', 'seed_qea23anbc8', 'success', 'Kuiz Diluluskan', 'Tahniah! Anda lulus kuiz dengan skor cemerlang.', '/certificates', TRUE, now());
INSERT INTO "Notification" (id, "userId", type, title, message, link, read, "createdAt") VALUES ('seed_49gjhcqamy', 'seed_qea23anbc8', 'certificate', 'Sijil Digital Diterbitkan', 'Sijil anda telah dijana. Boleh dimuat turun & disahkan via QR.', '/my-learning', FALSE, now());
INSERT INTO "Notification" (id, "userId", type, title, message, link, read, "createdAt") VALUES ('seed_g0iojt3xaj', 'seed_zyzprbs8mr', 'success', 'Kuiz Diluluskan', 'Tahniah! Anda lulus kuiz dengan skor cemerlang.', '/certificates', FALSE, now());
INSERT INTO "Notification" (id, "userId", type, title, message, link, read, "createdAt") VALUES ('seed_hwayq9c48k', 'seed_zyzprbs8mr', 'badge', 'Lencana Baharu!', 'Anda telah dianugerahkan lencana baru. Semak di ePortfolio.', '/dashboard', TRUE, now());
INSERT INTO "Notification" (id, "userId", type, title, message, link, read, "createdAt") VALUES ('seed_pzo2al6r4v', 'seed_zyzprbs8mr', 'info', 'Modul Baharu Diterbitkan', 'Modul baru telah ditambah ke kursus anda.', '/my-learning', TRUE, now());
INSERT INTO "Notification" (id, "userId", type, title, message, link, read, "createdAt") VALUES ('seed_mwaa1v8gyo', 'seed_2byimvb9le', 'success', 'Kuiz Diluluskan', 'Tahniah! Anda lulus kuiz dengan skor cemerlang.', '/my-learning', TRUE, now());
INSERT INTO "Notification" (id, "userId", type, title, message, link, read, "createdAt") VALUES ('seed_xlmasyo2wb', 'seed_2byimvb9le', 'success', 'Kuiz Diluluskan', 'Tahniah! Anda lulus kuiz dengan skor cemerlang.', '/dashboard', FALSE, now());
INSERT INTO "Notification" (id, "userId", type, title, message, link, read, "createdAt") VALUES ('seed_6t4xwflvmf', 'seed_2byimvb9le', 'certificate', 'Sijil Digital Diterbitkan', 'Sijil anda telah dijana. Boleh dimuat turun & disahkan via QR.', '/eportfolio', FALSE, now());
INSERT INTO "Notification" (id, "userId", type, title, message, link, read, "createdAt") VALUES ('seed_nrab6vte7v', 'seed_2byimvb9le', 'certificate', 'Sijil Digital Diterbitkan', 'Sijil anda telah dijana. Boleh dimuat turun & disahkan via QR.', '/my-learning', TRUE, now());
INSERT INTO "Notification" (id, "userId", type, title, message, link, read, "createdAt") VALUES ('seed_ch7rb5ajlf', 'seed_5ugcje1zcb', 'info', 'Modul Baharu Diterbitkan', 'Modul baru telah ditambah ke kursus anda.', '/eportfolio', FALSE, now());
INSERT INTO "Notification" (id, "userId", type, title, message, link, read, "createdAt") VALUES ('seed_nr5uvn9nru', 'seed_5ugcje1zcb', 'success', 'Kuiz Diluluskan', 'Tahniah! Anda lulus kuiz dengan skor cemerlang.', '/forum', TRUE, now());
INSERT INTO "Notification" (id, "userId", type, title, message, link, read, "createdAt") VALUES ('seed_q5gh9puild', 'seed_m8g7gpoysz', 'warning', 'Tugasan Tertunda', 'Anda ada tugasan yang belum diserah. Sila lengkapkan.', '/certificates', FALSE, now());
INSERT INTO "Notification" (id, "userId", type, title, message, link, read, "createdAt") VALUES ('seed_dijuw2ubbc', 'seed_m8g7gpoysz', 'badge', 'Lencana Baharu!', 'Anda telah dianugerahkan lencana baru. Semak di ePortfolio.', '/my-learning', TRUE, now());
INSERT INTO "Notification" (id, "userId", type, title, message, link, read, "createdAt") VALUES ('seed_udy3um966f', 'seed_m8g7gpoysz', 'info', 'Modul Baharu Diterbitkan', 'Modul baru telah ditambah ke kursus anda.', '/forum', FALSE, now());
INSERT INTO "Notification" (id, "userId", type, title, message, link, read, "createdAt") VALUES ('seed_1oiidmc5oe', 'seed_m8g7gpoysz', 'info', 'Modul Baharu Diterbitkan', 'Modul baru telah ditambah ke kursus anda.', '/eportfolio', FALSE, now());
INSERT INTO "Notification" (id, "userId", type, title, message, link, read, "createdAt") VALUES ('seed_7c917fmqcn', 'seed_w756k3hoeq', 'warning', 'Tugasan Tertunda', 'Anda ada tugasan yang belum diserah. Sila lengkapkan.', '/certificates', TRUE, now());
INSERT INTO "Notification" (id, "userId", type, title, message, link, read, "createdAt") VALUES ('seed_a0b9d4sgbo', 'seed_ehq80jv59h', 'badge', 'Lencana Baharu!', 'Anda telah dianugerahkan lencana baru. Semak di ePortfolio.', '/eportfolio', FALSE, now());
INSERT INTO "Notification" (id, "userId", type, title, message, link, read, "createdAt") VALUES ('seed_swxfawzyf0', 'seed_ehq80jv59h', 'warning', 'Tugasan Tertunda', 'Anda ada tugasan yang belum diserah. Sila lengkapkan.', '/eportfolio', FALSE, now());
INSERT INTO "Notification" (id, "userId", type, title, message, link, read, "createdAt") VALUES ('seed_gakiw2j7og', 'seed_judmi6i79u', 'info', 'Modul Baharu Diterbitkan', 'Modul baru telah ditambah ke kursus anda.', '/eportfolio', FALSE, now());
INSERT INTO "Notification" (id, "userId", type, title, message, link, read, "createdAt") VALUES ('seed_w8nc58kl2t', 'seed_judmi6i79u', 'certificate', 'Sijil Digital Diterbitkan', 'Sijil anda telah dijana. Boleh dimuat turun & disahkan via QR.', '/eportfolio', FALSE, now());
INSERT INTO "Notification" (id, "userId", type, title, message, link, read, "createdAt") VALUES ('seed_u4sebd2ayu', 'seed_88ai0ke5wr', 'success', 'Kuiz Diluluskan', 'Tahniah! Anda lulus kuiz dengan skor cemerlang.', '/certificates', FALSE, now());
INSERT INTO "Notification" (id, "userId", type, title, message, link, read, "createdAt") VALUES ('seed_zguh9arfwi', 'seed_88ai0ke5wr', 'warning', 'Tugasan Tertunda', 'Anda ada tugasan yang belum diserah. Sila lengkapkan.', '/dashboard', TRUE, now());
INSERT INTO "Notification" (id, "userId", type, title, message, link, read, "createdAt") VALUES ('seed_xnot1zk2zi', 'seed_88ai0ke5wr', 'info', 'Modul Baharu Diterbitkan', 'Modul baru telah ditambah ke kursus anda.', '/my-learning', FALSE, now());
INSERT INTO "Notification" (id, "userId", type, title, message, link, read, "createdAt") VALUES ('seed_ogrz10d6g9', 'seed_cqck03d9qi', 'certificate', 'Sijil Digital Diterbitkan', 'Sijil anda telah dijana. Boleh dimuat turun & disahkan via QR.', '/forum', FALSE, now());
INSERT INTO "Notification" (id, "userId", type, title, message, link, read, "createdAt") VALUES ('seed_a6iel616sh', 'seed_cqck03d9qi', 'warning', 'Tugasan Tertunda', 'Anda ada tugasan yang belum diserah. Sila lengkapkan.', '/forum', TRUE, now());
INSERT INTO "Notification" (id, "userId", type, title, message, link, read, "createdAt") VALUES ('seed_8mdtn10ton', 'seed_q3qfsutpsr', 'warning', 'Tugasan Tertunda', 'Anda ada tugasan yang belum diserah. Sila lengkapkan.', '/my-learning', TRUE, now());
INSERT INTO "Notification" (id, "userId", type, title, message, link, read, "createdAt") VALUES ('seed_7fuq9d0816', 'seed_q3qfsutpsr', 'info', 'Modul Baharu Diterbitkan', 'Modul baru telah ditambah ke kursus anda.', '/dashboard', TRUE, now());
INSERT INTO "Notification" (id, "userId", type, title, message, link, read, "createdAt") VALUES ('seed_r4pwq46ngk', 'seed_q3qfsutpsr', 'warning', 'Tugasan Tertunda', 'Anda ada tugasan yang belum diserah. Sila lengkapkan.', '/dashboard', FALSE, now());
INSERT INTO "Notification" (id, "userId", type, title, message, link, read, "createdAt") VALUES ('seed_w19usb62zm', 'seed_p5qw2imedc', 'success', 'Kuiz Diluluskan', 'Tahniah! Anda lulus kuiz dengan skor cemerlang.', '/forum', TRUE, now());
INSERT INTO "Notification" (id, "userId", type, title, message, link, read, "createdAt") VALUES ('seed_9zqwoiud9i', 'seed_25gvdm0y7z', 'success', 'Kuiz Diluluskan', 'Tahniah! Anda lulus kuiz dengan skor cemerlang.', '/forum', FALSE, now());
INSERT INTO "Notification" (id, "userId", type, title, message, link, read, "createdAt") VALUES ('seed_bbtq6qogbx', 'seed_25gvdm0y7z', 'badge', 'Lencana Baharu!', 'Anda telah dianugerahkan lencana baru. Semak di ePortfolio.', '/dashboard', TRUE, now());
INSERT INTO "Notification" (id, "userId", type, title, message, link, read, "createdAt") VALUES ('seed_w6hsjp3beb', 'seed_ez2dovp6rn', 'warning', 'Tugasan Tertunda', 'Anda ada tugasan yang belum diserah. Sila lengkapkan.', '/dashboard', FALSE, now());
INSERT INTO "Notification" (id, "userId", type, title, message, link, read, "createdAt") VALUES ('seed_csglslohta', 'seed_ez2dovp6rn', 'info', 'Modul Baharu Diterbitkan', 'Modul baru telah ditambah ke kursus anda.', '/forum', FALSE, now());
INSERT INTO "Notification" (id, "userId", type, title, message, link, read, "createdAt") VALUES ('seed_qx8h2z1o2q', 'seed_jihnvq5htz', 'certificate', 'Sijil Digital Diterbitkan', 'Sijil anda telah dijana. Boleh dimuat turun & disahkan via QR.', '/eportfolio', FALSE, now());
INSERT INTO "Notification" (id, "userId", type, title, message, link, read, "createdAt") VALUES ('seed_rqqd63ozb4', 'seed_jihnvq5htz', 'warning', 'Tugasan Tertunda', 'Anda ada tugasan yang belum diserah. Sila lengkapkan.', '/certificates', FALSE, now());
INSERT INTO "Notification" (id, "userId", type, title, message, link, read, "createdAt") VALUES ('seed_e9h49nauup', 'seed_jihnvq5htz', 'warning', 'Tugasan Tertunda', 'Anda ada tugasan yang belum diserah. Sila lengkapkan.', '/my-learning', FALSE, now());
INSERT INTO "Notification" (id, "userId", type, title, message, link, read, "createdAt") VALUES ('seed_5kdfo1j0o5', 'seed_jihnvq5htz', 'certificate', 'Sijil Digital Diterbitkan', 'Sijil anda telah dijana. Boleh dimuat turun & disahkan via QR.', '/forum', FALSE, now());
INSERT INTO "Notification" (id, "userId", type, title, message, link, read, "createdAt") VALUES ('seed_an5zffatdd', 'seed_qcbln0mdrr', 'certificate', 'Sijil Digital Diterbitkan', 'Sijil anda telah dijana. Boleh dimuat turun & disahkan via QR.', '/forum', FALSE, now());
INSERT INTO "Notification" (id, "userId", type, title, message, link, read, "createdAt") VALUES ('seed_saf0yvsvdv', 'seed_qcbln0mdrr', 'warning', 'Tugasan Tertunda', 'Anda ada tugasan yang belum diserah. Sila lengkapkan.', '/forum', TRUE, now());
INSERT INTO "Notification" (id, "userId", type, title, message, link, read, "createdAt") VALUES ('seed_7942iutisk', 'seed_qcbln0mdrr', 'success', 'Kuiz Diluluskan', 'Tahniah! Anda lulus kuiz dengan skor cemerlang.', '/dashboard', TRUE, now());
INSERT INTO "Notification" (id, "userId", type, title, message, link, read, "createdAt") VALUES ('seed_bp8indywk1', 'seed_qcbln0mdrr', 'success', 'Kuiz Diluluskan', 'Tahniah! Anda lulus kuiz dengan skor cemerlang.', '/eportfolio', TRUE, now());
INSERT INTO "Notification" (id, "userId", type, title, message, link, read, "createdAt") VALUES ('seed_f2ns8j6red', 'seed_yow5ylndes', 'success', 'Kuiz Diluluskan', 'Tahniah! Anda lulus kuiz dengan skor cemerlang.', '/certificates', TRUE, now());
INSERT INTO "Notification" (id, "userId", type, title, message, link, read, "createdAt") VALUES ('seed_jgcdygdzg4', 'seed_yow5ylndes', 'certificate', 'Sijil Digital Diterbitkan', 'Sijil anda telah dijana. Boleh dimuat turun & disahkan via QR.', '/forum', TRUE, now());
INSERT INTO "Notification" (id, "userId", type, title, message, link, read, "createdAt") VALUES ('seed_2b84s5lewt', 'seed_yow5ylndes', 'success', 'Kuiz Diluluskan', 'Tahniah! Anda lulus kuiz dengan skor cemerlang.', '/forum', TRUE, now());
INSERT INTO "Notification" (id, "userId", type, title, message, link, read, "createdAt") VALUES ('seed_sn5ay2j40p', 'seed_yow5ylndes', 'warning', 'Tugasan Tertunda', 'Anda ada tugasan yang belum diserah. Sila lengkapkan.', '/my-learning', TRUE, now());
INSERT INTO "Notification" (id, "userId", type, title, message, link, read, "createdAt") VALUES ('seed_v4twk47aax', 'seed_z72hxz2jxq', 'badge', 'Lencana Baharu!', 'Anda telah dianugerahkan lencana baru. Semak di ePortfolio.', '/forum', FALSE, now());
INSERT INTO "Notification" (id, "userId", type, title, message, link, read, "createdAt") VALUES ('seed_diyiqcd314', 'seed_x2crvh2y1o', 'success', 'Kuiz Diluluskan', 'Tahniah! Anda lulus kuiz dengan skor cemerlang.', '/eportfolio', FALSE, now());
INSERT INTO "Notification" (id, "userId", type, title, message, link, read, "createdAt") VALUES ('seed_fo35wzts5k', 'seed_x2crvh2y1o', 'warning', 'Tugasan Tertunda', 'Anda ada tugasan yang belum diserah. Sila lengkapkan.', '/certificates', FALSE, now());
INSERT INTO "Notification" (id, "userId", type, title, message, link, read, "createdAt") VALUES ('seed_ec3u5gcbja', 'seed_x2crvh2y1o', 'certificate', 'Sijil Digital Diterbitkan', 'Sijil anda telah dijana. Boleh dimuat turun & disahkan via QR.', '/forum', TRUE, now());
INSERT INTO "Notification" (id, "userId", type, title, message, link, read, "createdAt") VALUES ('seed_28u101b6t0', 'seed_412opammci', 'success', 'Kuiz Diluluskan', 'Tahniah! Anda lulus kuiz dengan skor cemerlang.', '/eportfolio', FALSE, now());
INSERT INTO "Notification" (id, "userId", type, title, message, link, read, "createdAt") VALUES ('seed_bzvs7qm9ub', 'seed_olgr6dd14l', 'success', 'Kuiz Diluluskan', 'Tahniah! Anda lulus kuiz dengan skor cemerlang.', '/eportfolio', TRUE, now());
INSERT INTO "Notification" (id, "userId", type, title, message, link, read, "createdAt") VALUES ('seed_xndmpsz5xs', 'seed_olgr6dd14l', 'info', 'Modul Baharu Diterbitkan', 'Modul baru telah ditambah ke kursus anda.', '/my-learning', TRUE, now());
INSERT INTO "Notification" (id, "userId", type, title, message, link, read, "createdAt") VALUES ('seed_xnn3xw0vr7', 'seed_olgr6dd14l', 'info', 'Modul Baharu Diterbitkan', 'Modul baru telah ditambah ke kursus anda.', '/my-learning', TRUE, now());
INSERT INTO "Notification" (id, "userId", type, title, message, link, read, "createdAt") VALUES ('seed_u6ujln3fyl', 'seed_olgr6dd14l', 'certificate', 'Sijil Digital Diterbitkan', 'Sijil anda telah dijana. Boleh dimuat turun & disahkan via QR.', '/certificates', FALSE, now());
INSERT INTO "Notification" (id, "userId", type, title, message, link, read, "createdAt") VALUES ('seed_nzkekuj20r', 'seed_zfi6lbj0nf', 'badge', 'Lencana Baharu!', 'Anda telah dianugerahkan lencana baru. Semak di ePortfolio.', '/forum', FALSE, now());
INSERT INTO "Notification" (id, "userId", type, title, message, link, read, "createdAt") VALUES ('seed_garbb0sual', 'seed_zfi6lbj0nf', 'certificate', 'Sijil Digital Diterbitkan', 'Sijil anda telah dijana. Boleh dimuat turun & disahkan via QR.', '/dashboard', FALSE, now());
INSERT INTO "Notification" (id, "userId", type, title, message, link, read, "createdAt") VALUES ('seed_a12w6h8f8z', 'seed_0xtic6n2rl', 'success', 'Kuiz Diluluskan', 'Tahniah! Anda lulus kuiz dengan skor cemerlang.', '/certificates', FALSE, now());
INSERT INTO "Notification" (id, "userId", type, title, message, link, read, "createdAt") VALUES ('seed_ph0c2b58rb', 'seed_0xtic6n2rl', 'badge', 'Lencana Baharu!', 'Anda telah dianugerahkan lencana baru. Semak di ePortfolio.', '/certificates', TRUE, now());
INSERT INTO "Notification" (id, "userId", type, title, message, link, read, "createdAt") VALUES ('seed_19vn8dqmcn', 'seed_a8dxxqzg2j', 'info', 'Modul Baharu Diterbitkan', 'Modul baru telah ditambah ke kursus anda.', '/dashboard', TRUE, now());
INSERT INTO "Notification" (id, "userId", type, title, message, link, read, "createdAt") VALUES ('seed_lpxp3isseu', 'seed_a8dxxqzg2j', 'badge', 'Lencana Baharu!', 'Anda telah dianugerahkan lencana baru. Semak di ePortfolio.', '/certificates', FALSE, now());
INSERT INTO "Notification" (id, "userId", type, title, message, link, read, "createdAt") VALUES ('seed_eqslwnylyo', 'seed_a8dxxqzg2j', 'badge', 'Lencana Baharu!', 'Anda telah dianugerahkan lencana baru. Semak di ePortfolio.', '/forum', TRUE, now());
INSERT INTO "Notification" (id, "userId", type, title, message, link, read, "createdAt") VALUES ('seed_wq05uek2nx', 'seed_6duurl5o01', 'warning', 'Tugasan Tertunda', 'Anda ada tugasan yang belum diserah. Sila lengkapkan.', '/forum', FALSE, now());
INSERT INTO "Notification" (id, "userId", type, title, message, link, read, "createdAt") VALUES ('seed_5ny48u9e47', 'seed_6duurl5o01', 'warning', 'Tugasan Tertunda', 'Anda ada tugasan yang belum diserah. Sila lengkapkan.', '/certificates', FALSE, now());
INSERT INTO "Notification" (id, "userId", type, title, message, link, read, "createdAt") VALUES ('seed_tl7crt9o80', 'seed_8nkfeqyckf', 'success', 'Kuiz Diluluskan', 'Tahniah! Anda lulus kuiz dengan skor cemerlang.', '/eportfolio', FALSE, now());
INSERT INTO "Notification" (id, "userId", type, title, message, link, read, "createdAt") VALUES ('seed_sxvw707h8v', 'seed_61swcs56gc', 'info', 'Modul Baharu Diterbitkan', 'Modul baru telah ditambah ke kursus anda.', '/forum', TRUE, now());
INSERT INTO "Notification" (id, "userId", type, title, message, link, read, "createdAt") VALUES ('seed_25dqattvpu', 'seed_61swcs56gc', 'success', 'Kuiz Diluluskan', 'Tahniah! Anda lulus kuiz dengan skor cemerlang.', '/my-learning', FALSE, now());
INSERT INTO "Notification" (id, "userId", type, title, message, link, read, "createdAt") VALUES ('seed_f36fp89vuw', 'seed_0zh5intdcc', 'success', 'Kuiz Diluluskan', 'Tahniah! Anda lulus kuiz dengan skor cemerlang.', '/forum', TRUE, now());
INSERT INTO "Notification" (id, "userId", type, title, message, link, read, "createdAt") VALUES ('seed_azzv2ba515', 'seed_0zh5intdcc', 'warning', 'Tugasan Tertunda', 'Anda ada tugasan yang belum diserah. Sila lengkapkan.', '/eportfolio', FALSE, now());
INSERT INTO "Notification" (id, "userId", type, title, message, link, read, "createdAt") VALUES ('seed_er1we8s9d2', 'seed_0zh5intdcc', 'certificate', 'Sijil Digital Diterbitkan', 'Sijil anda telah dijana. Boleh dimuat turun & disahkan via QR.', '/certificates', FALSE, now());
INSERT INTO "Notification" (id, "userId", type, title, message, link, read, "createdAt") VALUES ('seed_z0hcadg3bj', 'seed_0zh5intdcc', 'info', 'Modul Baharu Diterbitkan', 'Modul baru telah ditambah ke kursus anda.', '/my-learning', FALSE, now());
INSERT INTO "Notification" (id, "userId", type, title, message, link, read, "createdAt") VALUES ('seed_sg7it6xkie', 'seed_ssqzh4moub', 'info', 'Modul Baharu Diterbitkan', 'Modul baru telah ditambah ke kursus anda.', '/eportfolio', TRUE, now());
INSERT INTO "Notification" (id, "userId", type, title, message, link, read, "createdAt") VALUES ('seed_lvp91fbmsd', 'seed_2vdgk2hwmf', 'badge', 'Lencana Baharu!', 'Anda telah dianugerahkan lencana baru. Semak di ePortfolio.', '/forum', FALSE, now());
INSERT INTO "Notification" (id, "userId", type, title, message, link, read, "createdAt") VALUES ('seed_b0x4fqmb9t', 'seed_2vdgk2hwmf', 'warning', 'Tugasan Tertunda', 'Anda ada tugasan yang belum diserah. Sila lengkapkan.', '/my-learning', TRUE, now());
INSERT INTO "Notification" (id, "userId", type, title, message, link, read, "createdAt") VALUES ('seed_d29w0m1gt4', 'seed_2vdgk2hwmf', 'badge', 'Lencana Baharu!', 'Anda telah dianugerahkan lencana baru. Semak di ePortfolio.', '/eportfolio', FALSE, now());
INSERT INTO "Notification" (id, "userId", type, title, message, link, read, "createdAt") VALUES ('seed_sptm5mt58b', 'seed_2vdgk2hwmf', 'success', 'Kuiz Diluluskan', 'Tahniah! Anda lulus kuiz dengan skor cemerlang.', '/dashboard', TRUE, now());
INSERT INTO "Notification" (id, "userId", type, title, message, link, read, "createdAt") VALUES ('seed_ggigd6wtkm', 'seed_dbi1lin8jb', 'info', 'Modul Baharu Diterbitkan', 'Modul baru telah ditambah ke kursus anda.', '/forum', FALSE, now());
INSERT INTO "Notification" (id, "userId", type, title, message, link, read, "createdAt") VALUES ('seed_lejq56cbnd', 'seed_dbi1lin8jb', 'certificate', 'Sijil Digital Diterbitkan', 'Sijil anda telah dijana. Boleh dimuat turun & disahkan via QR.', '/certificates', TRUE, now());
INSERT INTO "Notification" (id, "userId", type, title, message, link, read, "createdAt") VALUES ('seed_s7izk4pt7v', 'seed_dbi1lin8jb', 'info', 'Modul Baharu Diterbitkan', 'Modul baru telah ditambah ke kursus anda.', '/dashboard', TRUE, now());
INSERT INTO "Notification" (id, "userId", type, title, message, link, read, "createdAt") VALUES ('seed_meu45c6hzp', 'seed_j5q5ltneiv', 'warning', 'Tugasan Tertunda', 'Anda ada tugasan yang belum diserah. Sila lengkapkan.', '/eportfolio', FALSE, now());
INSERT INTO "Notification" (id, "userId", type, title, message, link, read, "createdAt") VALUES ('seed_5x2skdus6y', 'seed_j5q5ltneiv', 'badge', 'Lencana Baharu!', 'Anda telah dianugerahkan lencana baru. Semak di ePortfolio.', '/dashboard', FALSE, now());

-- Audit Logs (40)
INSERT INTO "AuditLog" (id, "userId", "campusId", action, entity, "entityId", details, ip, "createdAt") VALUES ('seed_yq64hpf5pu', 'seed_25gvdm0y7z', 'seed_3555iwre23', 'user.login', 'user', 'seed_bnl7ex5i62', '{"ip":"10.65.97.81","userAgent":"Mozilla/5.0"}', '10.183.75.87', now());
INSERT INTO "AuditLog" (id, "userId", "campusId", action, entity, "entityId", details, ip, "createdAt") VALUES ('seed_0zqqgsgro7', 'seed_w756k3hoeq', 'seed_easf1g4whj', 'badge.award', 'enrollment', 'seed_flje757iuq', '{"ip":"10.36.45.71","userAgent":"Mozilla/5.0"}', '10.148.140.61', now());
INSERT INTO "AuditLog" (id, "userId", "campusId", action, entity, "entityId", details, ip, "createdAt") VALUES ('seed_jtzo65fesl', 'seed_zyzprbs8mr', 'seed_2u2ynx3qot', 'certificate.issue', 'course', 'seed_5kbdvl3x1v', '{"ip":"10.173.252.37","userAgent":"Mozilla/5.0"}', '10.153.145.77', now());
INSERT INTO "AuditLog" (id, "userId", "campusId", action, entity, "entityId", details, ip, "createdAt") VALUES ('seed_c2uu03ct16', 'seed_8nkfeqyckf', 'seed_2lmmagdlgf', 'content.upload', 'enrollment', 'seed_cmnsake4ds', '{"ip":"10.138.63.122","userAgent":"Mozilla/5.0"}', '10.144.186.4', now());
INSERT INTO "AuditLog" (id, "userId", "campusId", action, entity, "entityId", details, ip, "createdAt") VALUES ('seed_ulbiwr1wqb', 'seed_k70r1dgj3v', 'seed_cgl9mzv2oj', 'admin.update_role', 'badge', 'seed_1ksmeihp7x', '{"ip":"10.223.128.147","userAgent":"Mozilla/5.0"}', '10.59.205.41', now());
INSERT INTO "AuditLog" (id, "userId", "campusId", action, entity, "entityId", details, ip, "createdAt") VALUES ('seed_uds2atskdm', 'seed_412opammci', 'seed_ydmfp9hceb', 'course.publish', 'certificate', 'seed_7fsjclsoap', '{"ip":"10.173.45.254","userAgent":"Mozilla/5.0"}', '10.13.111.81', now());
INSERT INTO "AuditLog" (id, "userId", "campusId", action, entity, "entityId", details, ip, "createdAt") VALUES ('seed_t73vyszs5j', 'seed_rh2ou4rb5p', 'seed_4uwv7xrk1m', 'certificate.issue', 'badge', 'seed_6votszqx47', '{"ip":"10.138.190.106","userAgent":"Mozilla/5.0"}', '10.98.227.224', now());
INSERT INTO "AuditLog" (id, "userId", "campusId", action, entity, "entityId", details, ip, "createdAt") VALUES ('seed_3hcevt5pwg', 'seed_a8dxxqzg2j', 'seed_nsto8ktrxu', 'admin.update_role', 'course', 'seed_nt434wkt1v', '{"ip":"10.186.141.31","userAgent":"Mozilla/5.0"}', '10.161.212.30', now());
INSERT INTO "AuditLog" (id, "userId", "campusId", action, entity, "entityId", details, ip, "createdAt") VALUES ('seed_qzzcg19sgs', 'seed_yr481eldxn', 'seed_ryi24ou8o8', 'course.publish', 'user', 'seed_8m93iqmefg', '{"ip":"10.80.227.19","userAgent":"Mozilla/5.0"}', '10.76.211.61', now());
INSERT INTO "AuditLog" (id, "userId", "campusId", action, entity, "entityId", details, ip, "createdAt") VALUES ('seed_n3506g111f', 'seed_u6trylcqxq', 'seed_dr1axm7kra', 'course.update', 'user', 'seed_c8pbr9l8wj', '{"ip":"10.85.199.56","userAgent":"Mozilla/5.0"}', '10.145.195.35', now());
INSERT INTO "AuditLog" (id, "userId", "campusId", action, entity, "entityId", details, ip, "createdAt") VALUES ('seed_3ff92fzdn6', 'seed_25gvdm0y7z', 'seed_3555iwre23', 'badge.award', 'enrollment', 'seed_lsutswhveq', '{"ip":"10.125.48.248","userAgent":"Mozilla/5.0"}', '10.24.176.233', now());
INSERT INTO "AuditLog" (id, "userId", "campusId", action, entity, "entityId", details, ip, "createdAt") VALUES ('seed_sf0u7et1pa', 'seed_e4kgesyjyv', 'seed_cgl9mzv2oj', 'course.publish', 'badge', 'seed_ylrk9k0f3m', '{"ip":"10.163.231.172","userAgent":"Mozilla/5.0"}', '10.137.242.99', now());
INSERT INTO "AuditLog" (id, "userId", "campusId", action, entity, "entityId", details, ip, "createdAt") VALUES ('seed_a4b3u2uaqg', 'seed_ssqzh4moub', 'seed_3555iwre23', 'enrollment.create', 'course', 'seed_x9k5qaoswu', '{"ip":"10.165.216.93","userAgent":"Mozilla/5.0"}', '10.12.14.248', now());
INSERT INTO "AuditLog" (id, "userId", "campusId", action, entity, "entityId", details, ip, "createdAt") VALUES ('seed_coy9xlitkk', 'seed_7ogdhw64hl', 'seed_dr1axm7kra', 'user.login', 'course', 'seed_bf16k49w2c', '{"ip":"10.134.145.202","userAgent":"Mozilla/5.0"}', '10.16.149.183', now());
INSERT INTO "AuditLog" (id, "userId", "campusId", action, entity, "entityId", details, ip, "createdAt") VALUES ('seed_zxxynkvu41', 'seed_yow5ylndes', 'seed_dr1axm7kra', 'admin.update_role', 'enrollment', 'seed_zd7zgg7ja5', '{"ip":"10.183.158.47","userAgent":"Mozilla/5.0"}', '10.44.177.79', now());
INSERT INTO "AuditLog" (id, "userId", "campusId", action, entity, "entityId", details, ip, "createdAt") VALUES ('seed_q2ppo9wb2u', 'seed_0xtic6n2rl', 'seed_d2wugb6gke', 'badge.award', 'certificate', 'seed_hku74g9n7x', '{"ip":"10.168.38.56","userAgent":"Mozilla/5.0"}', '10.186.136.11', now());
INSERT INTO "AuditLog" (id, "userId", "campusId", action, entity, "entityId", details, ip, "createdAt") VALUES ('seed_0z5wf0svsy', 'seed_e5xn6fb6zs', 'seed_nsto8ktrxu', 'course.update', 'badge', 'seed_zyitizght0', '{"ip":"10.106.15.16","userAgent":"Mozilla/5.0"}', '10.217.82.105', now());
INSERT INTO "AuditLog" (id, "userId", "campusId", action, entity, "entityId", details, ip, "createdAt") VALUES ('seed_w926fny0oa', 'seed_xo21kenadr', 'seed_jvrtalg0hx', 'certificate.issue', 'badge', 'seed_gi6knsddc1', '{"ip":"10.124.125.97","userAgent":"Mozilla/5.0"}', '10.213.195.114', now());
INSERT INTO "AuditLog" (id, "userId", "campusId", action, entity, "entityId", details, ip, "createdAt") VALUES ('seed_14tbkbso94', 'seed_25gvdm0y7z', 'seed_3555iwre23', 'user.logout', 'user', 'seed_vijgn1ispr', '{"ip":"10.152.165.109","userAgent":"Mozilla/5.0"}', '10.214.193.15', now());
INSERT INTO "AuditLog" (id, "userId", "campusId", action, entity, "entityId", details, ip, "createdAt") VALUES ('seed_k21xi131g3', 'seed_25gvdm0y7z', 'seed_3555iwre23', 'badge.award', 'certificate', 'seed_fnzkn2aw6o', '{"ip":"10.141.106.236","userAgent":"Mozilla/5.0"}', '10.69.67.199', now());
INSERT INTO "AuditLog" (id, "userId", "campusId", action, entity, "entityId", details, ip, "createdAt") VALUES ('seed_m9kag7g46w', 'seed_j5q5ltneiv', 'seed_nfd28x1qrz', 'user.logout', 'enrollment', 'seed_ia8lgr7v0j', '{"ip":"10.92.157.193","userAgent":"Mozilla/5.0"}', '10.107.194.182', now());
INSERT INTO "AuditLog" (id, "userId", "campusId", action, entity, "entityId", details, ip, "createdAt") VALUES ('seed_zux2lkzpo7', 'seed_4m7u11x12k', 'seed_ldb7uabux9', 'content.upload', 'badge', 'seed_zqc9ydfy4m', '{"ip":"10.195.201.197","userAgent":"Mozilla/5.0"}', '10.177.40.21', now());
INSERT INTO "AuditLog" (id, "userId", "campusId", action, entity, "entityId", details, ip, "createdAt") VALUES ('seed_txejw1npbz', 'seed_hc2aaynwqc', 'seed_kxfrvvjp2y', 'badge.award', 'course', 'seed_ysxpgafw2x', '{"ip":"10.54.21.83","userAgent":"Mozilla/5.0"}', '10.170.129.70', now());
INSERT INTO "AuditLog" (id, "userId", "campusId", action, entity, "entityId", details, ip, "createdAt") VALUES ('seed_8jcmofdadr', 'seed_xo21kenadr', 'seed_jvrtalg0hx', 'content.upload', 'course', 'seed_a0b0ln05mc', '{"ip":"10.71.98.225","userAgent":"Mozilla/5.0"}', '10.171.84.168', now());
INSERT INTO "AuditLog" (id, "userId", "campusId", action, entity, "entityId", details, ip, "createdAt") VALUES ('seed_ztd3kbvgxl', 'seed_s52r89chsc', 'seed_ezt3m665br', 'content.upload', 'course', 'seed_4ryako1c29', '{"ip":"10.226.221.142","userAgent":"Mozilla/5.0"}', '10.183.26.167', now());
INSERT INTO "AuditLog" (id, "userId", "campusId", action, entity, "entityId", details, ip, "createdAt") VALUES ('seed_c2ing1mk89', 'seed_8vzbkoks2y', 'seed_n45y5hgap9', 'badge.award', 'certificate', 'seed_tygz4998jg', '{"ip":"10.246.210.172","userAgent":"Mozilla/5.0"}', '10.193.144.54', now());
INSERT INTO "AuditLog" (id, "userId", "campusId", action, entity, "entityId", details, ip, "createdAt") VALUES ('seed_zo1pjm9ctn', 'seed_ez2dovp6rn', 'seed_fu7lsny7qi', 'user.login', 'certificate', 'seed_phor248xsr', '{"ip":"10.11.234.21","userAgent":"Mozilla/5.0"}', '10.231.41.129', now());
INSERT INTO "AuditLog" (id, "userId", "campusId", action, entity, "entityId", details, ip, "createdAt") VALUES ('seed_nynpfi6y0d', 'seed_2vdgk2hwmf', 'seed_2lmmagdlgf', 'certificate.issue', 'certificate', 'seed_6xq7vm96p7', '{"ip":"10.102.73.140","userAgent":"Mozilla/5.0"}', '10.167.37.196', now());
INSERT INTO "AuditLog" (id, "userId", "campusId", action, entity, "entityId", details, ip, "createdAt") VALUES ('seed_jua3n60yeu', 'seed_p5qw2imedc', 'seed_easf1g4whj', 'content.upload', 'certificate', 'seed_mmymx6mobn', '{"ip":"10.180.216.99","userAgent":"Mozilla/5.0"}', '10.92.225.243', now());
INSERT INTO "AuditLog" (id, "userId", "campusId", action, entity, "entityId", details, ip, "createdAt") VALUES ('seed_qjibqyn7pz', 'seed_5ugcje1zcb', 'seed_d2wugb6gke', 'user.logout', 'user', 'seed_9gl7xcd9s1', '{"ip":"10.237.121.48","userAgent":"Mozilla/5.0"}', '10.44.2.6', now());
INSERT INTO "AuditLog" (id, "userId", "campusId", action, entity, "entityId", details, ip, "createdAt") VALUES ('seed_sjx8aii84h', 'seed_vzg8aq9bfk', 'seed_easf1g4whj', 'certificate.issue', 'badge', 'seed_uwavrme1rx', '{"ip":"10.4.30.197","userAgent":"Mozilla/5.0"}', '10.125.1.89', now());
INSERT INTO "AuditLog" (id, "userId", "campusId", action, entity, "entityId", details, ip, "createdAt") VALUES ('seed_t5pcmrgcsc', 'seed_4gbqzh0aig', 'seed_9wh01n51lv', 'course.update', 'user', 'seed_eyk3uocqlw', '{"ip":"10.156.219.87","userAgent":"Mozilla/5.0"}', '10.223.12.81', now());
INSERT INTO "AuditLog" (id, "userId", "campusId", action, entity, "entityId", details, ip, "createdAt") VALUES ('seed_d05rtyy76m', 'seed_zurn0sc23t', 'seed_9z57ehhkaf', 'content.upload', 'enrollment', 'seed_lahq8na2pr', '{"ip":"10.140.64.122","userAgent":"Mozilla/5.0"}', '10.189.117.174', now());
INSERT INTO "AuditLog" (id, "userId", "campusId", action, entity, "entityId", details, ip, "createdAt") VALUES ('seed_tfx6akobua', 'seed_k70r1dgj3v', 'seed_cgl9mzv2oj', 'certificate.issue', 'badge', 'seed_xhcv8tniq1', '{"ip":"10.230.254.142","userAgent":"Mozilla/5.0"}', '10.59.3.139', now());
INSERT INTO "AuditLog" (id, "userId", "campusId", action, entity, "entityId", details, ip, "createdAt") VALUES ('seed_88mkz5069p', 'seed_a8dxxqzg2j', 'seed_nsto8ktrxu', 'enrollment.create', 'badge', 'seed_mnjxk5sraz', '{"ip":"10.63.117.162","userAgent":"Mozilla/5.0"}', '10.246.11.187', now());
INSERT INTO "AuditLog" (id, "userId", "campusId", action, entity, "entityId", details, ip, "createdAt") VALUES ('seed_7txq17vemo', 'seed_2byimvb9le', 'seed_d2wugb6gke', 'admin.update_role', 'enrollment', 'seed_thdxf17j3a', '{"ip":"10.217.202.254","userAgent":"Mozilla/5.0"}', '10.148.209.203', now());
INSERT INTO "AuditLog" (id, "userId", "campusId", action, entity, "entityId", details, ip, "createdAt") VALUES ('seed_8xvw5bevay', 'seed_judmi6i79u', 'seed_2u2ynx3qot', 'certificate.issue', 'certificate', 'seed_4ru1jvsyg7', '{"ip":"10.217.17.168","userAgent":"Mozilla/5.0"}', '10.10.70.71', now());
INSERT INTO "AuditLog" (id, "userId", "campusId", action, entity, "entityId", details, ip, "createdAt") VALUES ('seed_xxicfetg0v', 'seed_jercp3zylw', 'seed_wyl14s03uv', 'enrollment.create', 'badge', 'seed_xgdqp241h4', '{"ip":"10.59.106.33","userAgent":"Mozilla/5.0"}', '10.176.208.182', now());
INSERT INTO "AuditLog" (id, "userId", "campusId", action, entity, "entityId", details, ip, "createdAt") VALUES ('seed_acz11lbghr', 'seed_olgr6dd14l', 'seed_c4ijpe4nz6', 'course.publish', 'user', 'seed_ga9n1bkwi4', '{"ip":"10.50.144.132","userAgent":"Mozilla/5.0"}', '10.192.221.120', now());
INSERT INTO "AuditLog" (id, "userId", "campusId", action, entity, "entityId", details, ip, "createdAt") VALUES ('seed_w0um9yzguu', 'seed_s41xcdb4da', 'seed_6oiuvmxxh7', 'user.login', 'enrollment', 'seed_lv92jb5dmu', '{"ip":"10.215.108.192","userAgent":"Mozilla/5.0"}', '10.198.22.89', now());

COMMIT;

-- ===========================================================================
-- Done! All 22 tables created and seeded.
-- Demo login emails (any password works via SSO simulation):
--   super.admin@jtm.gov.my         (Super Admin JTM)
--   auditor.noraini@jtm.gov.my     (Auditor)
--   admin.adtec-sa@jtm.gov.my      (Admin Kampus)
--   pengajar.1@adtec-sa.jtm.gov.my  (Pengajar)
--   pelajar.1@adtec-sa.jtm.gov.my   (Pelajar)
--   pelajar.4@adtec-pg.jtm.gov.my   (Pelajar ADTEC PG)
-- ===========================================================================